caseyear,state,st_case,statename,ve_total,ve_forms,pvh_invl,peds,pernotmvit,permvit,persons,county,countyname,city,cityname,day,dayname,month,monthname,year,day_week,day_weekname,hour,hourname,minute,minutename,nhs,nhsname,rur_urb,rur_urbname,func_sys,func_sysname,rd_owner,rd_ownername,route,routename,tway_id,tway_id2,milept,mileptname,latitude,latitudename,longitud,longitudname,sp_jur,sp_jurname,harm_ev,harm_evname,man_coll,man_collname,reljct1,reljct1name,reljct2,reljct2name,typ_int,typ_intname,wrk_zone,wrk_zonename,road_fnc,road_fncname,rel_road,rel_roadname,lgt_cond,lgt_condname,weather1,weather1name,weather2,weather2name,weather,weathername,sch_bus,sch_busname,rail,railname,not_hour,not_hourname,not_min,not_minname,arr_hour,arr_hourname,arr_min,arr_minname,hosp_hr,hosp_hrname,hosp_mn,hosp_mnname,cf1,cf1name,cf2,cf2name,cf3,cf3name,fatals,drunk_dr
2018,51,510065,Virginia,2,2,0,0,0,2,2,630,FREDERICKSBURG (630),1020,FREDERICKSBURG,8,8,2,February,2018,5,Thursday,22,10:00pm-10:59pm,5,5,1,This section IS ON the NHS,2,Urban,1,Interstate,1,State Highway Agency,1,Interstate,I-95,,1318,1318,38.31201944,38.31201944,-77.503319440,-77.503319440,0,No Special Jurisdiction,35,Embankment,0,Not a Collision with Motor Vehicle In-Transport,0,No,1,Non-Junction,1,Not an Intersection,0,None,,,3,On Median,2,Dark - Not Lighted,98,Not Reported,0,No Additional Atmospheric Conditions,98,Not Reported,0,No,0000000,Not Applicable,99,Unknown,99,Unknown,99,Unknown EMS Scene Arrival Hour,99,Unknown EMS Scene Arrival Minutes,88,Not Applicable (Not Transported),88,Not Applicable (Not Transported),0,None,0,None,0,None,1,1
2018,51,510066,Virginia,3,3,0,0,0,3,3,195,WISE (195),0,NOT APPLICABLE,8,8,2,February,2018,5,Thursday,5,5:00am-5:59am,25,25,0,This section IS NOT on the NHS,1,Rural,3,Principal Arterial - Other,1,State Highway Agency,2,U.S. Highway,US-23,,483,483,37.00956944,37.00956944,-82.589647220,-82.589647220,0,No Special Jurisdiction,12,Motor Vehicle In-Transport,2,Front-to-Front,0,No,1,Non-Junction,1,Not an Intersection,0,None,,,1,On Roadway,2,Dark - Not Lighted,98,Not Reported,0,No Additional Atmospheric Conditions,98,Not Reported,0,No,0000000,Not Applicable,99,Unknown,99,Unknown,99,Unknown EMS Scene Arrival Hour,99,Unknown EMS Scene Arrival Minutes,99,Unknown,99,Unknown EMS Hospital Arrival Time,0,None,0,None,0,None,1,0
2018,51,510067,Virginia,1,1,0,0,0,1,1,175,SOUTHAMPTON (175),0,NOT APPLICABLE,11,11,2,February,2018,1,Sunday,18,6:00pm-6:59pm,39,39,0,This section IS NOT on the NHS,1,Rural,6,Minor Collector,1,State Highway Agency,4,County Road,CR-684,,55,55,36.60111111,36.60111111,-77.009202780,-77.009202780,0,No Special Jurisdiction,1,Rollover/Overturn,0,Not a Collision with Motor Vehicle In-Transport,0,No,1,Non-Junction,1,Not an Intersection,0,None,,,4,On Roadside,2,Dark - Not Lighted,98,Not Reported,0,No Additional Atmospheric Conditions,98,Not Reported,0,No,0000000,Not Applicable,99,Unknown,99,Unknown,99,Unknown EMS Scene Arrival Hour,99,Unknown EMS Scene Arrival Minutes,99,Unknown,99,Unknown EMS Hospital Arrival Time,0,None,0,None,0,None,1,1
2018,51,510068,Virginia,2,2,0,0,0,3,3,89,HENRY (89),0,NOT APPLICABLE,12,12,2,February,2018,2,Monday,17,5:00pm-5:59pm,31,31,0,This section IS NOT on the NHS,1,Rural,5,Major Collector,1,State Highway Agency,3,State Highway,SR-108 FIGSBORO RD,,36,36,36.77859167,36.77859167,-79.858725000,-79.858725000,0,No Special Jurisdiction,12,Motor Vehicle In-Transport,2,Front-to-Front,0,No,1,Non-Junction,1,Not an Intersection,0,None,,,1,On Roadway,5,Dusk,98,Not Reported,0,No Additional Atmospheric Conditions,98,Not Reported,0,No,0000000,Not Applicable,99,Unknown,99,Unknown,99,Unknown EMS Scene Arrival Hour,99,Unknown EMS Scene Arrival Minutes,99,Unknown,99,Unknown EMS Hospital Arrival Time,0,None,0,None,0,None,1,0
2018,51,510069,Virginia,1,1,0,0,0,1,1,23,BOTETOURT (23),0,NOT APPLICABLE,12,12,2,February,2018,2,Monday,13,1:00pm-1:59pm,23,23,1,This section IS ON the NHS,1,Rural,1,Interstate,1,State Highway Agency,1,Interstate,I-81,,1482,1482,37.36531111,37.36531111,-79.931588890,-79.931588890,0,No Special Jurisdiction,44,"Pavement Surface Irregularity (Ruts, Potholes, Grates, etc.)",0,Not a Collision with Motor Vehicle In-Transport,0,No,1,Non-Junction,1,Not an Intersection,0,None,,,4,On Roadside,1,Daylight,98,Not Reported,0,No Additional Atmospheric Conditions,98,Not Reported,0,No,0000000,Not Applicable,99,Unknown,99,Unknown,99,Unknown EMS Scene Arrival Hour,99,Unknown EMS Scene Arrival Minutes,99,Unknown,99,Unknown EMS Hospital Arrival Time,0,None,0,None,0,None,1,0
2018,51,510070,Virginia,2,2,0,0,0,3,3,41,CHESTERFIELD (41),0,NOT APPLICABLE,7,7,2,February,2018,4,Wednesday,15,3:00pm-3:59pm,1,1,0,This section IS NOT on the NHS,2,Urban,5,Major Collector,1,State Highway Agency,6,Local Street - Municipality,SPRING RUN RD,,40,40,37.38022778,37.38022778,-77.633030560,-77.633030560,0,No Special Jurisdiction,12,Motor Vehicle In-Transport,6,Angle,0,No,8,Driveway Access Related,1,Not an Intersection,0,None,,,1,On Roadway,1,Daylight,2,Rain,0,No Additional Atmospheric Conditions,2,Rain,0,No,0000000,Not Applicable,99,Unknown,99,Unknown,99,Unknown EMS Scene Arrival Hour,99,Unknown EMS Scene Arrival Minutes,99,Unknown,99,Unknown EMS Hospital Arrival Time,0,None,0,None,0,None,1,0
2018,51,510071,Virginia,1,1,0,0,0,1,1,163,ROCKBRIDGE (163),0,NOT APPLICABLE,13,13,1,January,2018,7,Saturday,23,11:00pm-11:59pm,26,26,0,This section IS NOT on the NHS,1,Rural,5,Major Collector,1,State Highway Agency,3,State Highway,SR-39 MAURY RIVER ROAD,,469,469,37.92118056,37.92118056,-79.436069440,-79.436069440,0,No Special Jurisdiction,42,Tree (Standing Only),0,Not a Collision with Motor Vehicle In-Transport,0,No,1,Non-Junction,1,Not an Intersection,0,None,,,4,On Roadside,2,Dark - Not Lighted,98,Not Reported,0,No Additional Atmospheric Conditions,98,Not Reported,0,No,0000000,Not Applicable,99,Unknown,99,Unknown,99,Unknown EMS Scene Arrival Hour,99,Unknown EMS Scene Arrival Minutes,88,Not Applicable (Not Transported),88,Not Applicable (Not Transported),0,None,0,None,0,None,1,1
2018,51,510072,Virginia,2,2,0,0,0,5,5,139,PAGE (139),0,NOT APPLICABLE,9,9,2,February,2018,6,Friday,18,6:00pm-6:59pm,2,2,0,This section IS NOT on the NHS,1,Rural,4,Minor Arterial,1,State Highway Agency,2,U.S. Highway,US-340,ROUTE 615,608,608,38.59561389,38.59561389,-78.590208330,-78.590208330,0,No Special Jurisdiction,12,Motor Vehicle In-Transport,6,Angle,0,No,2,Intersection,2,Four-Way Intersection,0,None,,,1,On Roadway,5,Dusk,98,Not Reported,0,No Additional Atmospheric Conditions,98,Not Reported,0,No,0000000,Not Applicable,99,Unknown,99,Unknown,99,Unknown EMS Scene Arrival Hour,99,Unknown EMS Scene Arrival Minutes,99,Unknown,99,Unknown EMS Hospital Arrival Time,0,None,0,None,0,None,1,0
2018,51,510073,Virginia,4,4,0,0,0,5,5,69,FREDERICK (69),0,NOT APPLICABLE,13,13,2,February,2018,3,Tuesday,17,5:00pm-5:59pm,25,25,0,This section IS NOT on the NHS,2,Urban,2,Principal Arterial - Other Freeways and Expressways,1,State Highway Agency,3,State Highway,SR-37,,63,63,39.20150000,39.20150000,-78.190880560,-78.190880560,0,No Special Jurisdiction,12,Motor Vehicle In-Transport,1,Front-to-Rear,0,No,1,Non-Junction,1,Not an Intersection,0,None,,,1,On Roadway,1,Daylight,98,Not Reported,0,No Additional Atmospheric Conditions,98,Not Reported,0,No,0000000,Not Applicable,99,Unknown,99,Unknown,99,Unknown EMS Scene Arrival Hour,99,Unknown EMS Scene Arrival Minutes,99,Unknown,99,Unknown EMS Hospital Arrival Time,19,Recent/Previous Crash scene Nearby,0,None,0,None,1,1
2018,51,510074,Virginia,2,2,0,0,0,3,3,107,LOUDOUN (107),0,NOT APPLICABLE,13,13,2,February,2018,3,Tuesday,21,9:00pm-9:59pm,42,42,0,This section IS NOT on the NHS,1,Rural,5,Major Collector,1,State Highway Agency,4,County Road,CR-690,,15,15,39.08971667,39.08971667,-77.750847220,-77.750847220,0,No Special Jurisdiction,12,Motor Vehicle In-Transport,7,Sideswipe - Same Direction,0,No,1,Non-Junction,1,Not an Intersection,0,None,,,1,On Roadway,2,Dark - Not Lighted,98,Not Reported,0,No Additional Atmospheric Conditions,98,Not Reported,0,No,0000000,Not Applicable,99,Unknown,99,Unknown,99,Unknown EMS Scene Arrival Hour,99,Unknown EMS Scene Arrival Minutes,88,Not Applicable (Not Transported),88,Not Applicable (Not Transported),0,None,0,None,0,None,1,1
2018,51,510075,Virginia,1,1,0,0,0,1,1,69,FREDERICK (69),0,NOT APPLICABLE,13,13,2,February,2018,3,Tuesday,21,9:00pm-9:59pm,30,30,0,This section IS NOT on the NHS,2,Urban,3,Principal Arterial - Other,1,State Highway Agency,2,U.S. Highway,US-522,,1440,1440,39.25663056,39.25663056,-78.217369440,-78.217369440,0,No Special Jurisdiction,58,Ground,0,Not a Collision with Motor Vehicle In-Transport,0,No,1,Non-Junction,1,Not an Intersection,0,None,,,3,On Median,2,Dark - Not Lighted,98,Not Reported,0,No Additional Atmospheric Conditions,98,Not Reported,0,No,0000000,Not Applicable,99,Unknown,99,Unknown,99,Unknown EMS Scene Arrival Hour,99,Unknown EMS Scene Arrival Minutes,88,Not Applicable (Not Transported),88,Not Applicable (Not Transported),0,None,0,None,0,None,1,1
2018,51,510076,Virginia,1,1,0,0,0,1,1,177,SPOTSYLVANIA (177),0,NOT APPLICABLE,16,16,2,February,2018,6,Friday,10,10:00am-10:59am,31,31,0,This section IS NOT on the NHS,1,Rural,5,Major Collector,1,State Highway Agency,4,County Road,CR-608,,125,125,38.20123056,38.20123056,-77.627050000,-77.627050000,0,No Special Jurisdiction,42,Tree (Standing Only),0,Not a Collision with Motor Vehicle In-Transport,0,No,1,Non-Junction,1,Not an Intersection,0,None,,,4,On Roadside,1,Daylight,2,Rain,0,No Additional Atmospheric Conditions,2,Rain,0,No,0000000,Not Applicable,99,Unknown,99,Unknown,99,Unknown EMS Scene Arrival Hour,99,Unknown EMS Scene Arrival Minutes,99,Unknown,99,Unknown EMS Hospital Arrival Time,0,None,0,None,0,None,1,0
2018,51,510077,Virginia,1,1,0,0,0,1,1,810,VIRGINIA BEACH (810),2540,VIRGINIA BEACH,13,13,2,February,2018,3,Tuesday,14,2:00pm-2:59pm,30,30,0,This section IS NOT on the NHS,1,Rural,5,Major Collector,4,City or Municipal Highway Agency,6,Local Street - Municipality,WEST NECK ROAD,,11,11,36.69640000,36.69640000,-76.043988890,-76.043988890,0,No Special Jurisdiction,42,Tree (Standing Only),0,Not a Collision with Motor Vehicle In-Transport,0,No,1,Non-Junction,1,Not an Intersection,0,None,,,4,On Roadside,1,Daylight,98,Not Reported,0,No Additional Atmospheric Conditions,98,Not Reported,0,No,0000000,Not Applicable,99,Unknown,99,Unknown,99,Unknown EMS Scene Arrival Hour,99,Unknown EMS Scene Arrival Minutes,88,Not Applicable (Not Transported),88,Not Applicable (Not Transported),0,None,0,None,0,None,1,0
2018,51,510078,Virginia,2,2,0,0,0,2,2,810,VIRGINIA BEACH (810),2540,VIRGINIA BEACH,15,15,2,February,2018,5,Thursday,10,10:00am-10:59am,48,48,0,This section IS NOT on the NHS,1,Rural,3,Principal Arterial - Other,4,City or Municipal Highway Agency,6,Local Street - Municipality,OCEANA BOULEVARD,LOUISA AVE,32,32,36.83587500,36.83587500,-76.012680560,-76.012680560,0,No Special Jurisdiction,12,Motor Vehicle In-Transport,6,Angle,0,No,2,Intersection,3,T-Intersection,0,None,,,1,On Roadway,1,Daylight,98,Not Reported,0,No Additional Atmospheric Conditions,98,Not Reported,0,No,0000000,Not Applicable,99,Unknown,99,Unknown,99,Unknown EMS Scene Arrival Hour,99,Unknown EMS Scene Arrival Minutes,88,Not Applicable (Not Transported),88,Not Applicable (Not Transported),0,None,0,None,0,None,1,0
2018,51,510079,Virginia,2,2,0,0,0,5,5,760,RICHMOND (760),2060,RICHMOND,17,17,2,February,2018,7,Saturday,18,6:00pm-6:59pm,57,57,0,This section IS NOT on the NHS,2,Urban,5,Major Collector,4,City or Municipal Highway Agency,6,Local Street - Municipality,MAURY ST,PERDUE AVE,6,6,37.51038611,37.51038611,-77.452202780,-77.452202780,0,No Special Jurisdiction,12,Motor Vehicle In-Transport,6,Angle,0,No,2,Intersection,3,T-Intersection,0,None,,,1,On Roadway,3,Dark - Lighted,2,Rain,0,No Additional Atmospheric Conditions,2,Rain,0,No,0000000,Not Applicable,99,Unknown,99,Unknown,99,Unknown EMS Scene Arrival Hour,99,Unknown EMS Scene Arrival Minutes,99,Unknown,99,Unknown EMS Hospital Arrival Time,0,None,0,None,0,None,1,1
2018,51,510080,Virginia,1,1,0,1,1,2,2,89,HENRY (89),0,NOT APPLICABLE,17,17,2,February,2018,7,Saturday,19,7:00pm-7:59pm,22,22,1,This section IS ON the NHS,1,Rural,3,Principal Arterial - Other,1,State Highway Agency,2,U.S. Highway,US-220,,5,5,36.73165000,36.73165000,-79.920911110,-79.920911110,0,No Special Jurisdiction,8,Pedestrian,0,Not a Collision with Motor Vehicle In-Transport,0,No,1,Non-Junction,1,Not an Intersection,0,None,,,1,On Roadway,2,Dark - Not Lighted,2,Rain,0,No Additional Atmospheric Conditions,2,Rain,0,No,0000000,Not Applicable,99,Unknown,99,Unknown,99,Unknown EMS Scene Arrival Hour,99,Unknown EMS Scene Arrival Minutes,99,Unknown,99,Unknown EMS Hospital Arrival Time,0,None,0,None,0,None,1,0
2018,51,510081,Virginia,1,1,0,0,0,1,1,83,HALIFAX (83),0,NOT APPLICABLE,18,18,2,February,2018,1,Sunday,13,1:00pm-1:59pm,15,15,0,This section IS NOT on the NHS,1,Rural,7,Local,2,County Highway Agency,3,State Highway,SR-40 STAGE COACH RD,,897,897,36.74110000,36.74110000,-78.922955560,-78.922955560,0,No Special Jurisdiction,42,Tree (Standing Only),0,Not a Collision with Motor Vehicle In-Transport,0,No,1,Non-Junction,1,Not an Intersection,0,None,,,4,On Roadside,1,Daylight,98,Not Reported,0,No Additional Atmospheric Conditions,98,Not Reported,0,No,0000000,Not Applicable,99,Unknown,99,Unknown,99,Unknown EMS Scene Arrival Hour,99,Unknown EMS Scene Arrival Minutes,88,Not Applicable (Not Transported),88,Not Applicable (Not Transported),0,None,0,None,0,None,1,0
2018,51,510082,Virginia,3,1,2,0,0,1,1,3,ALBEMARLE (3),0,NOT APPLICABLE,15,15,2,February,2018,5,Thursday,16,4:00pm-4:59pm,4,4,0,This section IS NOT on the NHS,2,Urban,4,Minor Arterial,1,State Highway Agency,4,County Road,CR-631,,144,144,38.08300000,38.08300000,-78.474569440,-78.474569440,0,No Special Jurisdiction,33,Curb,0,Not a Collision with Motor Vehicle In-Transport,0,No,1,Non-Junction,1,Not an Intersection,0,None,,,4,On Roadside,1,Daylight,98,Not Reported,0,No Additional Atmospheric Conditions,98,Not Reported,0,No,0000000,Not Applicable,99,Unknown,99,Unknown,99,Unknown EMS Scene Arrival Hour,99,Unknown EMS Scene Arrival Minutes,88,Not Applicable (Not Transported),88,Not Applicable (Not Transported),0,None,0,None,0,None,1,0
2018,51,510083,Virginia,1,1,0,1,1,1,1,173,SMYTH (173),0,NOT APPLICABLE,16,16,1,January,2018,3,Tuesday,5,5:00am-5:59am,57,57,0,This section IS NOT on the NHS,1,Rural,4,Minor Arterial,4,City or Municipal Highway Agency,2,U.S. Highway,US-11,E MAIN ST,446,446,36.83412222,36.83412222,-81.517119440,-81.517119440,0,No Special Jurisdiction,8,Pedestrian,0,Not a Collision with Motor Vehicle In-Transport,0,No,3,Intersection-Related,3,T-Intersection,0,None,,,1,On Roadway,3,Dark - Lighted,98,Not Reported,0,No Additional Atmospheric Conditions,98,Not Reported,0,No,0000000,Not Applicable,99,Unknown,99,Unknown,99,Unknown EMS Scene Arrival Hour,99,Unknown EMS Scene Arrival Minutes,88,Not Applicable (Not Transported),88,Not Applicable (Not Transported),0,None,0,None,0,None,1,0
2018,51,510084,Virginia,1,1,0,0,0,1,1,155,PULASKI (155),0,NOT APPLICABLE,13,13,2,February,2018,3,Tuesday,18,6:00pm-6:59pm,17,17,0,This section IS NOT on the NHS,1,Rural,4,Minor Arterial,1,State Highway Agency,3,State Highway,SR-100 CLEBURNE BLVD,,269,269,37.07760000,37.07760000,-80.692288890,-80.692288890,0,No Special Jurisdiction,32,Culvert,0,Not a Collision with Motor Vehicle In-Transport,0,No,1,Non-Junction,1,Not an Intersection,0,None,,,3,On Median,5,Dusk,98,Not Reported,0,No Additional Atmospheric Conditions,98,Not Reported,0,No,0000000,Not Applicable,99,Unknown,99,Unknown,99,Unknown EMS Scene Arrival Hour,99,Unknown EMS Scene Arrival Minutes,99,Unknown,99,Unknown EMS Hospital Arrival Time,0,None,0,None,0,None,1,0
2018,51,510085,Virginia,1,1,0,1,1,1,1,81,GREENSVILLE (81),0,NOT APPLICABLE,10,10,2,February,2018,7,Saturday,8,8:00am-8:59am,7,7,0,This section IS NOT on the NHS,1,Rural,4,Minor Arterial,1,State Highway Agency,2,U.S. Highway,US-301,,90,90,36.67172778,36.67172778,-77.551430560,-77.551430560,0,No Special Jurisdiction,8,Pedestrian,0,Not a Collision with Motor Vehicle In-Transport,0,No,1,Non-Junction,1,Not an Intersection,0,None,,,1,On Roadway,2,Dark - Not Lighted,98,Not Reported,0,No Additional Atmospheric Conditions,98,Not Reported,0,No,0000000,Not Applicable,99,Unknown,99,Unknown,99,Unknown EMS Scene Arrival Hour,99,Unknown EMS Scene Arrival Minutes,88,Not Applicable (Not Transported),88,Not Applicable (Not Transported),0,None,0,None,0,None,1,0
2018,51,510086,Virginia,1,1,0,0,0,1,1,59,FAIRFAX (59),0,NOT APPLICABLE,27,27,1,January,2018,7,Saturday,2,2:00am-2:59am,29,29,0,This section IS NOT on the NHS,2,Urban,4,Minor Arterial,1,State Highway Agency,4,County Road,CR-790,,9,9,38.72871667,38.72871667,-77.200758330,-77.200758330,0,No Special Jurisdiction,35,Embankment,0,Not a Collision with Motor Vehicle In-Transport,0,No,1,Non-Junction,1,Not an Intersection,0,None,,,4,On Roadside,2,Dark - Not Lighted,98,Not Reported,0,No Additional Atmospheric Conditions,98,Not Reported,0,No,0000000,Not Applicable,99,Unknown,99,Unknown,99,Unknown EMS Scene Arrival Hour,99,Unknown EMS Scene Arrival Minutes,88,Not Applicable (Not Transported),88,Not Applicable (Not Transported),0,None,0,None,0,None,1,1
2018,51,510087,Virginia,2,2,0,0,0,2,2,175,SOUTHAMPTON (175),0,NOT APPLICABLE,23,23,2,February,2018,6,Friday,5,5:00am-5:59am,44,44,0,This section IS NOT on the NHS,1,Rural,4,Minor Arterial,1,State Highway Agency,2,U.S. Highway,US-58,DELAWARE RD,18,18,36.68691111,36.68691111,-76.974700000,-76.974700000,0,No Special Jurisdiction,12,Motor Vehicle In-Transport,6,Angle,0,No,2,Intersection,2,Four-Way Intersection,0,None,,,1,On Roadway,4,Dawn,2,Rain,0,No Additional Atmospheric Conditions,2,Rain,0,No,0000000,Not Applicable,99,Unknown,99,Unknown,99,Unknown EMS Scene Arrival Hour,99,Unknown EMS Scene Arrival Minutes,99,Unknown,99,Unknown EMS Hospital Arrival Time,0,None,0,None,0,None,1,0
2018,51,510088,Virginia,2,2,0,0,0,5,5,137,ORANGE (137),0,NOT APPLICABLE,5,5,2,February,2018,2,Monday,12,12:00pm-12:59pm,0,0,0,This section IS NOT on the NHS,1,Rural,4,Minor Arterial,1,State Highway Agency,3,State Highway,SR-20 CONSTITUTION HWY,LASHORE RD,703,703,38.24247500,38.24247500,-78.059522220,-78.059522220,0,No Special Jurisdiction,12,Motor Vehicle In-Transport,6,Angle,0,No,2,Intersection,3,T-Intersection,0,None,,,1,On Roadway,1,Daylight,98,Not Reported,0,No Additional Atmospheric Conditions,98,Not Reported,0,No,0000000,Not Applicable,99,Unknown,99,Unknown,99,Unknown EMS Scene Arrival Hour,99,Unknown EMS Scene Arrival Minutes,99,Unknown,99,Unknown EMS Hospital Arrival Time,0,None,0,None,0,None,1,0
2018,51,510089,Virginia,2,2,0,0,0,2,2,145,POWHATAN (145),0,NOT APPLICABLE,15,15,2,February,2018,5,Thursday,16,4:00pm-4:59pm,42,42,0,This section IS NOT on the NHS,1,Rural,4,Minor Arterial,1,State Highway Agency,4,County Road,CR-711,,10,10,37.61263611,37.61263611,-77.885569440,-77.885569440,0,No Special Jurisdiction,12,Motor Vehicle In-Transport,2,Front-to-Front,0,No,1,Non-Junction,1,Not an Intersection,0,None,,,1,On Roadway,1,Daylight,98,Not Reported,0,No Additional Atmospheric Conditions,98,Not Reported,0,No,0000000,Not Applicable,99,Unknown,99,Unknown,99,Unknown EMS Scene Arrival Hour,99,Unknown EMS Scene Arrival Minutes,99,Unknown,99,Unknown EMS Hospital Arrival Time,0,None,0,None,0,None,1,1
2018,51,510090,Virginia,2,1,1,1,1,4,4,760,RICHMOND (760),2060,RICHMOND,24,24,2,February,2018,7,Saturday,22,10:00pm-10:59pm,16,16,0,This section IS NOT on the NHS,2,Urban,4,Minor Arterial,4,City or Municipal Highway Agency,3,State Highway,SR-147,SOUTH ROWLAND STREET,13,13,37.54966111,37.54966111,-77.467088890,-77.467088890,0,No Special Jurisdiction,9,Pedalcyclist,0,Not a Collision with Motor Vehicle In-Transport,0,No,2,Intersection,3,T-Intersection,0,None,,,1,On Roadway,3,Dark - Lighted,5,"Fog, Smog, Smoke",0,No Additional Atmospheric Conditions,5,"Fog, Smog, Smoke",0,No,0000000,Not Applicable,99,Unknown,99,Unknown,99,Unknown EMS Scene Arrival Hour,99,Unknown EMS Scene Arrival Minutes,99,Unknown,99,Unknown EMS Hospital Arrival Time,0,None,0,None,0,None,1,1
2018,51,510091,Virginia,2,2,0,0,0,2,2,760,RICHMOND (760),2060,RICHMOND,25,25,2,February,2018,1,Sunday,15,3:00pm-3:59pm,34,34,0,This section IS NOT on the NHS,2,Urban,5,Major Collector,4,City or Municipal Highway Agency,6,Local Street - Municipality,MAURY STREET,,8,8,37.51213889,37.51213889,-77.449319440,-77.449319440,0,No Special Jurisdiction,12,Motor Vehicle In-Transport,7,Sideswipe - Same Direction,0,No,1,Non-Junction,1,Not an Intersection,0,None,,,1,On Roadway,1,Daylight,98,Not Reported,0,No Additional Atmospheric Conditions,98,Not Reported,0,No,0000000,Not Applicable,99,Unknown,99,Unknown,99,Unknown EMS Scene Arrival Hour,99,Unknown EMS Scene Arrival Minutes,99,Unknown,99,Unknown EMS Hospital Arrival Time,0,None,0,None,0,None,1,0
2018,51,510092,Virginia,1,1,0,0,0,1,1,740,PORTSMOUTH (740),1970,PORTSMOUTH,24,24,2,February,2018,7,Saturday,17,5:00pm-5:59pm,14,14,0,This section IS NOT on the NHS,2,Urban,7,Local,4,City or Municipal Highway Agency,6,Local Street - Municipality,HANCOCK AVENUE,TAZEWELL STREET,2,2,36.80076111,36.80076111,-76.358030560,-76.358030560,0,No Special Jurisdiction,30,Utility Pole/Light Support,0,Not a Collision with Motor Vehicle In-Transport,0,No,3,Intersection-Related,2,Four-Way Intersection,0,None,,,4,On Roadside,1,Daylight,98,Not Reported,0,No Additional Atmospheric Conditions,98,Not Reported,0,No,0000000,Not Applicable,99,Unknown,99,Unknown,99,Unknown EMS Scene Arrival Hour,99,Unknown EMS Scene Arrival Minutes,88,Not Applicable (Not Transported),88,Not Applicable (Not Transported),0,None,0,None,0,None,1,0
2018,51,510093,Virginia,2,2,0,0,0,2,2,143,PITTSYLVANIA (143),0,NOT APPLICABLE,26,26,2,February,2018,2,Monday,19,7:00pm-7:59pm,40,40,0,This section IS NOT on the NHS,1,Rural,3,Principal Arterial - Other,1,State Highway Agency,2,U.S. Highway,US-29,CHATHAM MIDDLE CIRCLE,207,207,36.76228056,36.76228056,-79.389550000,-79.389550000,0,No Special Jurisdiction,12,Motor Vehicle In-Transport,6,Angle,0,No,2,Intersection,3,T-Intersection,0,None,,,1,On Roadway,2,Dark - Not Lighted,98,Not Reported,0,No Additional Atmospheric Conditions,98,Not Reported,0,No,0000000,Not Applicable,99,Unknown,99,Unknown,99,Unknown EMS Scene Arrival Hour,99,Unknown EMS Scene Arrival Minutes,99,Unknown,99,Unknown EMS Hospital Arrival Time,0,None,0,None,0,None,1,0
2018,51,510094,Virginia,1,1,0,0,0,3,3,153,PRINCE WILLIAM (153),0,NOT APPLICABLE,12,12,2,February,2018,2,Monday,2,2:00am-2:59am,52,52,1,This section IS ON the NHS,2,Urban,3,Principal Arterial - Other,1,State Highway Agency,2,U.S. Highway,US-15,,1939,1939,38.79718889,38.79718889,-77.663861110,-77.663861110,0,No Special Jurisdiction,34,Ditch,0,Not a Collision with Motor Vehicle In-Transport,0,No,1,Non-Junction,1,Not an Intersection,0,None,,,4,On Roadside,2,Dark - Not Lighted,2,Rain,0,No Additional Atmospheric Conditions,2,Rain,0,No,0000000,Not Applicable,99,Unknown,99,Unknown,99,Unknown EMS Scene Arrival Hour,99,Unknown EMS Scene Arrival Minutes,99,Unknown,99,Unknown EMS Hospital Arrival Time,0,None,0,None,0,None,1,1
2018,51,510095,Virginia,2,2,0,0,0,2,2,121,MONTGOMERY (121),0,NOT APPLICABLE,26,26,2,February,2018,2,Monday,8,8:00am-8:59am,27,27,0,This section IS NOT on the NHS,1,Rural,4,Minor Arterial,1,State Highway Agency,3,State Highway,SR-8 RINER RD,,464,464,37.02722778,37.02722778,-80.425211110,-80.425211110,0,No Special Jurisdiction,12,Motor Vehicle In-Transport,6,Angle,0,No,1,Non-Junction,1,Not an Intersection,0,None,,,1,On Roadway,1,Daylight,2,Rain,0,No Additional Atmospheric Conditions,2,Rain,0,No,0000000,Not Applicable,99,Unknown,99,Unknown,99,Unknown EMS Scene Arrival Hour,99,Unknown EMS Scene Arrival Minutes,88,Not Applicable (Not Transported),88,Not Applicable (Not Transported),0,None,0,None,0,None,1,0
2018,51,510096,Virginia,1,1,0,0,0,3,3,61,FAUQUIER (61),0,NOT APPLICABLE,26,26,2,February,2018,2,Monday,5,5:00am-5:59am,6,6,0,This section IS NOT on the NHS,1,Rural,7,Local,1,State Highway Agency,4,County Road,CR-615,,52,52,38.45090833,38.45090833,-77.649647220,-77.649647220,0,No Special Jurisdiction,42,Tree (Standing Only),0,Not a Collision with Motor Vehicle In-Transport,0,No,1,Non-Junction,1,Not an Intersection,0,None,,,4,On Roadside,2,Dark - Not Lighted,98,Not Reported,0,No Additional Atmospheric Conditions,98,Not Reported,0,No,0000000,Not Applicable,99,Unknown,99,Unknown,99,Unknown EMS Scene Arrival Hour,99,Unknown EMS Scene Arrival Minutes,88,Not Applicable (Not Transported),88,Not Applicable (Not Transported),0,None,0,None,0,None,1,1