caseyear,state,st_case,statename,ve_total,ve_forms,pvh_invl,peds,pernotmvit,permvit,persons,county,countyname,city,cityname,day,dayname,month,monthname,year,day_week,day_weekname,hour,hourname,minute,minutename,nhs,nhsname,rur_urb,rur_urbname,func_sys,func_sysname,rd_owner,rd_ownername,route,routename,tway_id,tway_id2,milept,mileptname,latitude,latitudename,longitud,longitudname,sp_jur,sp_jurname,harm_ev,harm_evname,man_coll,man_collname,reljct1,reljct1name,reljct2,reljct2name,typ_int,typ_intname,wrk_zone,wrk_zonename,road_fnc,road_fncname,rel_road,rel_roadname,lgt_cond,lgt_condname,weather1,weather1name,weather2,weather2name,weather,weathername,sch_bus,sch_busname,rail,railname,not_hour,not_hourname,not_min,not_minname,arr_hour,arr_hourname,arr_min,arr_minname,hosp_hr,hosp_hrname,hosp_mn,hosp_mnname,cf1,cf1name,cf2,cf2name,cf3,cf3name,fatals,drunk_dr
2018,51,510520,Virginia,4,4,0,0,0,4,4,59,FAIRFAX (59),0,NOT APPLICABLE,18,18,9,September,2018,3,Tuesday,4,4:00am-4:59am,20,20,1,This section IS ON the NHS,2,Urban,1,Interstate,1,State Highway Agency,1,Interstate,I-66,,606,606,38.87125000,38.87125000,-77.295569440,-77.295569440,0,No Special Jurisdiction,20,Impact Attenuator/Crash Cushion,0,Not a Collision with Motor Vehicle In-Transport,0,No,1,Non-Junction,1,Not an Intersection,0,None,,,3,On Median,3,Dark - Lighted,2,Rain,0,No Additional Atmospheric Conditions,2,Rain,0,No,0000000,Not Applicable,99,Unknown,99,Unknown,99,Unknown EMS Scene Arrival Hour,99,Unknown EMS Scene Arrival Minutes,99,Unknown,99,Unknown EMS Hospital Arrival Time,14,"Motor Vehicle struck by falling cargo,or something that came loose from or something that was set in motion by a vehicle",0,None,0,None,1,0
2018,51,510521,Virginia,1,1,0,1,1,4,4,85,HANOVER (85),0,NOT APPLICABLE,22,22,9,September,2018,7,Saturday,21,9:00pm-9:59pm,27,27,1,This section IS ON the NHS,2,Urban,3,Principal Arterial - Other,1,State Highway Agency,2,U.S. Highway,US-360,,1481,1481,37.60978056,37.60978056,-77.354511110,-77.354511110,0,No Special Jurisdiction,8,Pedestrian,0,Not a Collision with Motor Vehicle In-Transport,0,No,1,Non-Junction,1,Not an Intersection,0,None,,,1,On Roadway,2,Dark - Not Lighted,98,Not Reported,0,No Additional Atmospheric Conditions,98,Not Reported,0,No,0000000,Not Applicable,99,Unknown,99,Unknown,99,Unknown EMS Scene Arrival Hour,99,Unknown EMS Scene Arrival Minutes,99,Unknown,99,Unknown EMS Hospital Arrival Time,0,None,0,None,0,None,1,1
2018,51,510522,Virginia,2,2,0,1,1,2,2,153,PRINCE WILLIAM (153),0,NOT APPLICABLE,18,18,9,September,2018,3,Tuesday,19,7:00pm-7:59pm,30,30,1,This section IS ON the NHS,2,Urban,3,Principal Arterial - Other,1,State Highway Agency,2,U.S. Highway,US-1,,1676,1676,38.55821111,38.55821111,-77.331800000,-77.331800000,0,No Special Jurisdiction,8,Pedestrian,0,Not a Collision with Motor Vehicle In-Transport,0,No,1,Non-Junction,1,Not an Intersection,0,None,,,1,On Roadway,5,Dusk,98,Not Reported,0,No Additional Atmospheric Conditions,98,Not Reported,0,No,0000000,Not Applicable,99,Unknown,99,Unknown,99,Unknown EMS Scene Arrival Hour,99,Unknown EMS Scene Arrival Minutes,99,Unknown,99,Unknown EMS Hospital Arrival Time,0,None,0,None,0,None,1,0
2018,51,510523,Virginia,2,2,0,0,0,2,2,147,PRINCE EDWARD (147),0,NOT APPLICABLE,17,17,9,September,2018,2,Monday,15,3:00pm-3:59pm,6,6,0,This section IS NOT on the NHS,1,Rural,4,Minor Arterial,1,State Highway Agency,2,U.S. Highway,US-15,,522,522,37.18511111,37.18511111,-78.429980560,-78.429980560,0,No Special Jurisdiction,12,Motor Vehicle In-Transport,2,Front-to-Front,0,No,1,Non-Junction,1,Not an Intersection,0,None,,,1,On Roadway,1,Daylight,2,Rain,0,No Additional Atmospheric Conditions,2,Rain,0,No,0000000,Not Applicable,99,Unknown,99,Unknown,99,Unknown EMS Scene Arrival Hour,99,Unknown EMS Scene Arrival Minutes,99,Unknown,99,Unknown EMS Hospital Arrival Time,5,Surface Under Water,0,None,0,None,1,0
2018,51,510524,Virginia,1,1,0,0,0,1,1,35,CARROLL (35),0,NOT APPLICABLE,25,25,9,September,2018,3,Tuesday,16,4:00pm-4:59pm,45,45,0,This section IS NOT on the NHS,1,Rural,4,Minor Arterial,1,State Highway Agency,2,U.S. Highway,US-52,RT 5-RAMP,151,151,36.74606111,36.74606111,-80.726488890,-80.726488890,0,No Special Jurisdiction,1,Rollover/Overturn,0,Not a Collision with Motor Vehicle In-Transport,0,No,2,Intersection,3,T-Intersection,0,None,,,1,On Roadway,1,Daylight,98,Not Reported,0,No Additional Atmospheric Conditions,98,Not Reported,0,No,0000000,Not Applicable,99,Unknown,99,Unknown,99,Unknown EMS Scene Arrival Hour,99,Unknown EMS Scene Arrival Minutes,99,Unknown,99,Unknown EMS Hospital Arrival Time,0,None,0,None,0,None,1,0
2018,51,510525,Virginia,1,1,0,0,0,1,1,760,RICHMOND (760),2060,RICHMOND,19,19,7,July,2018,5,Thursday,23,11:00pm-11:59pm,30,30,0,This section IS NOT on the NHS,2,Urban,3,Principal Arterial - Other,4,City or Municipal Highway Agency,2,U.S. Highway,US-360,,1400,1400,37.52735000,37.52735000,-77.434719440,-77.434719440,0,No Special Jurisdiction,30,Utility Pole/Light Support,0,Not a Collision with Motor Vehicle In-Transport,0,No,1,Non-Junction,1,Not an Intersection,0,None,,,4,On Roadside,3,Dark - Lighted,98,Not Reported,0,No Additional Atmospheric Conditions,98,Not Reported,0,No,0000000,Not Applicable,99,Unknown,99,Unknown,99,Unknown EMS Scene Arrival Hour,99,Unknown EMS Scene Arrival Minutes,99,Unknown,99,Unknown EMS Hospital Arrival Time,0,None,0,None,0,None,1,1
2018,51,510526,Virginia,2,2,0,0,0,2,2,131,NORTHAMPTON (131),0,NOT APPLICABLE,3,3,7,July,2018,3,Tuesday,21,9:00pm-9:59pm,0,0,0,This section IS NOT on the NHS,1,Rural,3,Principal Arterial - Other,1,State Highway Agency,2,U.S. Highway,US-13,,967,967,37.43241944,37.43241944,-75.886600000,-75.886600000,0,No Special Jurisdiction,11,Live Animal,0,Not a Collision with Motor Vehicle In-Transport,0,No,1,Non-Junction,1,Not an Intersection,0,None,,,1,On Roadway,2,Dark - Not Lighted,98,Not Reported,0,No Additional Atmospheric Conditions,98,Not Reported,0,No,0000000,Not Applicable,99,Unknown,99,Unknown,99,Unknown EMS Scene Arrival Hour,99,Unknown EMS Scene Arrival Minutes,99,Unknown,99,Unknown EMS Hospital Arrival Time,0,None,0,None,0,None,1,1
2018,51,510527,Virginia,1,1,0,0,0,1,1,135,NOTTOWAY (135),0,NOT APPLICABLE,22,22,9,September,2018,7,Saturday,22,10:00pm-10:59pm,54,54,0,This section IS NOT on the NHS,1,Rural,3,Principal Arterial - Other,1,State Highway Agency,2,U.S. Highway,US-460,,880,880,37.18836111,37.18836111,-78.189180560,-78.189180560,0,No Special Jurisdiction,5,Fell/Jumped from Vehicle,0,Not a Collision with Motor Vehicle In-Transport,0,No,1,Non-Junction,1,Not an Intersection,0,None,,,4,On Roadside,2,Dark - Not Lighted,98,Not Reported,0,No Additional Atmospheric Conditions,98,Not Reported,0,No,0000000,Not Applicable,99,Unknown,99,Unknown,99,Unknown EMS Scene Arrival Hour,99,Unknown EMS Scene Arrival Minutes,88,Not Applicable (Not Transported),88,Not Applicable (Not Transported),0,None,0,None,0,None,1,0
2018,51,510528,Virginia,2,2,0,0,0,2,2,59,FAIRFAX (59),0,NOT APPLICABLE,17,17,9,September,2018,2,Monday,14,2:00pm-2:59pm,29,29,0,This section IS NOT on the NHS,2,Urban,4,Minor Arterial,1,State Highway Agency,4,County Road,CR-638,,36,36,38.76073889,38.76073889,-77.219061110,-77.219061110,0,No Special Jurisdiction,12,Motor Vehicle In-Transport,6,Angle,0,No,1,Non-Junction,1,Not an Intersection,0,None,,,1,On Roadway,1,Daylight,2,Rain,0,No Additional Atmospheric Conditions,2,Rain,0,No,0000000,Not Applicable,99,Unknown,99,Unknown,99,Unknown EMS Scene Arrival Hour,99,Unknown EMS Scene Arrival Minutes,99,Unknown,99,Unknown EMS Hospital Arrival Time,0,None,0,None,0,None,1,0
2018,51,510529,Virginia,1,1,0,0,0,1,1,87,HENRICO (87),0,NOT APPLICABLE,9,9,9,September,2018,1,Sunday,1,1:00am-1:59am,16,16,0,This section IS NOT on the NHS,1,Rural,5,Major Collector,2,County Highway Agency,4,County Road,CR-7565,,18,18,37.42458056,37.42458056,-77.390550000,-77.390550000,0,No Special Jurisdiction,53,Mail Box,0,Not a Collision with Motor Vehicle In-Transport,0,No,1,Non-Junction,1,Not an Intersection,0,None,,,4,On Roadside,2,Dark - Not Lighted,98,Not Reported,0,No Additional Atmospheric Conditions,98,Not Reported,0,No,0000000,Not Applicable,99,Unknown,99,Unknown,99,Unknown EMS Scene Arrival Hour,99,Unknown EMS Scene Arrival Minutes,99,Unknown,99,Unknown EMS Hospital Arrival Time,0,None,0,None,0,None,1,0
2018,51,510530,Virginia,2,2,0,0,0,2,2,117,MECKLENBURG (117),0,NOT APPLICABLE,19,19,9,September,2018,4,Wednesday,9,9:00am-9:59am,50,50,0,This section IS NOT on the NHS,1,Rural,4,Minor Arterial,1,State Highway Agency,3,State Highway,SR-47 SCOTTS CROSSROAD,RT-633,183,183,36.81591111,36.81591111,-78.404969440,-78.404969440,0,No Special Jurisdiction,12,Motor Vehicle In-Transport,2,Front-to-Front,0,No,2,Intersection,2,Four-Way Intersection,0,None,,,1,On Roadway,1,Daylight,98,Not Reported,0,No Additional Atmospheric Conditions,98,Not Reported,0,No,0000000,Not Applicable,99,Unknown,99,Unknown,99,Unknown EMS Scene Arrival Hour,99,Unknown EMS Scene Arrival Minutes,99,Unknown,99,Unknown EMS Hospital Arrival Time,0,None,0,None,0,None,1,0
2018,51,510531,Virginia,2,2,0,0,0,3,3,61,FAUQUIER (61),0,NOT APPLICABLE,20,20,9,September,2018,5,Thursday,2,2:00am-2:59am,44,44,0,This section IS NOT on the NHS,2,Urban,3,Principal Arterial - Other,1,State Highway Agency,2,U.S. Highway,US-29,,2105,2105,38.75483889,38.75483889,-77.743369440,-77.743369440,0,No Special Jurisdiction,12,Motor Vehicle In-Transport,7,Sideswipe - Same Direction,0,No,1,Non-Junction,1,Not an Intersection,0,None,,,1,On Roadway,2,Dark - Not Lighted,98,Not Reported,0,No Additional Atmospheric Conditions,98,Not Reported,0,No,0000000,Not Applicable,99,Unknown,99,Unknown,99,Unknown EMS Scene Arrival Hour,99,Unknown EMS Scene Arrival Minutes,99,Unknown,99,Unknown EMS Hospital Arrival Time,0,None,0,None,0,None,1,1
2018,51,510532,Virginia,2,2,0,0,0,2,2,117,MECKLENBURG (117),0,NOT APPLICABLE,24,24,9,September,2018,2,Monday,7,7:00am-7:59am,47,47,0,This section IS NOT on the NHS,1,Rural,3,Principal Arterial - Other,1,State Highway Agency,2,U.S. Highway,US-58,VALENTINES LANE,3772,3772,36.70500000,36.70500000,-78.103019440,-78.103019440,0,No Special Jurisdiction,12,Motor Vehicle In-Transport,6,Angle,0,No,3,Intersection-Related,2,Four-Way Intersection,0,None,,,1,On Roadway,1,Daylight,98,Not Reported,0,No Additional Atmospheric Conditions,98,Not Reported,0,No,0000000,Not Applicable,99,Unknown,99,Unknown,99,Unknown EMS Scene Arrival Hour,99,Unknown EMS Scene Arrival Minutes,99,Unknown,99,Unknown EMS Hospital Arrival Time,0,None,0,None,0,None,1,0
2018,51,510533,Virginia,1,1,0,1,1,2,2,710,NORFOLK (710),1760,NORFOLK,21,21,9,September,2018,6,Friday,16,4:00pm-4:59pm,50,50,0,This section IS NOT on the NHS,2,Urban,3,Principal Arterial - Other,4,City or Municipal Highway Agency,3,State Highway,SR-166 EASE PRINCESS ANNE RD,MAJESTIC AVE,91,91,36.85523889,36.85523889,-76.257500000,-76.257500000,0,No Special Jurisdiction,8,Pedestrian,0,Not a Collision with Motor Vehicle In-Transport,0,No,3,Intersection-Related,2,Four-Way Intersection,0,None,,,1,On Roadway,1,Daylight,98,Not Reported,0,No Additional Atmospheric Conditions,98,Not Reported,0,No,0000000,Not Applicable,99,Unknown,99,Unknown,99,Unknown EMS Scene Arrival Hour,99,Unknown EMS Scene Arrival Minutes,99,Unknown,99,Unknown EMS Hospital Arrival Time,0,None,0,None,0,None,1,0
2018,51,510534,Virginia,1,1,0,0,0,1,1,191,WASHINGTON (191),0,NOT APPLICABLE,26,26,9,September,2018,4,Wednesday,7,7:00am-7:59am,30,30,1,This section IS ON the NHS,1,Rural,3,Principal Arterial - Other,1,State Highway Agency,2,U.S. Highway,US-58,,1235,1235,36.64195000,36.64195000,-81.808000000,-81.808000000,0,No Special Jurisdiction,42,Tree (Standing Only),0,Not a Collision with Motor Vehicle In-Transport,0,No,1,Non-Junction,1,Not an Intersection,0,None,,,4,On Roadside,1,Daylight,98,Not Reported,0,No Additional Atmospheric Conditions,98,Not Reported,0,No,0000000,Not Applicable,99,Unknown,99,Unknown,99,Unknown EMS Scene Arrival Hour,99,Unknown EMS Scene Arrival Minutes,99,Unknown,99,Unknown EMS Hospital Arrival Time,0,None,0,None,0,None,1,1
2018,51,510535,Virginia,1,1,0,0,0,1,1,15,AUGUSTA (15),0,NOT APPLICABLE,24,24,9,September,2018,2,Monday,16,4:00pm-4:59pm,18,18,0,This section IS NOT on the NHS,1,Rural,4,Minor Arterial,1,State Highway Agency,2,U.S. Highway,US-340,,34,34,38.04396944,38.04396944,-79.087230560,-79.087230560,0,No Special Jurisdiction,52,Guardrail End,0,Not a Collision with Motor Vehicle In-Transport,0,No,1,Non-Junction,1,Not an Intersection,0,None,,,4,On Roadside,1,Daylight,2,Rain,0,No Additional Atmospheric Conditions,2,Rain,0,No,0000000,Not Applicable,99,Unknown,99,Unknown,99,Unknown EMS Scene Arrival Hour,99,Unknown EMS Scene Arrival Minutes,99,Unknown,99,Unknown EMS Hospital Arrival Time,0,None,0,None,0,None,1,0
2018,51,510536,Virginia,2,2,0,1,1,1,1,23,BOTETOURT (23),0,NOT APPLICABLE,24,24,9,September,2018,2,Monday,21,9:00pm-9:59pm,17,17,1,This section IS ON the NHS,1,Rural,1,Interstate,1,State Highway Agency,1,Interstate,I-81,,1717,1717,37.58813056,37.58813056,-79.637138890,-79.637138890,0,No Special Jurisdiction,12,Motor Vehicle In-Transport,6,Angle,0,No,1,Non-Junction,1,Not an Intersection,0,None,,,1,On Roadway,2,Dark - Not Lighted,2,Rain,0,No Additional Atmospheric Conditions,2,Rain,0,No,0000000,Not Applicable,99,Unknown,99,Unknown,99,Unknown EMS Scene Arrival Hour,99,Unknown EMS Scene Arrival Minutes,88,Not Applicable (Not Transported),88,Not Applicable (Not Transported),23,Indication of a Stalled/Disabled Vehicle,0,None,0,None,1,0
2018,51,510537,Virginia,1,1,0,0,0,1,1,31,CAMPBELL (31),0,NOT APPLICABLE,28,28,9,September,2018,6,Friday,8,8:00am-8:59am,30,30,0,This section IS NOT on the NHS,1,Rural,5,Major Collector,1,State Highway Agency,4,County Road,CR-628,,8,8,37.15396944,37.15396944,-79.366669440,-79.366669440,0,No Special Jurisdiction,42,Tree (Standing Only),0,Not a Collision with Motor Vehicle In-Transport,0,No,1,Non-Junction,1,Not an Intersection,0,None,,,4,On Roadside,1,Daylight,98,Not Reported,0,No Additional Atmospheric Conditions,98,Not Reported,0,No,0000000,Not Applicable,99,Unknown,99,Unknown,99,Unknown EMS Scene Arrival Hour,99,Unknown EMS Scene Arrival Minutes,99,Unknown,99,Unknown EMS Hospital Arrival Time,0,None,0,None,0,None,1,0
2018,51,510539,Virginia,1,1,0,1,1,3,3,710,NORFOLK (710),1760,NORFOLK,3,3,9,September,2018,2,Monday,19,7:00pm-7:59pm,59,59,0,This section IS NOT on the NHS,2,Urban,7,Local,99,Unknown,6,Local Street - Municipality,SHOOK AVE,PERONNE AVE,2,2,36.87075000,36.87075000,-76.261569440,-76.261569440,0,No Special Jurisdiction,15,Non-Motorist on Personal Conveyance,0,Not a Collision with Motor Vehicle In-Transport,0,No,3,Intersection-Related,3,T-Intersection,0,None,,,1,On Roadway,5,Dusk,98,Not Reported,0,No Additional Atmospheric Conditions,98,Not Reported,0,No,0000000,Not Applicable,99,Unknown,99,Unknown,99,Unknown EMS Scene Arrival Hour,99,Unknown EMS Scene Arrival Minutes,88,Not Applicable (Not Transported),88,Not Applicable (Not Transported),0,None,0,None,0,None,1,0
2018,51,510540,Virginia,2,2,0,0,0,2,2,61,FAUQUIER (61),0,NOT APPLICABLE,29,29,9,September,2018,7,Saturday,14,2:00pm-2:59pm,31,31,0,This section IS NOT on the NHS,1,Rural,3,Principal Arterial - Other,1,State Highway Agency,2,U.S. Highway,US-17,RITCHE RD,2015,2015,38.53666944,38.53666944,-77.729538890,-77.729538890,0,No Special Jurisdiction,12,Motor Vehicle In-Transport,6,Angle,0,No,2,Intersection,3,T-Intersection,0,None,,,1,On Roadway,1,Daylight,98,Not Reported,0,No Additional Atmospheric Conditions,98,Not Reported,0,No,0000000,Not Applicable,99,Unknown,99,Unknown,99,Unknown EMS Scene Arrival Hour,99,Unknown EMS Scene Arrival Minutes,88,Not Applicable (Not Transported),88,Not Applicable (Not Transported),20,Police Pursuit Involved,0,None,0,None,1,1
2018,51,510541,Virginia,1,1,0,0,0,2,2,3,ALBEMARLE (3),0,NOT APPLICABLE,27,27,9,September,2018,5,Thursday,16,4:00pm-4:59pm,48,48,0,This section IS NOT on the NHS,1,Rural,7,Local,1,State Highway Agency,4,County Road,CR-617,,58,58,37.78833889,37.78833889,-78.676730560,-78.676730560,0,No Special Jurisdiction,42,Tree (Standing Only),0,Not a Collision with Motor Vehicle In-Transport,0,No,1,Non-Junction,1,Not an Intersection,0,None,,,4,On Roadside,1,Daylight,2,Rain,0,No Additional Atmospheric Conditions,2,Rain,0,No,0000000,Not Applicable,99,Unknown,99,Unknown,99,Unknown EMS Scene Arrival Hour,99,Unknown EMS Scene Arrival Minutes,88,Not Applicable (Not Transported),88,Not Applicable (Not Transported),0,None,0,None,0,None,1,0
2018,51,510542,Virginia,1,1,0,0,0,1,1,183,SUSSEX (183),0,NOT APPLICABLE,12,12,9,September,2018,4,Wednesday,22,10:00pm-10:59pm,4,4,1,This section IS ON the NHS,1,Rural,1,Interstate,1,State Highway Agency,1,Interstate,I-95,,329,329,36.97073889,36.97073889,-77.392361110,-77.392361110,0,No Special Jurisdiction,42,Tree (Standing Only),0,Not a Collision with Motor Vehicle In-Transport,0,No,1,Non-Junction,1,Not an Intersection,0,None,,,4,On Roadside,2,Dark - Not Lighted,98,Not Reported,0,No Additional Atmospheric Conditions,98,Not Reported,0,No,0000000,Not Applicable,99,Unknown,99,Unknown,99,Unknown EMS Scene Arrival Hour,99,Unknown EMS Scene Arrival Minutes,99,Unknown,99,Unknown EMS Hospital Arrival Time,0,None,0,None,0,None,1,0
2018,51,510543,Virginia,2,2,0,0,0,3,3,53,DINWIDDIE (53),0,NOT APPLICABLE,29,29,9,September,2018,7,Saturday,1,1:00am-1:59am,40,40,0,This section IS NOT on the NHS,1,Rural,4,Minor Arterial,1,State Highway Agency,3,State Highway,SR-40 MCKENNEY HWY,,1906,1906,36.94388889,36.94388889,-77.497411110,-77.497411110,0,No Special Jurisdiction,12,Motor Vehicle In-Transport,1,Front-to-Rear,0,No,1,Non-Junction,1,Not an Intersection,0,None,,,1,On Roadway,2,Dark - Not Lighted,98,Not Reported,0,No Additional Atmospheric Conditions,98,Not Reported,0,No,0000000,Not Applicable,99,Unknown,99,Unknown,99,Unknown EMS Scene Arrival Hour,99,Unknown EMS Scene Arrival Minutes,88,Not Applicable (Not Transported),88,Not Applicable (Not Transported),0,None,0,None,0,None,1,2
2018,51,510544,Virginia,1,1,0,1,1,1,1,153,PRINCE WILLIAM (153),0,NOT APPLICABLE,22,22,9,September,2018,7,Saturday,2,2:00am-2:59am,29,29,0,This section IS NOT on the NHS,2,Urban,5,Major Collector,1,State Highway Agency,3,State Highway,SR-234 SUDLEY RD,,316,316,38.85915000,38.85915000,-77.588088890,-77.588088890,0,No Special Jurisdiction,8,Pedestrian,0,Not a Collision with Motor Vehicle In-Transport,0,No,1,Non-Junction,1,Not an Intersection,0,None,,,1,On Roadway,2,Dark - Not Lighted,98,Not Reported,0,No Additional Atmospheric Conditions,98,Not Reported,0,No,0000000,Not Applicable,99,Unknown,99,Unknown,99,Unknown EMS Scene Arrival Hour,99,Unknown EMS Scene Arrival Minutes,88,Not Applicable (Not Transported),88,Not Applicable (Not Transported),0,None,0,None,0,None,1,0
2018,51,510545,Virginia,2,2,0,0,0,2,2,47,CULPEPER (47),0,NOT APPLICABLE,23,23,9,September,2018,1,Sunday,4,4:00am-4:59am,30,30,0,This section IS NOT on the NHS,1,Rural,3,Principal Arterial - Other,1,State Highway Agency,2,U.S. Highway,US-29,,1749,1749,38.45678056,38.45678056,-78.118000000,-78.118000000,0,No Special Jurisdiction,12,Motor Vehicle In-Transport,7,Sideswipe - Same Direction,0,No,1,Non-Junction,1,Not an Intersection,0,None,,,1,On Roadway,2,Dark - Not Lighted,2,Rain,0,No Additional Atmospheric Conditions,2,Rain,0,No,0000000,Not Applicable,99,Unknown,99,Unknown,99,Unknown EMS Scene Arrival Hour,99,Unknown EMS Scene Arrival Minutes,88,Not Applicable (Not Transported),88,Not Applicable (Not Transported),0,None,0,None,0,None,1,1
2018,51,510546,Virginia,1,1,0,0,0,1,1,700,NEWPORT NEWS (700),1720,NEWPORT NEWS,24,24,5,May,2018,5,Thursday,22,10:00pm-10:59pm,22,22,0,This section IS NOT on the NHS,2,Urban,7,Local,4,City or Municipal Highway Agency,6,Local Street - Municipality,25TH STREET,BUXTON AVENUE,5,5,36.99036111,36.99036111,-76.397988890,-76.397988890,0,No Special Jurisdiction,33,Curb,0,Not a Collision with Motor Vehicle In-Transport,0,No,3,Intersection-Related,2,Four-Way Intersection,0,None,,,4,On Roadside,3,Dark - Lighted,98,Not Reported,0,No Additional Atmospheric Conditions,98,Not Reported,0,No,0000000,Not Applicable,99,Unknown,99,Unknown,99,Unknown EMS Scene Arrival Hour,99,Unknown EMS Scene Arrival Minutes,99,Unknown,99,Unknown EMS Hospital Arrival Time,0,None,0,None,0,None,1,1
2018,51,510547,Virginia,1,1,0,0,0,1,1,29,BUCKINGHAM (29),0,NOT APPLICABLE,30,30,9,September,2018,1,Sunday,16,4:00pm-4:59pm,19,19,0,This section IS NOT on the NHS,1,Rural,7,Local,1,State Highway Agency,4,County Road,CR-819,,8,8,37.70766944,37.70766944,-78.638188890,-78.638188890,0,No Special Jurisdiction,42,Tree (Standing Only),0,Not a Collision with Motor Vehicle In-Transport,0,No,1,Non-Junction,1,Not an Intersection,0,None,,,4,On Roadside,1,Daylight,98,Not Reported,0,No Additional Atmospheric Conditions,98,Not Reported,0,No,0000000,Not Applicable,99,Unknown,99,Unknown,99,Unknown EMS Scene Arrival Hour,99,Unknown EMS Scene Arrival Minutes,88,Not Applicable (Not Transported),88,Not Applicable (Not Transported),0,None,0,None,0,None,1,1
2018,51,510548,Virginia,1,1,0,0,0,1,1,61,FAUQUIER (61),0,NOT APPLICABLE,5,5,9,September,2018,4,Wednesday,23,11:00pm-11:59pm,25,25,0,This section IS NOT on the NHS,1,Rural,7,Local,1,State Highway Agency,6,Local Street - Municipality,CITATAION DRIVE,,10,10,38.70911944,38.70911944,-77.961180560,-77.961180560,0,No Special Jurisdiction,42,Tree (Standing Only),0,Not a Collision with Motor Vehicle In-Transport,0,No,1,Non-Junction,1,Not an Intersection,0,None,,,4,On Roadside,2,Dark - Not Lighted,98,Not Reported,0,No Additional Atmospheric Conditions,98,Not Reported,0,No,0000000,Not Applicable,99,Unknown,99,Unknown,99,Unknown EMS Scene Arrival Hour,99,Unknown EMS Scene Arrival Minutes,88,Not Applicable (Not Transported),88,Not Applicable (Not Transported),0,None,0,None,0,None,1,1
2018,51,510549,Virginia,1,1,0,0,0,2,2,540,CHARLOTTESVILLE (540),440,CHARLOTTESVILLE,1,1,10,October,2018,2,Monday,5,5:00am-5:59am,34,34,0,This section IS NOT on the NHS,2,Urban,3,Principal Arterial - Other,4,City or Municipal Highway Agency,6,Local Street - Municipality,5TH STREET SW,BERRING ST,12,12,38.02413889,38.02413889,-78.491680560,-78.491680560,0,No Special Jurisdiction,33,Curb,0,Not a Collision with Motor Vehicle In-Transport,0,No,3,Intersection-Related,3,T-Intersection,0,None,,,3,On Median,2,Dark - Not Lighted,98,Not Reported,0,No Additional Atmospheric Conditions,98,Not Reported,0,No,0000000,Not Applicable,99,Unknown,99,Unknown,99,Unknown EMS Scene Arrival Hour,99,Unknown EMS Scene Arrival Minutes,99,Unknown,99,Unknown EMS Hospital Arrival Time,0,None,0,None,0,None,1,0
2018,51,510550,Virginia,1,1,0,1,1,1,1,153,PRINCE WILLIAM (153),0,NOT APPLICABLE,16,16,9,September,2018,1,Sunday,3,3:00am-3:59am,37,37,1,This section IS ON the NHS,2,Urban,1,Interstate,1,State Highway Agency,1,Interstate,I-66,,404,404,38.81945000,38.81945000,-77.643069440,-77.643069440,0,No Special Jurisdiction,8,Pedestrian,0,Not a Collision with Motor Vehicle In-Transport,0,No,1,Non-Junction,1,Not an Intersection,0,None,,,1,On Roadway,2,Dark - Not Lighted,98,Not Reported,0,No Additional Atmospheric Conditions,98,Not Reported,0,No,0000000,Not Applicable,99,Unknown,99,Unknown,99,Unknown EMS Scene Arrival Hour,99,Unknown EMS Scene Arrival Minutes,99,Unknown,99,Unknown EMS Hospital Arrival Time,0,None,0,None,0,None,1,1
2018,51,510551,Virginia,1,1,0,0,0,2,2,89,HENRY (89),0,NOT APPLICABLE,7,7,10,October,2018,1,Sunday,16,4:00pm-4:59pm,25,25,0,This section IS NOT on the NHS,1,Rural,7,Local,1,State Highway Agency,4,County Road,CR-673,,13,13,36.77186111,36.77186111,-79.981969440,-79.981969440,0,No Special Jurisdiction,42,Tree (Standing Only),0,Not a Collision with Motor Vehicle In-Transport,0,No,1,Non-Junction,1,Not an Intersection,0,None,,,4,On Roadside,1,Daylight,98,Not Reported,0,No Additional Atmospheric Conditions,98,Not Reported,0,No,0000000,Not Applicable,99,Unknown,99,Unknown,99,Unknown EMS Scene Arrival Hour,99,Unknown EMS Scene Arrival Minutes,99,Unknown,99,Unknown EMS Hospital Arrival Time,0,None,0,None,0,None,2,1
2018,51,510552,Virginia,1,1,0,0,0,1,1,700,NEWPORT NEWS (700),1720,NEWPORT NEWS,21,21,9,September,2018,6,Friday,23,11:00pm-11:59pm,59,59,0,This section IS NOT on the NHS,2,Urban,7,Local,4,City or Municipal Highway Agency,6,Local Street - Municipality,WESTOVER ROAD,HAMLIN STRRET,4,4,37.03636111,37.03636111,-76.463619440,-76.463619440,0,No Special Jurisdiction,42,Tree (Standing Only),0,Not a Collision with Motor Vehicle In-Transport,0,No,3,Intersection-Related,3,T-Intersection,0,None,,,3,On Median,3,Dark - Lighted,98,Not Reported,0,No Additional Atmospheric Conditions,98,Not Reported,0,No,0000000,Not Applicable,99,Unknown,99,Unknown,99,Unknown EMS Scene Arrival Hour,99,Unknown EMS Scene Arrival Minutes,99,Unknown,99,Unknown EMS Hospital Arrival Time,0,None,0,None,0,None,1,1