caseyear,state,st_case,statename,ve_total,ve_forms,pvh_invl,peds,pernotmvit,permvit,persons,county,countyname,city,cityname,day,dayname,month,monthname,year,day_week,day_weekname,hour,hourname,minute,minutename,nhs,nhsname,rur_urb,rur_urbname,func_sys,func_sysname,rd_owner,rd_ownername,route,routename,tway_id,tway_id2,milept,mileptname,latitude,latitudename,longitud,longitudname,sp_jur,sp_jurname,harm_ev,harm_evname,man_coll,man_collname,reljct1,reljct1name,reljct2,reljct2name,typ_int,typ_intname,wrk_zone,wrk_zonename,road_fnc,road_fncname,rel_road,rel_roadname,lgt_cond,lgt_condname,weather1,weather1name,weather2,weather2name,weather,weathername,sch_bus,sch_busname,rail,railname,not_hour,not_hourname,not_min,not_minname,arr_hour,arr_hourname,arr_min,arr_minname,hosp_hr,hosp_hrname,hosp_mn,hosp_mnname,cf1,cf1name,cf2,cf2name,cf3,cf3name,fatals,drunk_dr
2019,51,510414,Virginia,3,3,0,0,0,3,3,15,AUGUSTA (15),0,NOT APPLICABLE,31,31,7,July,2019,4,Wednesday,12,12:00pm-12:59pm,55,55,0,This section IS NOT on the NHS,1,Rural,4,Minor Arterial,1,State Highway Agency,3,State Highway,SR-254/MAIN STREET,,204,204,38.13073333,38.13073333,-78.914241670,-78.914241670,0,No Special Jurisdiction,12,Motor Vehicle In-Transport,6,Angle,0,No,1,Non-Junction,1,Not an Intersection,0,None,,,1,On Roadway,1,Daylight,98,Not Reported,0,No Additional Atmospheric Conditions,98,Not Reported,0,No,0000000,Not Applicable,99,Unknown,99,Unknown,99,Unknown EMS Scene Arrival Hour,99,Unknown EMS Scene Arrival Minutes,99,Unknown,99,Unknown EMS Hospital Arrival Time,0,None,0,None,0,None,2,0
2019,51,510415,Virginia,1,1,0,1,1,1,1,59,FAIRFAX (59),0,NOT APPLICABLE,11,11,7,July,2019,5,Thursday,23,11:00pm-11:59pm,38,38,0,This section IS NOT on the NHS,2,Urban,3,Principal Arterial - Other,1,State Highway Agency,3,State Highway,SR-7,,668,668,38.85256944,38.85256944,-77.133461110,-77.133461110,0,No Special Jurisdiction,8,Pedestrian,0,The First Harmful Event was Not a Collision with a Motor Vehicle in Transport,0,No,1,Non-Junction,1,Not an Intersection,0,None,,,1,On Roadway,3,Dark - Lighted,98,Not Reported,0,No Additional Atmospheric Conditions,98,Not Reported,0,No,0000000,Not Applicable,99,Unknown,99,Unknown,99,Unknown EMS Scene Arrival Hour,99,Unknown EMS Scene Arrival Minutes,99,Unknown,99,Unknown EMS Hospital Arrival Time,0,None,0,None,0,None,1,0
2019,51,510416,Virginia,1,1,0,0,0,1,1,121,MONTGOMERY (121),0,NOT APPLICABLE,9,9,8,August,2019,6,Friday,10,10:00am-10:59am,17,17,1,This section IS ON the NHS,1,Rural,1,Interstate,1,State Highway Agency,1,Interstate,I-81,,1250,1250,37.19148889,37.19148889,-80.275880560,-80.275880560,0,No Special Jurisdiction,24,Guardrail Face,0,The First Harmful Event was Not a Collision with a Motor Vehicle in Transport,0,No,1,Non-Junction,1,Not an Intersection,0,None,,,3,On Median,1,Daylight,98,Not Reported,0,No Additional Atmospheric Conditions,98,Not Reported,0,No,0000000,Not Applicable,99,Unknown,98,Unknown if Notified,99,Unknown EMS Scene Arrival Hour,98,Unknown if Arrived,88,Not Applicable (Not Transported),88,Not Applicable (Not Transported),0,None,0,None,0,None,1,0
2019,51,510417,Virginia,2,2,0,0,0,2,2,185,TAZEWELL (185),0,NOT APPLICABLE,9,9,8,August,2019,6,Friday,12,12:00pm-12:59pm,32,32,0,This section IS NOT on the NHS,1,Rural,7,Local,1,State Highway Agency,4,County Road,CR-92,,22,22,37.12113889,37.12113889,-81.728680560,-81.728680560,0,No Special Jurisdiction,5,Fell/Jumped from Vehicle,0,The First Harmful Event was Not a Collision with a Motor Vehicle in Transport,0,No,1,Non-Junction,1,Not an Intersection,0,None,,,1,On Roadway,1,Daylight,98,Not Reported,0,No Additional Atmospheric Conditions,98,Not Reported,0,No,0000000,Not Applicable,99,Unknown,99,Unknown,99,Unknown EMS Scene Arrival Hour,99,Unknown EMS Scene Arrival Minutes,99,Unknown,99,Unknown EMS Hospital Arrival Time,0,None,0,None,0,None,1,1
2019,51,510418,Virginia,2,2,0,0,0,2,2,1,ACCOMACK (1),1851,PAINTER,8,8,8,August,2019,5,Thursday,21,9:00pm-9:59pm,10,10,0,This section IS NOT on the NHS,1,Rural,3,Principal Arterial - Other,1,State Highway Agency,2,U.S. Highway,US-13,,1094,1094,37.59005833,37.59005833,-75.782122220,-75.782122220,0,No Special Jurisdiction,12,Motor Vehicle In-Transport,2,Front-to-Front,0,No,1,Non-Junction,1,Not an Intersection,0,None,,,1,On Roadway,2,Dark - Not Lighted,98,Not Reported,0,No Additional Atmospheric Conditions,98,Not Reported,0,No,0000000,Not Applicable,99,Unknown,99,Unknown,99,Unknown EMS Scene Arrival Hour,99,Unknown EMS Scene Arrival Minutes,99,Unknown,99,Unknown EMS Hospital Arrival Time,0,None,0,None,0,None,1,0
2019,51,510419,Virginia,2,2,0,0,0,4,4,19,BEDFORD (19),0,NOT APPLICABLE,8,8,8,August,2019,5,Thursday,11,11:00am-11:59am,28,28,0,This section IS NOT on the NHS,1,Rural,4,Minor Arterial,1,State Highway Agency,3,State Highway,SR-122/MONETA ROAD,,201,201,37.17205000,37.17205000,-79.630688890,-79.630688890,0,No Special Jurisdiction,12,Motor Vehicle In-Transport,2,Front-to-Front,0,No,1,Non-Junction,1,Not an Intersection,0,None,,,1,On Roadway,1,Daylight,98,Not Reported,0,No Additional Atmospheric Conditions,98,Not Reported,0,No,0000000,Not Applicable,99,Unknown,99,Unknown,99,Unknown EMS Scene Arrival Hour,99,Unknown EMS Scene Arrival Minutes,99,Unknown,99,Unknown EMS Hospital Arrival Time,0,None,0,None,0,None,1,0
2019,51,510420,Virginia,4,4,0,0,0,4,4,199,YORK (199),0,NOT APPLICABLE,12,12,8,August,2019,2,Monday,8,8:00am-8:59am,46,46,0,This section IS NOT on the NHS,2,Urban,3,Principal Arterial - Other,1,State Highway Agency,2,U.S. Highway,US-17,LAKESIDE DRIVE,608,608,37.14688889,37.14688889,-76.458669440,-76.458669440,0,No Special Jurisdiction,12,Motor Vehicle In-Transport,1,Front-to-Rear,0,No,2,Intersection,2,Four-Way Intersection,0,None,,,1,On Roadway,1,Daylight,98,Not Reported,0,No Additional Atmospheric Conditions,98,Not Reported,0,No,0000000,Not Applicable,99,Unknown,99,Unknown,99,Unknown EMS Scene Arrival Hour,99,Unknown EMS Scene Arrival Minutes,99,Unknown,99,Unknown EMS Hospital Arrival Time,0,None,0,None,0,None,1,0
2019,51,510421,Virginia,2,2,0,0,0,2,2,147,PRINCE EDWARD (147),950,FARMVILLE,22,22,7,July,2019,2,Monday,9,9:00am-9:59am,27,27,0,This section IS NOT on the NHS,1,Rural,7,Local,4,City or Municipal Highway Agency,6,Local Street - Municipality,SECOND STREET,NORTH VIRGINIA STREET,2,2,37.30271111,37.30271111,-78.388811110,-78.388811110,0,No Special Jurisdiction,12,Motor Vehicle In-Transport,6,Angle,0,No,2,Intersection,2,Four-Way Intersection,0,None,,,1,On Roadway,1,Daylight,98,Not Reported,0,No Additional Atmospheric Conditions,98,Not Reported,0,No,0000000,Not Applicable,99,Unknown,99,Unknown,99,Unknown EMS Scene Arrival Hour,99,Unknown EMS Scene Arrival Minutes,99,Unknown,99,Unknown EMS Hospital Arrival Time,0,None,0,None,0,None,1,0
2019,51,510422,Virginia,1,1,0,0,0,1,1,85,HANOVER (85),0,NOT APPLICABLE,8,8,8,August,2019,5,Thursday,15,3:00pm-3:59pm,14,14,1,This section IS ON the NHS,2,Urban,1,Interstate,1,State Highway Agency,1,Interstate,I-295,,169,169,37.59879444,37.59879444,-77.352205560,-77.352205560,0,No Special Jurisdiction,21,Bridge Pier or Support,0,The First Harmful Event was Not a Collision with a Motor Vehicle in Transport,0,No,1,Non-Junction,1,Not an Intersection,0,None,,,4,On Roadside,1,Daylight,98,Not Reported,0,No Additional Atmospheric Conditions,98,Not Reported,0,No,0000000,Not Applicable,99,Unknown,99,Unknown,99,Unknown EMS Scene Arrival Hour,99,Unknown EMS Scene Arrival Minutes,99,Unknown,99,Unknown EMS Hospital Arrival Time,0,None,0,None,0,None,1,0
2019,51,510423,Virginia,1,1,0,0,0,1,1,15,AUGUSTA (15),0,NOT APPLICABLE,11,11,8,August,2019,1,Sunday,21,9:00pm-9:59pm,49,49,0,This section IS NOT on the NHS,1,Rural,5,Major Collector,1,State Highway Agency,2,U.S. Highway,US-11,,2247,2247,37.98820000,37.98820000,-79.163480560,-79.163480560,0,No Special Jurisdiction,11,Live Animal,0,The First Harmful Event was Not a Collision with a Motor Vehicle in Transport,0,No,1,Non-Junction,1,Not an Intersection,0,None,,,1,On Roadway,1,Daylight,98,Not Reported,0,No Additional Atmospheric Conditions,98,Not Reported,0,No,0000000,Not Applicable,99,Unknown,99,Unknown,99,Unknown EMS Scene Arrival Hour,99,Unknown EMS Scene Arrival Minutes,99,Unknown,99,Unknown EMS Hospital Arrival Time,0,None,0,None,0,None,1,0
2019,51,510424,Virginia,1,1,0,0,0,1,1,163,ROCKBRIDGE (163),0,NOT APPLICABLE,9,9,8,August,2019,6,Friday,22,10:00pm-10:59pm,32,32,1,This section IS ON the NHS,1,Rural,3,Principal Arterial - Other,1,State Highway Agency,2,U.S. Highway,US-60,,609,609,37.75643056,37.75643056,-79.408680560,-79.408680560,0,No Special Jurisdiction,42,Tree (Standing Only),0,The First Harmful Event was Not a Collision with a Motor Vehicle in Transport,0,No,1,Non-Junction,1,Not an Intersection,0,None,,,4,On Roadside,2,Dark - Not Lighted,98,Not Reported,0,No Additional Atmospheric Conditions,98,Not Reported,0,No,0000000,Not Applicable,99,Unknown,98,Unknown if Notified,99,Unknown EMS Scene Arrival Hour,98,Unknown if Arrived,88,Not Applicable (Not Transported),88,Not Applicable (Not Transported),20,Police Pursuit Involved,0,None,0,None,1,1
2019,51,510425,Virginia,1,1,0,0,0,1,1,125,NELSON (125),0,NOT APPLICABLE,9,9,8,August,2019,6,Friday,19,7:00pm-7:59pm,19,19,0,This section IS NOT on the NHS,1,Rural,7,Local,1,State Highway Agency,4,County Road,CR-623,,38,38,37.82393889,37.82393889,-78.865719440,-78.865719440,0,No Special Jurisdiction,42,Tree (Standing Only),0,The First Harmful Event was Not a Collision with a Motor Vehicle in Transport,0,No,1,Non-Junction,1,Not an Intersection,0,None,,,4,On Roadside,1,Daylight,98,Not Reported,0,No Additional Atmospheric Conditions,98,Not Reported,0,No,0000000,Not Applicable,99,Unknown,98,Unknown if Notified,99,Unknown EMS Scene Arrival Hour,98,Unknown if Arrived,88,Not Applicable (Not Transported),88,Not Applicable (Not Transported),0,None,0,None,0,None,1,1
2019,51,510426,Virginia,3,3,0,0,0,3,3,165,ROCKINGHAM (165),0,NOT APPLICABLE,5,5,8,August,2019,2,Monday,21,9:00pm-9:59pm,24,24,0,This section IS NOT on the NHS,1,Rural,4,Minor Arterial,1,State Highway Agency,3,State Highway,SR-259/BROCKS GAP ROAD,,78,78,38.63298889,38.63298889,-78.842650000,-78.842650000,0,No Special Jurisdiction,12,Motor Vehicle In-Transport,2,Front-to-Front,0,No,1,Non-Junction,1,Not an Intersection,0,None,,,1,On Roadway,2,Dark - Not Lighted,98,Not Reported,0,No Additional Atmospheric Conditions,98,Not Reported,0,No,0000000,Not Applicable,99,Unknown,99,Unknown,99,Unknown EMS Scene Arrival Hour,99,Unknown EMS Scene Arrival Minutes,99,Unknown,99,Unknown EMS Hospital Arrival Time,0,None,0,None,0,None,1,0
2019,51,510427,Virginia,3,3,0,0,0,3,3,760,RICHMOND (760),2060,RICHMOND,14,14,8,August,2019,4,Wednesday,15,3:00pm-3:59pm,40,40,0,This section IS NOT on the NHS,2,Urban,2,Principal Arterial - Other Freeways and Expressways,4,City or Municipal Highway Agency,3,State Highway,SR-150,,27,27,37.54568056,37.54568056,-77.551730560,-77.551730560,0,No Special Jurisdiction,12,Motor Vehicle In-Transport,2,Front-to-Front,0,No,1,Non-Junction,1,Not an Intersection,0,None,,,1,On Roadway,1,Daylight,98,Not Reported,0,No Additional Atmospheric Conditions,98,Not Reported,0,No,0000000,Not Applicable,99,Unknown,99,Unknown,99,Unknown EMS Scene Arrival Hour,99,Unknown EMS Scene Arrival Minutes,99,Unknown,99,Unknown EMS Hospital Arrival Time,0,None,0,None,0,None,1,0
2019,51,510428,Virginia,1,1,0,0,0,1,1,135,NOTTOWAY (135),0,NOT APPLICABLE,11,11,8,August,2019,1,Sunday,9,9:00am-9:59am,25,25,0,This section IS NOT on the NHS,1,Rural,3,Principal Arterial - Other,1,State Highway Agency,2,U.S. Highway,US-360,,912,912,37.22048889,37.22048889,-78.147911110,-78.147911110,0,No Special Jurisdiction,1,Rollover/Overturn,0,The First Harmful Event was Not a Collision with a Motor Vehicle in Transport,0,No,1,Non-Junction,1,Not an Intersection,0,None,,,1,On Roadway,1,Daylight,98,Not Reported,0,No Additional Atmospheric Conditions,98,Not Reported,0,No,0000000,Not Applicable,99,Unknown,98,Unknown if Notified,99,Unknown EMS Scene Arrival Hour,98,Unknown if Arrived,88,Not Applicable (Not Transported),88,Not Applicable (Not Transported),0,None,0,None,0,None,1,0
2019,51,510429,Virginia,2,2,0,0,0,2,2,75,GOOCHLAND (75),0,NOT APPLICABLE,26,26,3,March,2019,3,Tuesday,16,4:00pm-4:59pm,43,43,0,This section IS NOT on the NHS,1,Rural,3,Principal Arterial - Other,1,State Highway Agency,2,U.S. Highway,US-250,ROUTE 288,1506,1506,37.67147222,37.67147222,-77.650250000,-77.650250000,0,No Special Jurisdiction,12,Motor Vehicle In-Transport,6,Angle,0,No,2,Intersection,2,Four-Way Intersection,0,None,,,1,On Roadway,1,Daylight,98,Not Reported,0,No Additional Atmospheric Conditions,98,Not Reported,0,No,0000000,Not Applicable,99,Unknown,99,Unknown,99,Unknown EMS Scene Arrival Hour,99,Unknown EMS Scene Arrival Minutes,99,Unknown,99,Unknown EMS Hospital Arrival Time,0,None,0,None,0,None,1,0
2019,51,510430,Virginia,2,2,0,0,0,5,5,187,WARREN (187),0,NOT APPLICABLE,8,8,8,August,2019,5,Thursday,15,3:00pm-3:59pm,23,23,1,This section IS ON the NHS,1,Rural,1,Interstate,1,State Highway Agency,1,Interstate,I-81,,3007,3007,39.00678889,39.00678889,-78.304261110,-78.304261110,0,No Special Jurisdiction,12,Motor Vehicle In-Transport,2,Front-to-Front,0,No,1,Non-Junction,1,Not an Intersection,0,None,,,1,On Roadway,1,Daylight,98,Not Reported,0,No Additional Atmospheric Conditions,98,Not Reported,0,No,0000000,Not Applicable,99,Unknown,99,Unknown,99,Unknown EMS Scene Arrival Hour,99,Unknown EMS Scene Arrival Minutes,99,Unknown,99,Unknown EMS Hospital Arrival Time,0,None,0,None,0,None,1,0
2019,51,510431,Virginia,1,1,0,0,0,1,1,49,CUMBERLAND (49),0,NOT APPLICABLE,11,11,8,August,2019,1,Sunday,22,10:00pm-10:59pm,56,56,0,This section IS NOT on the NHS,1,Rural,4,Minor Arterial,1,State Highway Agency,3,State Highway,SR-45,,248,248,37.57320000,37.57320000,-78.176850000,-78.176850000,0,No Special Jurisdiction,30,Utility Pole/Light Support,0,The First Harmful Event was Not a Collision with a Motor Vehicle in Transport,0,No,1,Non-Junction,1,Not an Intersection,0,None,,,4,On Roadside,2,Dark - Not Lighted,98,Not Reported,0,No Additional Atmospheric Conditions,98,Not Reported,0,No,0000000,Not Applicable,99,Unknown,98,Unknown if Notified,99,Unknown EMS Scene Arrival Hour,98,Unknown if Arrived,88,Not Applicable (Not Transported),88,Not Applicable (Not Transported),0,None,0,None,0,None,1,1
2019,51,510432,Virginia,2,2,0,0,0,3,3,29,BUCKINGHAM (29),0,NOT APPLICABLE,11,11,8,August,2019,1,Sunday,3,3:00am-3:59am,28,28,0,This section IS NOT on the NHS,1,Rural,7,Local,1,State Highway Agency,4,County Road,CR-15,RT-672,20,20,37.69113056,37.69113056,-78.325911110,-78.325911110,0,No Special Jurisdiction,12,Motor Vehicle In-Transport,6,Angle,0,No,2,Intersection,2,Four-Way Intersection,0,None,,,1,On Roadway,6,Dark - Unknown Lighting,98,Not Reported,0,No Additional Atmospheric Conditions,98,Not Reported,0,No,0000000,Not Applicable,99,Unknown,99,Unknown,99,Unknown EMS Scene Arrival Hour,99,Unknown EMS Scene Arrival Minutes,99,Unknown,99,Unknown EMS Hospital Arrival Time,0,None,0,None,0,None,1,1
2019,51,510433,Virginia,3,3,0,0,0,3,3,650,HAMPTON (650),1180,HAMPTON,26,26,7,July,2019,6,Friday,15,3:00pm-3:59pm,8,8,0,This section IS NOT on the NHS,2,Urban,4,Minor Arterial,4,City or Municipal Highway Agency,3,State Highway,SR-351/PEMBROKE AVE,N BOXWOOD ST,64,64,37.03300278,37.03300278,-76.332480560,-76.332480560,0,No Special Jurisdiction,12,Motor Vehicle In-Transport,6,Angle,0,No,2,Intersection,2,Four-Way Intersection,0,None,,,1,On Roadway,1,Daylight,98,Not Reported,0,No Additional Atmospheric Conditions,98,Not Reported,0,No,0000000,Not Applicable,99,Unknown,99,Unknown,99,Unknown EMS Scene Arrival Hour,99,Unknown EMS Scene Arrival Minutes,99,Unknown,99,Unknown EMS Hospital Arrival Time,0,None,0,None,0,None,1,0
2019,51,510434,Virginia,1,1,0,0,0,1,1,61,FAUQUIER (61),0,NOT APPLICABLE,14,14,8,August,2019,4,Wednesday,18,6:00pm-6:59pm,42,42,0,This section IS NOT on the NHS,1,Rural,7,Local,1,State Highway Agency,4,County Road,CR-882,,0,None,38.68473056,38.68473056,-77.786188890,-77.786188890,0,No Special Jurisdiction,35,Embankment,0,The First Harmful Event was Not a Collision with a Motor Vehicle in Transport,0,No,1,Non-Junction,1,Not an Intersection,0,None,,,4,On Roadside,1,Daylight,98,Not Reported,0,No Additional Atmospheric Conditions,98,Not Reported,0,No,0000000,Not Applicable,99,Unknown,98,Unknown if Notified,99,Unknown EMS Scene Arrival Hour,98,Unknown if Arrived,88,Not Applicable (Not Transported),88,Not Applicable (Not Transported),0,None,0,None,0,None,1,0
2019,51,510435,Virginia,2,2,0,0,0,3,3,550,CHESAPEAKE (550),468,CHESAPEAKE,11,11,8,August,2019,1,Sunday,13,1:00pm-1:59pm,51,51,1,This section IS ON the NHS,2,Urban,1,Interstate,1,State Highway Agency,1,Interstate,I-664,,0,None,36.78503889,36.78503889,-76.408338890,-76.408338890,0,No Special Jurisdiction,12,Motor Vehicle In-Transport,7,Sideswipe - Same Direction,0,No,1,Non-Junction,1,Not an Intersection,0,None,,,4,On Roadside,1,Daylight,98,Not Reported,0,No Additional Atmospheric Conditions,98,Not Reported,0,No,0000000,Not Applicable,99,Unknown,99,Unknown,99,Unknown EMS Scene Arrival Hour,99,Unknown EMS Scene Arrival Minutes,99,Unknown,99,Unknown EMS Hospital Arrival Time,0,None,0,None,0,None,1,0
2019,51,510436,Virginia,2,2,0,0,0,2,2,67,FRANKLIN (67),0,NOT APPLICABLE,13,13,8,August,2019,3,Tuesday,19,7:00pm-7:59pm,40,40,0,This section IS NOT on the NHS,1,Rural,4,Minor Arterial,1,State Highway Agency,3,State Highway,SR-122/BOOKER T WASHINGTON HWY,HARDY ROAD,115,115,37.12730000,37.12730000,-79.750680560,-79.750680560,0,No Special Jurisdiction,12,Motor Vehicle In-Transport,6,Angle,0,No,2,Intersection,3,T-Intersection,0,None,,,1,On Roadway,1,Daylight,98,Not Reported,0,No Additional Atmospheric Conditions,98,Not Reported,0,No,0000000,Not Applicable,99,Unknown,99,Unknown,99,Unknown EMS Scene Arrival Hour,99,Unknown EMS Scene Arrival Minutes,99,Unknown,99,Unknown EMS Hospital Arrival Time,0,None,0,None,0,None,1,0
2019,51,510437,Virginia,2,2,0,0,0,3,3,67,FRANKLIN (67),0,NOT APPLICABLE,13,13,8,August,2019,3,Tuesday,13,1:00pm-1:59pm,3,3,0,This section IS NOT on the NHS,1,Rural,3,Principal Arterial - Other,1,State Highway Agency,2,U.S. Highway,US-220,FRONTAGE RD F-615,413,413,37.02838056,37.02838056,-79.879530560,-79.879530560,0,No Special Jurisdiction,12,Motor Vehicle In-Transport,6,Angle,0,No,2,Intersection,2,Four-Way Intersection,0,None,,,1,On Roadway,1,Daylight,98,Not Reported,0,No Additional Atmospheric Conditions,98,Not Reported,0,No,0000000,Not Applicable,99,Unknown,99,Unknown,99,Unknown EMS Scene Arrival Hour,99,Unknown EMS Scene Arrival Minutes,99,Unknown,99,Unknown EMS Hospital Arrival Time,0,None,0,None,0,None,1,0
2019,51,510438,Virginia,1,1,0,0,0,1,1,67,FRANKLIN (67),0,NOT APPLICABLE,16,16,8,August,2019,6,Friday,22,10:00pm-10:59pm,10,10,0,This section IS NOT on the NHS,1,Rural,5,Major Collector,1,State Highway Agency,4,County Road,CR-636,,41,41,37.13413056,37.13413056,-79.747150000,-79.747150000,0,No Special Jurisdiction,52,Guardrail End,0,The First Harmful Event was Not a Collision with a Motor Vehicle in Transport,0,No,1,Non-Junction,1,Not an Intersection,0,None,,,4,On Roadside,2,Dark - Not Lighted,98,Not Reported,0,No Additional Atmospheric Conditions,98,Not Reported,0,No,0000000,Not Applicable,99,Unknown,99,Unknown,99,Unknown EMS Scene Arrival Hour,99,Unknown EMS Scene Arrival Minutes,99,Unknown,99,Unknown EMS Hospital Arrival Time,0,None,0,None,0,None,1,0
2019,51,510439,Virginia,2,2,0,0,0,5,5,139,PAGE (139),0,NOT APPLICABLE,15,15,8,August,2019,5,Thursday,14,2:00pm-2:59pm,15,15,0,This section IS NOT on the NHS,1,Rural,4,Minor Arterial,1,State Highway Agency,2,U.S. Highway,US-340,,791,791,38.76936111,38.76936111,-78.387019440,-78.387019440,0,No Special Jurisdiction,12,Motor Vehicle In-Transport,2,Front-to-Front,0,No,1,Non-Junction,1,Not an Intersection,0,None,,,1,On Roadway,1,Daylight,98,Not Reported,0,No Additional Atmospheric Conditions,98,Not Reported,0,No,0000000,Not Applicable,99,Unknown,99,Unknown,99,Unknown EMS Scene Arrival Hour,99,Unknown EMS Scene Arrival Minutes,99,Unknown,99,Unknown EMS Hospital Arrival Time,0,None,0,None,0,None,3,0
2019,51,510440,Virginia,1,1,0,0,0,1,1,143,PITTSYLVANIA (143),0,NOT APPLICABLE,18,18,8,August,2019,1,Sunday,20,8:00pm-8:59pm,45,45,0,This section IS NOT on the NHS,1,Rural,5,Major Collector,1,State Highway Agency,4,County Road,CR-869,,6,6,36.61563056,36.61563056,-79.560069440,-79.560069440,0,No Special Jurisdiction,5,Fell/Jumped from Vehicle,0,The First Harmful Event was Not a Collision with a Motor Vehicle in Transport,0,No,1,Non-Junction,1,Not an Intersection,0,None,,,4,On Roadside,2,Dark - Not Lighted,98,Not Reported,0,No Additional Atmospheric Conditions,98,Not Reported,0,No,0000000,Not Applicable,99,Unknown,98,Unknown if Notified,99,Unknown EMS Scene Arrival Hour,98,Unknown if Arrived,88,Not Applicable (Not Transported),88,Not Applicable (Not Transported),0,None,0,None,0,None,1,1
2019,51,510441,Virginia,2,2,0,0,0,2,2,31,CAMPBELL (31),0,NOT APPLICABLE,19,19,8,August,2019,2,Monday,14,2:00pm-2:59pm,25,25,0,This section IS NOT on the NHS,2,Urban,4,Minor Arterial,1,State Highway Agency,2,U.S. Highway,US-301,EASTBROOK RD,679,679,37.36861111,37.36861111,-79.113488890,-79.113488890,0,No Special Jurisdiction,12,Motor Vehicle In-Transport,6,Angle,0,No,2,Intersection,3,T-Intersection,0,None,,,1,On Roadway,1,Daylight,98,Not Reported,0,No Additional Atmospheric Conditions,98,Not Reported,0,No,0000000,Not Applicable,99,Unknown,99,Unknown,99,Unknown EMS Scene Arrival Hour,99,Unknown EMS Scene Arrival Minutes,99,Unknown,99,Unknown EMS Hospital Arrival Time,0,None,0,None,0,None,1,0
2019,51,510442,Virginia,2,2,0,0,0,2,2,21,BLAND (21),0,NOT APPLICABLE,13,13,8,August,2019,3,Tuesday,11,11:00am-11:59am,38,38,1,This section IS ON the NHS,1,Rural,1,Interstate,1,State Highway Agency,1,Interstate,I-77,,471,471,37.03113056,37.03113056,-81.119700000,-81.119700000,0,No Special Jurisdiction,24,Guardrail Face,0,The First Harmful Event was Not a Collision with a Motor Vehicle in Transport,0,No,1,Non-Junction,1,Not an Intersection,0,None,,,3,On Median,1,Daylight,2,Rain,0,No Additional Atmospheric Conditions,2,Rain,0,No,0000000,Not Applicable,99,Unknown,99,Unknown,99,Unknown EMS Scene Arrival Hour,99,Unknown EMS Scene Arrival Minutes,99,Unknown,99,Unknown EMS Hospital Arrival Time,0,None,0,None,0,None,1,0
2019,51,510443,Virginia,2,2,0,0,0,2,2,155,PULASKI (155),0,NOT APPLICABLE,18,18,8,August,2019,1,Sunday,22,10:00pm-10:59pm,0,0,0,This section IS NOT on the NHS,1,Rural,4,Minor Arterial,1,State Highway Agency,3,State Highway,SR-100/CLEBURNE BLVD,,331,331,37.16073889,37.16073889,-80.693630560,-80.693630560,0,No Special Jurisdiction,12,Motor Vehicle In-Transport,2,Front-to-Front,0,No,1,Non-Junction,1,Not an Intersection,0,None,,,1,On Roadway,2,Dark - Not Lighted,98,Not Reported,0,No Additional Atmospheric Conditions,98,Not Reported,0,No,0000000,Not Applicable,99,Unknown,99,Unknown,99,Unknown EMS Scene Arrival Hour,99,Unknown EMS Scene Arrival Minutes,99,Unknown,99,Unknown EMS Hospital Arrival Time,0,None,0,None,0,None,1,1
2019,51,510444,Virginia,2,2,0,0,0,2,2,125,NELSON (125),0,NOT APPLICABLE,30,30,7,July,2019,3,Tuesday,17,5:00pm-5:59pm,31,31,0,This section IS NOT on the NHS,1,Rural,3,Principal Arterial - Other,1,State Highway Agency,2,U.S. Highway,US-29,NORTHSIDE LANE,1064,1064,37.76414444,37.76414444,-78.871219440,-78.871219440,0,No Special Jurisdiction,12,Motor Vehicle In-Transport,6,Angle,0,No,2,Intersection,2,Four-Way Intersection,0,None,,,1,On Roadway,1,Daylight,98,Not Reported,0,No Additional Atmospheric Conditions,98,Not Reported,0,No,0000000,Not Applicable,99,Unknown,99,Unknown,99,Unknown EMS Scene Arrival Hour,99,Unknown EMS Scene Arrival Minutes,99,Unknown,99,Unknown EMS Hospital Arrival Time,0,None,0,None,0,None,1,0
2019,51,510445,Virginia,2,2,0,0,0,2,2,143,PITTSYLVANIA (143),0,NOT APPLICABLE,20,20,8,August,2019,3,Tuesday,8,8:00am-8:59am,40,40,0,This section IS NOT on the NHS,1,Rural,4,Minor Arterial,1,State Highway Agency,3,State Highway,SR-40,,556,556,36.95118889,36.95118889,-79.523538890,-79.523538890,0,No Special Jurisdiction,1,Rollover/Overturn,0,The First Harmful Event was Not a Collision with a Motor Vehicle in Transport,0,No,1,Non-Junction,1,Not an Intersection,4,"Work Zone, Type Unknown",,,1,On Roadway,1,Daylight,98,Not Reported,0,No Additional Atmospheric Conditions,98,Not Reported,0,No,0000000,Not Applicable,99,Unknown,99,Unknown,99,Unknown EMS Scene Arrival Hour,99,Unknown EMS Scene Arrival Minutes,99,Unknown,99,Unknown EMS Hospital Arrival Time,0,None,0,None,0,None,1,0