caseyear,state,st_case,statename,ve_total,ve_forms,pvh_invl,peds,pernotmvit,permvit,persons,county,countyname,city,cityname,day,dayname,month,monthname,year,day_week,day_weekname,hour,hourname,minute,minutename,nhs,nhsname,rur_urb,rur_urbname,func_sys,func_sysname,rd_owner,rd_ownername,route,routename,tway_id,tway_id2,milept,mileptname,latitude,latitudename,longitud,longitudname,sp_jur,sp_jurname,harm_ev,harm_evname,man_coll,man_collname,reljct1,reljct1name,reljct2,reljct2name,typ_int,typ_intname,wrk_zone,wrk_zonename,road_fnc,road_fncname,rel_road,rel_roadname,lgt_cond,lgt_condname,weather1,weather1name,weather2,weather2name,weather,weathername,sch_bus,sch_busname,rail,railname,not_hour,not_hourname,not_min,not_minname,arr_hour,arr_hourname,arr_min,arr_minname,hosp_hr,hosp_hrname,hosp_mn,hosp_mnname,cf1,cf1name,cf2,cf2name,cf3,cf3name,fatals,drunk_dr
2020,51,510082,Virginia,1,1,0,1,1,1,1,69,FREDERICK (69),0,NOT APPLICABLE,11,11,1,January,2020,7,Saturday,1,1:00am-1:59am,41,41,1,This section IS ON the NHS,2,Urban,3,Principal Arterial - Other,1,State Highway Agency,3,State Highway,SR-7/BERRYVILLE RD,,23,23,39.18637500,39.18637500,-78.128308330,-78.128308330,0,No Special Jurisdiction,24,Guardrail Face,0,The First Harmful Event was Not a Collision with a Motor Vehicle in Transport,0,No,1,Non-Junction,1,Not an Intersection,0,None,,,4,On Roadside,2,Dark - Not Lighted,,,,,98,Not Reported,0,No,0000000,Not Applicable,99,Unknown,98,Unknown if Notified,99,Unknown EMS Scene Arrival Hour,98,Unknown if Arrived,88,"Not Applicable (Not Transported) ",88,Not Applicable (Not Transported),,,,,,,1,0
2020,51,510083,Virginia,1,1,0,0,0,2,2,710,NORFOLK (CITY) (710),1760,NORFOLK,12,12,1,January,2020,1,Sunday,2,2:00am-2:59am,21,21,1,This section IS ON the NHS,2,Urban,1,Interstate,1,State Highway Agency,1,Interstate,I-264,,77,77,36.84116111,36.84116111,-76.286588890,-76.286588890,0,No Special Jurisdiction,23,Bridge Rail (Includes parapet),0,The First Harmful Event was Not a Collision with a Motor Vehicle in Transport,0,No,1,Non-Junction,1,Not an Intersection,0,None,,,3,On Median,3,Dark - Lighted,,,,,2,Rain,0,No,0000000,Not Applicable,99,Unknown,99,Unknown,99,Unknown EMS Scene Arrival Hour,99,Unknown EMS Scene Arrival Minutes,99,Unknown,99,Unknown EMS Hospital Arrival Time,,,,,,,1,1
2020,51,510084,Virginia,1,1,0,0,0,2,2,3,ALBEMARLE (3),0,NOT APPLICABLE,15,15,1,January,2020,4,Wednesday,13,1:00pm-1:59pm,27,27,0,This section IS NOT on the NHS,1,Rural,5,Major Collector,1,State Highway Agency,3,State Highway,SR-22,,78,78,38.06121944,38.06121944,-78.274638890,-78.274638890,0,No Special Jurisdiction,53,Mail Box,0,The First Harmful Event was Not a Collision with a Motor Vehicle in Transport,0,No,1,Non-Junction,1,Not an Intersection,0,None,,,4,On Roadside,1,Daylight,,,,,98,Not Reported,0,No,0000000,Not Applicable,99,Unknown,99,Unknown,99,Unknown EMS Scene Arrival Hour,99,Unknown EMS Scene Arrival Minutes,99,Unknown,99,Unknown EMS Hospital Arrival Time,,,,,,,1,1
2020,51,510085,Virginia,2,2,0,1,1,2,2,41,CHESTERFIELD (41),0,NOT APPLICABLE,12,12,1,January,2020,1,Sunday,5,5:00am-5:59am,41,41,0,This section IS NOT on the NHS,2,Urban,3,Principal Arterial - Other,1,State Highway Agency,2,U.S. Highway,US-360,ACCESS RD,1336,1336,37.47156667,37.47156667,-77.527702780,-77.527702780,0,No Special Jurisdiction,8,Pedestrian,0,The First Harmful Event was Not a Collision with a Motor Vehicle in Transport,0,No,2,Intersection,3,T-Intersection,0,None,,,1,On Roadway,2,Dark - Not Lighted,,,,,98,Not Reported,0,No,0000000,Not Applicable,99,Unknown,99,Unknown,99,Unknown EMS Scene Arrival Hour,99,Unknown EMS Scene Arrival Minutes,88,"Not Applicable (Not Transported) ",88,Not Applicable (Not Transported),,,,,,,1,0
2020,51,510086,Virginia,2,2,0,0,0,2,2,105,LEE (105),0,NOT APPLICABLE,14,14,1,January,2020,3,Tuesday,20,8:00pm-8:59pm,0,0,0,This section IS NOT on the NHS,1,Rural,4,Minor Arterial,1,State Highway Agency,2,U.S. Highway,US-58,RT-758,280,280,36.67058056,36.67058056,-83.201688890,-83.201688890,0,No Special Jurisdiction,12,Motor Vehicle In-Transport,6,Angle,0,No,2,Intersection,2,Four-Way Intersection,0,None,,,1,On Roadway,2,Dark - Not Lighted,,,,,5,"Fog, Smog, Smoke",0,No,0000000,Not Applicable,99,Unknown,99,Unknown,99,Unknown EMS Scene Arrival Hour,99,Unknown EMS Scene Arrival Minutes,99,Unknown,99,Unknown EMS Hospital Arrival Time,,,,,,,1,0
2020,51,510087,Virginia,2,2,0,0,0,3,3,105,LEE (105),0,NOT APPLICABLE,14,14,1,January,2020,3,Tuesday,15,3:00pm-3:59pm,15,15,0,This section IS NOT on the NHS,1,Rural,5,Major Collector,1,State Highway Agency,3,State Highway,SR-352/SAINT CHARLES RD,,8,8,36.78592778,36.78592778,-83.054680560,-83.054680560,0,No Special Jurisdiction,12,Motor Vehicle In-Transport,6,Angle,0,No,1,Non-Junction,1,Not an Intersection,0,None,,,1,On Roadway,1,Daylight,,,,,2,Rain,0,No,0000000,Not Applicable,99,Unknown,99,Unknown,99,Unknown EMS Scene Arrival Hour,99,Unknown EMS Scene Arrival Minutes,99,Unknown,99,Unknown EMS Hospital Arrival Time,,,,,,,1,0
2020,51,510088,Virginia,1,1,0,0,0,1,1,199,YORK (199),0,NOT APPLICABLE,17,17,1,January,2020,6,Friday,22,10:00pm-10:59pm,0,0,0,This section IS NOT on the NHS,1,Rural,7,Local,1,State Highway Agency,4,County Road,CR-602,,25,25,37.35793056,37.35793056,-76.736330560,-76.736330560,0,No Special Jurisdiction,42,Tree (Standing Only),0,The First Harmful Event was Not a Collision with a Motor Vehicle in Transport,0,No,1,Non-Junction,1,Not an Intersection,0,None,,,4,On Roadside,2,Dark - Not Lighted,,,,,98,Not Reported,0,No,0000000,Not Applicable,99,Unknown,98,Unknown if Notified,99,Unknown EMS Scene Arrival Hour,98,Unknown if Arrived,88,"Not Applicable (Not Transported) ",88,Not Applicable (Not Transported),,,,,,,1,1
2020,51,510089,Virginia,5,5,0,0,0,8,8,165,ROCKINGHAM (165),156,BERGTON,15,15,1,January,2020,4,Wednesday,14,2:00pm-2:59pm,0,0,1,This section IS ON the NHS,1,Rural,1,Interstate,1,State Highway Agency,1,Interstate,I-81,,2401,2401,38.34698889,38.34698889,-78.933169440,-78.933169440,0,No Special Jurisdiction,12,Motor Vehicle In-Transport,2,Front-to-Front,0,No,1,Non-Junction,1,Not an Intersection,0,None,,,1,On Roadway,1,Daylight,,,,,98,Not Reported,0,No,0000000,Not Applicable,99,Unknown,99,Unknown,99,Unknown EMS Scene Arrival Hour,99,Unknown EMS Scene Arrival Minutes,99,Unknown,99,Unknown EMS Hospital Arrival Time,,,,,,,3,1
2020,51,510090,Virginia,2,2,0,0,0,3,3,153,PRINCE WILLIAM (153),0,NOT APPLICABLE,8,8,1,January,2020,4,Wednesday,1,1:00am-1:59am,15,15,1,This section IS ON the NHS,1,Rural,1,Interstate,1,State Highway Agency,1,Interstate,I-95,,1497,1497,38.53828056,38.53828056,-77.350638890,-77.350638890,0,No Special Jurisdiction,12,Motor Vehicle In-Transport,1,Front-to-Rear,0,No,1,Non-Junction,1,Not an Intersection,0,None,,,1,On Roadway,2,Dark - Not Lighted,,,,,98,Not Reported,0,No,0000000,Not Applicable,99,Unknown,99,Unknown,99,Unknown EMS Scene Arrival Hour,99,Unknown EMS Scene Arrival Minutes,99,Unknown,99,Unknown EMS Hospital Arrival Time,,,,,,,1,0
2020,51,510091,Virginia,1,1,0,0,0,1,1,47,CULPEPER (47),0,NOT APPLICABLE,19,19,1,January,2020,1,Sunday,2,2:00am-2:59am,45,45,0,This section IS NOT on the NHS,1,Rural,7,Local,1,State Highway Agency,4,County Road,CR-15,,79,79,38.52771111,38.52771111,-78.057469440,-78.057469440,0,No Special Jurisdiction,42,Tree (Standing Only),0,The First Harmful Event was Not a Collision with a Motor Vehicle in Transport,0,No,1,Non-Junction,1,Not an Intersection,0,None,,,4,On Roadside,2,Dark - Not Lighted,,,,,98,Not Reported,0,No,0000000,Not Applicable,99,Unknown,99,Unknown,99,Unknown EMS Scene Arrival Hour,99,Unknown EMS Scene Arrival Minutes,88,"Not Applicable (Not Transported) ",88,Not Applicable (Not Transported),,,,,,,1,1
2020,51,510092,Virginia,2,2,0,0,0,4,4,550,CHESAPEAKE(CITY) (550),468,CHESAPEAKE,19,19,1,January,2020,1,Sunday,13,1:00pm-1:59pm,54,54,0,This section IS NOT on the NHS,2,Urban,3,Principal Arterial - Other,4,City or Municipal Highway Agency,2,U.S. Highway,US-17,,156,156,36.74603056,36.74603056,-76.286011110,-76.286011110,0,No Special Jurisdiction,12,Motor Vehicle In-Transport,2,Front-to-Front,0,No,1,Non-Junction,1,Not an Intersection,0,None,,,1,On Roadway,1,Daylight,,,,,98,Not Reported,0,No,0000000,Not Applicable,99,Unknown,99,Unknown,99,Unknown EMS Scene Arrival Hour,99,Unknown EMS Scene Arrival Minutes,99,Unknown,99,Unknown EMS Hospital Arrival Time,,,,,,,1,0
2020,51,510093,Virginia,1,1,0,0,0,1,1,195,WISE (195),0,NOT APPLICABLE,21,21,1,January,2020,3,Tuesday,18,6:00pm-6:59pm,45,45,0,This section IS NOT on the NHS,1,Rural,3,Principal Arterial - Other,1,State Highway Agency,2,U.S. Highway,US-23,,491,491,37.02241944,37.02241944,-82.589888890,-82.589888890,0,No Special Jurisdiction,34,Ditch,0,The First Harmful Event was Not a Collision with a Motor Vehicle in Transport,0,No,1,Non-Junction,1,Not an Intersection,0,None,,,4,On Roadside,2,Dark - Not Lighted,,,,,98,Not Reported,0,No,0000000,Not Applicable,99,Unknown,98,Unknown if Notified,99,Unknown EMS Scene Arrival Hour,98,Unknown if Arrived,88,"Not Applicable (Not Transported) ",88,Not Applicable (Not Transported),,,,,,,1,0
2020,51,510094,Virginia,1,1,0,0,0,2,2,183,SUSSEX (183),0,NOT APPLICABLE,22,22,1,January,2020,4,Wednesday,15,3:00pm-3:59pm,0,0,1,This section IS ON the NHS,1,Rural,3,Principal Arterial - Other,1,State Highway Agency,2,U.S. Highway,US-460,,3364,3364,37.07326944,37.07326944,-77.146730560,-77.146730560,0,No Special Jurisdiction,42,Tree (Standing Only),0,The First Harmful Event was Not a Collision with a Motor Vehicle in Transport,0,No,1,Non-Junction,1,Not an Intersection,0,None,,,4,On Roadside,1,Daylight,,,,,98,Not Reported,0,No,0000000,Not Applicable,99,Unknown,99,Unknown,99,Unknown EMS Scene Arrival Hour,99,Unknown EMS Scene Arrival Minutes,99,Unknown,99,Unknown EMS Hospital Arrival Time,,,,,,,1,0
2020,51,510095,Virginia,1,1,0,0,0,1,1,135,NOTTOWAY (135),0,NOT APPLICABLE,19,19,1,January,2020,1,Sunday,1,1:00am-1:59am,25,25,1,This section IS ON the NHS,1,Rural,3,Principal Arterial - Other,1,State Highway Agency,2,U.S. Highway,US-460,,2660,2660,37.20866389,37.20866389,-78.228188890,-78.228188890,0,No Special Jurisdiction,42,Tree (Standing Only),0,The First Harmful Event was Not a Collision with a Motor Vehicle in Transport,0,No,1,Non-Junction,1,Not an Intersection,0,None,,,4,On Roadside,2,Dark - Not Lighted,,,,,98,Not Reported,0,No,0000000,Not Applicable,99,Unknown,99,Unknown,99,Unknown EMS Scene Arrival Hour,99,Unknown EMS Scene Arrival Minutes,88,"Not Applicable (Not Transported) ",88,Not Applicable (Not Transported),,,,,,,1,1
2020,51,510096,Virginia,2,2,0,0,0,2,2,191,WASHINGTON (191),0,NOT APPLICABLE,22,22,1,January,2020,4,Wednesday,19,7:00pm-7:59pm,45,45,0,This section IS NOT on the NHS,1,Rural,5,Major Collector,1,State Highway Agency,3,State Highway,SR-75/GREEN SPRING RD,,47,47,36.64176667,36.64176667,-81.992111110,-81.992111110,0,No Special Jurisdiction,12,Motor Vehicle In-Transport,2,Front-to-Front,0,No,1,Non-Junction,1,Not an Intersection,0,None,,,1,On Roadway,2,Dark - Not Lighted,,,,,98,Not Reported,0,No,0000000,Not Applicable,99,Unknown,99,Unknown,99,Unknown EMS Scene Arrival Hour,99,Unknown EMS Scene Arrival Minutes,99,Unknown,99,Unknown EMS Hospital Arrival Time,,,,,,,1,1
2020,51,510097,Virginia,1,1,0,0,0,1,1,36,CHARLES CITY (36),0,NOT APPLICABLE,22,22,1,January,2020,4,Wednesday,18,6:00pm-6:59pm,11,11,0,This section IS NOT on the NHS,1,Rural,4,Minor Arterial,1,State Highway Agency,3,State Highway,SR-5/JOHN TYLER MEMORIAL HWY,,406,406,37.26458056,37.26458056,-76.892988890,-76.892988890,0,No Special Jurisdiction,42,Tree (Standing Only),0,The First Harmful Event was Not a Collision with a Motor Vehicle in Transport,0,No,1,Non-Junction,1,Not an Intersection,0,None,,,4,On Roadside,2,Dark - Not Lighted,,,,,98,Not Reported,0,No,0000000,Not Applicable,99,Unknown,98,Unknown if Notified,99,Unknown EMS Scene Arrival Hour,98,Unknown if Arrived,88,"Not Applicable (Not Transported) ",88,Not Applicable (Not Transported),,,,,,,1,0
2020,51,510098,Virginia,1,1,0,0,0,1,1,760,RICHMOND (CITY) (760),2060,RICHMOND,24,24,1,January,2020,6,Friday,0,0:00am-0:59am,39,39,0,This section IS NOT on the NHS,2,Urban,3,Principal Arterial - Other,4,City or Municipal Highway Agency,2,U.S. Highway,US-33,NORTH ALLISON ST,1346,1346,37.55796944,37.55796944,-77.462469440,-77.462469440,0,No Special Jurisdiction,33,Curb,0,The First Harmful Event was Not a Collision with a Motor Vehicle in Transport,0,No,3,Intersection-Related,2,Four-Way Intersection,0,None,,,3,On Median,3,Dark - Lighted,,,,,98,Not Reported,0,No,0000000,Not Applicable,99,Unknown,99,Unknown,99,Unknown EMS Scene Arrival Hour,99,Unknown EMS Scene Arrival Minutes,99,Unknown,99,Unknown EMS Hospital Arrival Time,,,,,,,1,1
2020,51,510099,Virginia,1,1,0,1,1,2,2,153,PRINCE WILLIAM (153),810,DUMFRIES,15,15,1,January,2020,4,Wednesday,17,5:00pm-5:59pm,56,56,1,This section IS ON the NHS,2,Urban,3,Principal Arterial - Other,1,State Highway Agency,2,U.S. Highway,US-1,,1673,1673,38.55450000,38.55450000,-77.332550000,-77.332550000,0,No Special Jurisdiction,8,Pedestrian,0,The First Harmful Event was Not a Collision with a Motor Vehicle in Transport,0,No,1,Non-Junction,1,Not an Intersection,0,None,,,1,On Roadway,3,Dark - Lighted,,,,,98,Not Reported,0,No,0000000,Not Applicable,99,Unknown,99,Unknown,99,Unknown EMS Scene Arrival Hour,99,Unknown EMS Scene Arrival Minutes,99,Unknown,99,Unknown EMS Hospital Arrival Time,,,,,,,1,0
2020,51,510100,Virginia,2,2,0,0,0,3,3,197,WYTHE (197),0,NOT APPLICABLE,24,24,1,January,2020,6,Friday,14,2:00pm-2:59pm,21,21,0,This section IS NOT on the NHS,1,Rural,4,Minor Arterial,1,State Highway Agency,2,U.S. Highway,US-11,,615,615,36.91681944,36.91681944,-81.238269440,-81.238269440,0,No Special Jurisdiction,12,Motor Vehicle In-Transport,2,Front-to-Front,0,No,1,Non-Junction,1,Not an Intersection,0,None,,,1,On Roadway,1,Daylight,,,,,2,Rain,1,Yes,0000000,Not Applicable,99,Unknown,99,Unknown,99,Unknown EMS Scene Arrival Hour,99,Unknown EMS Scene Arrival Minutes,99,Unknown,99,Unknown EMS Hospital Arrival Time,,,,,,,1,0
2020,51,510101,Virginia,1,1,0,1,1,1,1,41,CHESTERFIELD (41),0,NOT APPLICABLE,11,11,1,January,2020,7,Saturday,16,4:00pm-4:59pm,53,53,0,This section IS NOT on the NHS,2,Urban,3,Principal Arterial - Other,1,State Highway Agency,2,U.S. Highway,US-360,,1316,1316,37.45388889,37.45388889,-77.556800000,-77.556800000,0,No Special Jurisdiction,8,Pedestrian,0,The First Harmful Event was Not a Collision with a Motor Vehicle in Transport,0,No,1,Non-Junction,1,Not an Intersection,0,None,,,4,On Roadside,5,Dusk,,,,,2,Rain,0,No,0000000,Not Applicable,99,Unknown,98,Unknown if Notified,99,Unknown EMS Scene Arrival Hour,98,Unknown if Arrived,88,"Not Applicable (Not Transported) ",88,Not Applicable (Not Transported),,,,,,,1,0
2020,51,510102,Virginia,1,1,0,0,0,1,1,147,PRINCE EDWARD (147),0,NOT APPLICABLE,19,19,1,January,2020,1,Sunday,23,11:00pm-11:59pm,31,31,0,This section IS NOT on the NHS,1,Rural,4,Minor Arterial,1,State Highway Agency,2,U.S. Highway,US-15,,534,534,37.20171111,37.20171111,-78.434311110,-78.434311110,0,No Special Jurisdiction,42,Tree (Standing Only),0,The First Harmful Event was Not a Collision with a Motor Vehicle in Transport,0,No,1,Non-Junction,1,Not an Intersection,0,None,,,4,On Roadside,2,Dark - Not Lighted,,,,,98,Not Reported,0,No,0000000,Not Applicable,99,Unknown,99,Unknown,99,Unknown EMS Scene Arrival Hour,99,Unknown EMS Scene Arrival Minutes,99,Unknown,99,Unknown EMS Hospital Arrival Time,,,,,,,1,0
2020,51,510103,Virginia,1,1,0,1,1,1,1,87,HENRICO (87),0,NOT APPLICABLE,24,24,1,January,2020,6,Friday,20,8:00pm-8:59pm,17,17,0,This section IS NOT on the NHS,2,Urban,3,Principal Arterial - Other,1,State Highway Agency,2,U.S. Highway,US-33,,1288,1288,37.62700000,37.62700000,-77.505030560,-77.505030560,0,No Special Jurisdiction,8,Pedestrian,0,The First Harmful Event was Not a Collision with a Motor Vehicle in Transport,0,No,1,Non-Junction,1,Not an Intersection,0,None,,,1,On Roadway,2,Dark - Not Lighted,,,,,1,Clear,0,No,0000000,Not Applicable,99,Unknown,98,Unknown if Notified,99,Unknown EMS Scene Arrival Hour,98,Unknown if Arrived,88,"Not Applicable (Not Transported) ",88,Not Applicable (Not Transported),,,,,,,1,0
2020,51,510104,Virginia,5,1,4,0,0,2,2,760,RICHMOND (CITY) (760),2060,RICHMOND,18,18,1,January,2020,7,Saturday,0,0:00am-0:59am,13,13,1,This section IS ON the NHS,2,Urban,3,Principal Arterial - Other,4,City or Municipal Highway Agency,2,U.S. Highway,US-1,,885,885,37.47759444,37.47759444,-77.443941670,-77.443941670,0,No Special Jurisdiction,14,Parked Motor Vehicle,0,The First Harmful Event was Not a Collision with a Motor Vehicle in Transport,0,No,1,Non-Junction,1,Not an Intersection,0,None,,,6,Off Roadway-Location Unknown,3,Dark - Lighted,,,,,98,Not Reported,0,No,0000000,Not Applicable,99,Unknown,99,Unknown,99,Unknown EMS Scene Arrival Hour,99,Unknown EMS Scene Arrival Minutes,99,Unknown,99,Unknown EMS Hospital Arrival Time,,,,,,,1,1
2020,51,510105,Virginia,1,1,0,1,1,1,1,59,FAIRFAX (59),0,NOT APPLICABLE,16,16,1,January,2020,5,Thursday,21,9:00pm-9:59pm,45,45,0,This section IS NOT on the NHS,2,Urban,7,Local,1,State Highway Agency,2,U.S. Highway,US-1,,1826,1826,38.70855000,38.70855000,-77.159750000,-77.159750000,0,No Special Jurisdiction,8,Pedestrian,0,The First Harmful Event was Not a Collision with a Motor Vehicle in Transport,0,No,1,Non-Junction,1,Not an Intersection,0,None,,,1,On Roadway,2,Dark - Not Lighted,,,,,98,Not Reported,0,No,0000000,Not Applicable,99,Unknown,98,Unknown if Notified,99,Unknown EMS Scene Arrival Hour,98,Unknown if Arrived,88,"Not Applicable (Not Transported) ",88,Not Applicable (Not Transported),,,,,,,1,0
2020,51,510106,Virginia,1,1,0,1,1,1,1,700,NEWPORT NEWS (CITY) (700),1720,NEWPORT NEWS,23,23,1,January,2020,5,Thursday,18,6:00pm-6:59pm,48,48,0,This section IS NOT on the NHS,2,Urban,5,Major Collector,4,City or Municipal Highway Agency,6,Local Street - Municipality,CHESAPEAKE AVENUE,,13,13,36.98338056,36.98338056,-76.395430560,-76.395430560,0,No Special Jurisdiction,59,"Traffic Sign Support ",0,The First Harmful Event was Not a Collision with a Motor Vehicle in Transport,0,No,1,Non-Junction,1,Not an Intersection,0,None,,,4,On Roadside,3,Dark - Lighted,,,,,98,Not Reported,0,No,0000000,Not Applicable,99,Unknown,99,Unknown,99,Unknown EMS Scene Arrival Hour,99,Unknown EMS Scene Arrival Minutes,99,Unknown,99,Unknown EMS Hospital Arrival Time,,,,,,,1,1
2020,51,510107,Virginia,2,2,0,0,0,2,2,730,PETERSBURG (CITY) (730),1910,PETERSBURG,24,24,1,January,2020,6,Friday,20,8:00pm-8:59pm,0,0,0,This section IS NOT on the NHS,2,Urban,4,Minor Arterial,4,City or Municipal Highway Agency,6,Local Street - Municipality,RT-142,YOUNG AVE,9,9,37.21314722,37.21314722,-77.410088890,-77.410088890,0,No Special Jurisdiction,12,Motor Vehicle In-Transport,6,Angle,0,No,2,Intersection,2,Four-Way Intersection,0,None,,,1,On Roadway,3,Dark - Lighted,,,,,98,Not Reported,0,No,0000000,Not Applicable,99,Unknown,99,Unknown,99,Unknown EMS Scene Arrival Hour,99,Unknown EMS Scene Arrival Minutes,99,Unknown,99,Unknown EMS Hospital Arrival Time,,,,,,,1,0
2020,51,510108,Virginia,1,1,0,0,0,1,1,25,BRUNSWICK (25),0,NOT APPLICABLE,20,20,1,January,2020,2,Monday,0,0:00am-0:59am,25,25,0,This section IS NOT on the NHS,1,Rural,6,Minor Collector,1,State Highway Agency,4,County Road,CR-634,,62,62,36.82510000,36.82510000,-77.737100000,-77.737100000,0,No Special Jurisdiction,34,Ditch,0,The First Harmful Event was Not a Collision with a Motor Vehicle in Transport,0,No,1,Non-Junction,1,Not an Intersection,0,None,,,4,On Roadside,2,Dark - Not Lighted,,,,,98,Not Reported,0,No,0000000,Not Applicable,99,Unknown,99,Unknown,99,Unknown EMS Scene Arrival Hour,99,Unknown EMS Scene Arrival Minutes,99,Unknown,99,Unknown EMS Hospital Arrival Time,,,,,,,1,1
2020,51,510109,Virginia,1,1,0,0,0,1,1,65,FLUVANNA (65),0,NOT APPLICABLE,20,20,1,January,2020,2,Monday,19,7:00pm-7:59pm,31,31,0,This section IS NOT on the NHS,2,Urban,5,Major Collector,1,State Highway Agency,4,County Road,CR-600,LAKE MONTICELLO RD,31,31,37.91546111,37.91546111,-78.299569440,-78.299569440,0,No Special Jurisdiction,24,Guardrail Face,0,The First Harmful Event was Not a Collision with a Motor Vehicle in Transport,0,No,3,Intersection-Related,3,T-Intersection,0,None,,,4,On Roadside,2,Dark - Not Lighted,,,,,98,Not Reported,0,No,0000000,Not Applicable,99,Unknown,99,Unknown,99,Unknown EMS Scene Arrival Hour,99,Unknown EMS Scene Arrival Minutes,99,Unknown,99,Unknown EMS Hospital Arrival Time,,,,,,,1,0
2020,51,510110,Virginia,2,2,0,0,0,4,4,183,SUSSEX (183),0,NOT APPLICABLE,29,29,1,January,2020,4,Wednesday,4,4:00am-4:59am,20,20,1,This section IS ON the NHS,1,Rural,1,Interstate,1,State Highway Agency,1,Interstate,I-95,,242,242,36.85096111,36.85096111,-77.428219440,-77.428219440,0,No Special Jurisdiction,12,Motor Vehicle In-Transport,1,Front-to-Rear,0,No,1,Non-Junction,1,Not an Intersection,0,None,,,1,On Roadway,2,Dark - Not Lighted,,,,,98,Not Reported,0,No,0000000,Not Applicable,99,Unknown,99,Unknown,99,Unknown EMS Scene Arrival Hour,99,Unknown EMS Scene Arrival Minutes,88,"Not Applicable (Not Transported) ",99,Unknown EMS Hospital Arrival Time,,,,,,,2,0
2020,51,510111,Virginia,2,2,0,0,0,2,2,113,MADISON (113),0,NOT APPLICABLE,30,30,1,January,2020,5,Thursday,14,2:00pm-2:59pm,5,5,0,This section IS NOT on the NHS,1,Rural,4,Minor Arterial,1,State Highway Agency,3,State Highway,SR-231/BLUERIDGE TPKE,AYLOR RD,5,5,38.44360278,38.44360278,-78.272225000,-78.272225000,0,No Special Jurisdiction,12,Motor Vehicle In-Transport,2,Front-to-Front,0,No,2,Intersection,3,T-Intersection,0,None,,,1,On Roadway,1,Daylight,,,,,98,Not Reported,0,No,0000000,Not Applicable,99,Unknown,98,Unknown if Notified,99,Unknown EMS Scene Arrival Hour,98,Unknown if Arrived,88,"Not Applicable (Not Transported) ",88,Not Applicable (Not Transported),,,,,,,2,0
2020,51,510112,Virginia,3,3,0,0,0,5,5,87,HENRICO (87),0,NOT APPLICABLE,30,30,1,January,2020,5,Thursday,9,9:00am-9:59am,46,46,0,This section IS NOT on the NHS,2,Urban,7,Local,99,Unknown,6,Local Street - Municipality,BYRON ST,AUSTIN AVE,5,5,37.57588333,37.57588333,-77.403936110,-77.403936110,0,No Special Jurisdiction,12,Motor Vehicle In-Transport,6,Angle,0,No,2,Intersection,2,Four-Way Intersection,0,None,,,1,On Roadway,1,Daylight,,,,,98,Not Reported,0,No,0000000,Not Applicable,99,Unknown,99,Unknown,99,Unknown EMS Scene Arrival Hour,99,Unknown EMS Scene Arrival Minutes,99,Unknown,99,Unknown EMS Hospital Arrival Time,,,,,,,2,0
2020,51,510113,Virginia,2,2,0,0,0,2,2,11,APPOMATTOX (11),0,NOT APPLICABLE,27,27,1,January,2020,2,Monday,1,1:00am-1:59am,50,50,0,This section IS NOT on the NHS,1,Rural,5,Major Collector,1,State Highway Agency,4,County Road,CR-727,,77,77,37.31181111,37.31181111,-78.831630560,-78.831630560,0,No Special Jurisdiction,12,Motor Vehicle In-Transport,2,Front-to-Front,0,No,1,Non-Junction,1,Not an Intersection,0,None,,,1,On Roadway,2,Dark - Not Lighted,,,,,98,Not Reported,0,No,0000000,Not Applicable,99,Unknown,99,Unknown,99,Unknown EMS Scene Arrival Hour,99,Unknown EMS Scene Arrival Minutes,99,Unknown,99,Unknown EMS Hospital Arrival Time,,,,,,,1,0
2020,51,510114,Virginia,1,1,0,0,0,5,5,67,FRANKLIN (67),0,NOT APPLICABLE,26,26,1,January,2020,1,Sunday,19,7:00pm-7:59pm,0,0,0,This section IS NOT on the NHS,1,Rural,5,Major Collector,1,State Highway Agency,4,County Road,CR-834,,79,79,37.08486389,37.08486389,-79.749622220,-79.749622220,0,No Special Jurisdiction,42,Tree (Standing Only),0,The First Harmful Event was Not a Collision with a Motor Vehicle in Transport,0,No,1,Non-Junction,1,Not an Intersection,0,None,,,4,On Roadside,2,Dark - Not Lighted,,,,,1,Clear,0,No,0000000,Not Applicable,99,Unknown,99,Unknown,99,Unknown EMS Scene Arrival Hour,99,Unknown EMS Scene Arrival Minutes,99,Unknown,99,Unknown EMS Hospital Arrival Time,,,,,,,1,0
2020,51,510115,Virginia,1,1,0,0,0,1,1,41,CHESTERFIELD (41),0,NOT APPLICABLE,26,26,1,January,2020,1,Sunday,18,6:00pm-6:59pm,41,41,0,This section IS NOT on the NHS,2,Urban,4,Minor Arterial,1,State Highway Agency,4,County Road,CR-651,,21,21,37.40651944,37.40651944,-77.601288890,-77.601288890,0,No Special Jurisdiction,42,Tree (Standing Only),0,The First Harmful Event was Not a Collision with a Motor Vehicle in Transport,0,No,1,Non-Junction,1,Not an Intersection,0,None,,,4,On Roadside,2,Dark - Not Lighted,,,,,1,Clear,0,No,0000000,Not Applicable,99,Unknown,99,Unknown,99,Unknown EMS Scene Arrival Hour,99,Unknown EMS Scene Arrival Minutes,99,Unknown,99,Unknown EMS Hospital Arrival Time,,,,,,,1,1
2020,51,510116,Virginia,1,1,0,0,0,1,1,735,POQUOSON (CITY) (735),1946,POQUOSON,30,30,1,January,2020,5,Thursday,21,9:00pm-9:59pm,21,21,0,This section IS NOT on the NHS,2,Urban,5,Major Collector,4,City or Municipal Highway Agency,6,Local Street - Municipality,YORKTOWN RD,,5,5,37.13411111,37.13411111,-76.403700000,-76.403700000,0,No Special Jurisdiction,43,Other Fixed Object,0,The First Harmful Event was Not a Collision with a Motor Vehicle in Transport,0,No,1,Non-Junction,1,Not an Intersection,0,None,,,4,On Roadside,3,Dark - Lighted,,,,,98,Not Reported,0,No,0000000,Not Applicable,99,Unknown,99,Unknown,99,Unknown EMS Scene Arrival Hour,99,Unknown EMS Scene Arrival Minutes,99,Unknown,99,Unknown EMS Hospital Arrival Time,,,,,,,1,1