caseyear,state,st_case,statename,ve_total,ve_forms,pvh_invl,peds,pernotmvit,permvit,persons,county,countyname,city,cityname,day,dayname,month,monthname,year,day_week,day_weekname,hour,hourname,minute,minutename,nhs,nhsname,rur_urb,rur_urbname,func_sys,func_sysname,rd_owner,rd_ownername,route,routename,tway_id,tway_id2,milept,mileptname,latitude,latitudename,longitud,longitudname,sp_jur,sp_jurname,harm_ev,harm_evname,man_coll,man_collname,reljct1,reljct1name,reljct2,reljct2name,typ_int,typ_intname,wrk_zone,wrk_zonename,road_fnc,road_fncname,rel_road,rel_roadname,lgt_cond,lgt_condname,weather1,weather1name,weather2,weather2name,weather,weathername,sch_bus,sch_busname,rail,railname,not_hour,not_hourname,not_min,not_minname,arr_hour,arr_hourname,arr_min,arr_minname,hosp_hr,hosp_hrname,hosp_mn,hosp_mnname,cf1,cf1name,cf2,cf2name,cf3,cf3name,fatals,drunk_dr
2020,51,510540,Virginia,1,1,0,1,1,1,1,770,ROANOKE (CITY) (770),2100,ROANOKE,3,3,9,September,2020,5,Thursday,18,6:00pm-6:59pm,13,13,0,This section IS NOT on the NHS,2,Urban,4,Minor Arterial,4,City or Municipal Highway Agency,6,Local Street - Municipality,SALEM TRNPK,CALVARY RD,12,12,37.28681389,37.28681389,-79.999180560,-79.999180560,0,No Special Jurisdiction,8,Pedestrian,0,The First Harmful Event was Not a Collision with a Motor Vehicle in Transport,0,No,3,Intersection-Related,3,T-Intersection,0,None,,,1,On Roadway,1,Daylight,,,,,98,Not Reported,0,No,0000000,Not Applicable,99,Unknown,99,Unknown,99,Unknown EMS Scene Arrival Hour,99,Unknown EMS Scene Arrival Minutes,99,Unknown,99,Unknown EMS Hospital Arrival Time,,,,,,,1,0
2020,51,510541,Virginia,1,1,0,1,1,1,1,770,ROANOKE (CITY) (770),2100,ROANOKE,7,7,9,September,2020,2,Monday,1,1:00am-1:59am,29,29,0,This section IS NOT on the NHS,2,Urban,3,Principal Arterial - Other,4,City or Municipal Highway Agency,3,State Highway,SR-101/HERSHBERGER RD,,25,25,37.31374722,37.31374722,-79.964836110,-79.964836110,0,No Special Jurisdiction,8,Pedestrian,0,The First Harmful Event was Not a Collision with a Motor Vehicle in Transport,0,No,1,Non-Junction,1,Not an Intersection,0,None,,,1,On Roadway,3,Dark - Lighted,,,,,98,Not Reported,0,No,0000000,Not Applicable,99,Unknown,98,Unknown if Notified,99,Unknown EMS Scene Arrival Hour,98,Unknown if Arrived,88,"Not Applicable (Not Transported) ",88,Not Applicable (Not Transported),,,,,,,1,0
2020,51,510542,Virginia,1,1,0,2,2,1,1,770,ROANOKE (CITY) (770),2100,ROANOKE,4,4,9,September,2020,6,Friday,21,9:00pm-9:59pm,11,11,1,This section IS ON the NHS,2,Urban,3,Principal Arterial - Other,4,City or Municipal Highway Agency,2,U.S. Highway,US-11,,1534,1534,37.29312222,37.29312222,-79.935480560,-79.935480560,0,No Special Jurisdiction,8,Pedestrian,0,The First Harmful Event was Not a Collision with a Motor Vehicle in Transport,0,No,1,Non-Junction,1,Not an Intersection,0,None,,,1,On Roadway,3,Dark - Lighted,,,,,98,Not Reported,0,No,0000000,Not Applicable,99,Unknown,99,Unknown,99,Unknown EMS Scene Arrival Hour,99,Unknown EMS Scene Arrival Minutes,99,Unknown,99,Unknown EMS Hospital Arrival Time,,,,,,,1,0
2020,51,510543,Virginia,1,1,0,0,0,2,2,770,ROANOKE (CITY) (770),2100,ROANOKE,7,7,9,September,2020,2,Monday,0,0:00am-0:59am,36,36,1,This section IS ON the NHS,2,Urban,3,Principal Arterial - Other,4,City or Municipal Highway Agency,2,U.S. Highway,US-11,,1509,1509,37.27105000,37.27105000,-79.954666670,-79.954666670,0,No Special Jurisdiction,33,Curb,0,The First Harmful Event was Not a Collision with a Motor Vehicle in Transport,0,No,1,Non-Junction,1,Not an Intersection,0,None,,,4,On Roadside,3,Dark - Lighted,,,,,98,Not Reported,0,No,0000000,Not Applicable,99,Unknown,99,Unknown,99,Unknown EMS Scene Arrival Hour,99,Unknown EMS Scene Arrival Minutes,99,Unknown,99,Unknown EMS Hospital Arrival Time,,,,,,,1,1
2020,51,510544,Virginia,2,2,0,0,0,3,3,169,SCOTT (169),570,CLINCHPORT,20,20,9,September,2020,1,Sunday,17,5:00pm-5:59pm,35,35,0,This section IS NOT on the NHS,1,Rural,5,Major Collector,1,State Highway Agency,3,State Highway,SR-23/DANIEL BOONE HWY,SR-65/CLINCH RIVER HWY,0,None,36.66870556,36.66870556,-82.752788890,-82.752788890,0,No Special Jurisdiction,12,Motor Vehicle In-Transport,6,Angle,0,No,2,Intersection,3,T-Intersection,0,None,,,1,On Roadway,1,Daylight,,,,,98,Not Reported,0,No,0000000,Not Applicable,99,Unknown,99,Unknown,99,Unknown EMS Scene Arrival Hour,99,Unknown EMS Scene Arrival Minutes,99,Unknown,99,Unknown EMS Hospital Arrival Time,,,,,,,1,0
2020,51,510545,Virginia,1,1,0,0,0,1,1,85,HANOVER (85),0,NOT APPLICABLE,19,19,9,September,2020,7,Saturday,15,3:00pm-3:59pm,58,58,0,This section IS NOT on the NHS,1,Rural,3,Principal Arterial - Other,1,State Highway Agency,2,U.S. Highway,US-360,,1530,1530,37.63430000,37.63430000,-77.273866670,-77.273866670,0,No Special Jurisdiction,1,Rollover/Overturn,0,The First Harmful Event was Not a Collision with a Motor Vehicle in Transport,0,No,1,Non-Junction,1,Not an Intersection,0,None,,,4,On Roadside,1,Daylight,,,,,98,Not Reported,0,No,0000000,Not Applicable,99,Unknown,99,Unknown,99,Unknown EMS Scene Arrival Hour,99,Unknown EMS Scene Arrival Minutes,88,"Not Applicable (Not Transported) ",88,Not Applicable (Not Transported),,,,,,,1,0
2020,51,510546,Virginia,1,1,0,0,0,1,1,193,WESTMORELAND (193),0,NOT APPLICABLE,5,5,9,September,2020,7,Saturday,23,11:00pm-11:59pm,30,30,0,This section IS NOT on the NHS,1,Rural,5,Major Collector,1,State Highway Agency,4,County Road,CR-631,,20,20,38.22855556,38.22855556,-77.031100000,-77.031100000,0,No Special Jurisdiction,34,Ditch,0,The First Harmful Event was Not a Collision with a Motor Vehicle in Transport,0,No,1,Non-Junction,1,Not an Intersection,0,None,,,4,On Roadside,2,Dark - Not Lighted,,,,,98,Not Reported,0,No,0000000,Not Applicable,99,Unknown,99,Unknown,99,Unknown EMS Scene Arrival Hour,99,Unknown EMS Scene Arrival Minutes,88,"Not Applicable (Not Transported) ",88,Not Applicable (Not Transported),,,,,,,1,1
2020,51,510547,Virginia,2,2,0,0,0,4,4,760,RICHMOND (CITY) (760),2060,RICHMOND,23,23,9,September,2020,4,Wednesday,18,6:00pm-6:59pm,28,28,0,This section IS NOT on the NHS,2,Urban,3,Principal Arterial - Other,4,City or Municipal Highway Agency,2,U.S. Highway,US-1,CHICAGO AVE,907,907,37.51006111,37.51006111,-77.447616670,-77.447616670,0,No Special Jurisdiction,12,Motor Vehicle In-Transport,6,Angle,0,No,2,Intersection,3,T-Intersection,0,None,,,1,On Roadway,1,Daylight,,,,,98,Not Reported,0,No,0000000,Not Applicable,99,Unknown,99,Unknown,99,Unknown EMS Scene Arrival Hour,99,Unknown EMS Scene Arrival Minutes,99,Unknown,99,Unknown EMS Hospital Arrival Time,,,,,,,1,0
2020,51,510548,Virginia,1,1,0,0,0,1,1,113,MADISON (113),0,NOT APPLICABLE,15,15,9,September,2020,3,Tuesday,11,11:00am-11:59am,25,25,0,This section IS NOT on the NHS,1,Rural,4,Minor Arterial,98,Not Reported,3,State Highway,SR-230/ORANGE RD,,119,119,38.34778056,38.34778056,-78.270836110,-78.270836110,0,No Special Jurisdiction,42,Tree (Standing Only),0,The First Harmful Event was Not a Collision with a Motor Vehicle in Transport,0,No,1,Non-Junction,1,Not an Intersection,0,None,,,4,On Roadside,1,Daylight,,,,,98,Not Reported,0,No,0000000,Not Applicable,99,Unknown,99,Unknown,99,Unknown EMS Scene Arrival Hour,99,Unknown EMS Scene Arrival Minutes,99,Unknown,99,Unknown EMS Hospital Arrival Time,,,,,,,1,0
2020,51,510549,Virginia,1,1,0,0,0,2,2,93,ISLE OF WIGHT (93),0,NOT APPLICABLE,22,22,9,September,2020,3,Tuesday,22,10:00pm-10:59pm,26,26,1,This section IS ON the NHS,1,Rural,3,Principal Arterial - Other,1,State Highway Agency,3,State Highway,SR-32,,306,306,36.94216944,36.94216944,-76.548502780,-76.548502780,0,No Special Jurisdiction,53,Mail Box,0,The First Harmful Event was Not a Collision with a Motor Vehicle in Transport,0,No,1,Non-Junction,1,Not an Intersection,0,None,,,4,On Roadside,2,Dark - Not Lighted,,,,,98,Not Reported,0,No,0000000,Not Applicable,99,Unknown,99,Unknown,99,Unknown EMS Scene Arrival Hour,99,Unknown EMS Scene Arrival Minutes,99,Unknown,99,Unknown EMS Hospital Arrival Time,,,,,,,1,0
2020,51,510550,Virginia,1,1,0,0,0,1,1,683,MANASSAS (CITY) (683),1550,MANASSAS,28,28,9,September,2020,2,Monday,1,1:00am-1:59am,41,41,0,This section IS NOT on the NHS,2,Urban,5,Major Collector,4,City or Municipal Highway Agency,6,Local Street - Municipality,ASHTON AVE,,3,3,38.76026111,38.76026111,-77.495388890,-77.495388890,0,No Special Jurisdiction,42,Tree (Standing Only),0,The First Harmful Event was Not a Collision with a Motor Vehicle in Transport,0,No,1,Non-Junction,1,Not an Intersection,0,None,,,3,On Median,6,Dark - Unknown Lighting,,,,,98,Not Reported,0,No,0000000,Not Applicable,99,Unknown,99,Unknown,99,Unknown EMS Scene Arrival Hour,99,Unknown EMS Scene Arrival Minutes,88,"Not Applicable (Not Transported) ",88,Not Applicable (Not Transported),,,,,,,1,1
2020,51,510551,Virginia,1,1,0,0,0,2,2,810,VIRGINIA BEACH (CITY) (810),2540,VIRGINIA BEACH,7,7,8,August,2020,6,Friday,22,10:00pm-10:59pm,24,24,0,This section IS NOT on the NHS,2,Urban,4,Minor Arterial,4,City or Municipal Highway Agency,3,State Highway,SR-165,,157,157,36.71891111,36.71891111,-76.099694440,-76.099694440,0,No Special Jurisdiction,59,"Traffic Sign Support ",0,The First Harmful Event was Not a Collision with a Motor Vehicle in Transport,0,No,1,Non-Junction,1,Not an Intersection,0,None,,,4,On Roadside,3,Dark - Lighted,,,,,98,Not Reported,0,No,0000000,Not Applicable,99,Unknown,99,Unknown,99,Unknown EMS Scene Arrival Hour,99,Unknown EMS Scene Arrival Minutes,99,Unknown,99,Unknown EMS Hospital Arrival Time,,,,,,,1,1
2020,51,510552,Virginia,1,1,0,0,0,1,1,53,DINWIDDIE (53),0,NOT APPLICABLE,26,26,9,September,2020,7,Saturday,0,0:00am-0:59am,4,4,1,This section IS ON the NHS,1,Rural,1,Interstate,1,State Highway Agency,1,Interstate,I-85,,486,486,37.03351111,37.03351111,-77.633219440,-77.633219440,0,No Special Jurisdiction,24,Guardrail Face,0,The First Harmful Event was Not a Collision with a Motor Vehicle in Transport,0,No,1,Non-Junction,1,Not an Intersection,0,None,,,4,On Roadside,2,Dark - Not Lighted,,,,,2,Rain,0,No,0000000,Not Applicable,99,Unknown,99,Unknown,99,Unknown EMS Scene Arrival Hour,99,Unknown EMS Scene Arrival Minutes,88,"Not Applicable (Not Transported) ",88,Not Applicable (Not Transported),,,,,,,1,0
2020,51,510553,Virginia,3,3,0,0,0,4,4,59,FAIRFAX (59),0,NOT APPLICABLE,23,23,9,September,2020,4,Wednesday,23,11:00pm-11:59pm,23,23,1,This section IS ON the NHS,2,Urban,1,Interstate,1,State Highway Agency,1,Interstate,I-95,,1618,1618,38.67543333,38.67543333,-77.237958330,-77.237958330,0,No Special Jurisdiction,12,Motor Vehicle In-Transport,6,Angle,0,No,1,Non-Junction,1,Not an Intersection,4,"Work Zone, Type Unknown",,,1,On Roadway,3,Dark - Lighted,,,,,98,Not Reported,0,No,0000000,Not Applicable,99,Unknown,99,Unknown,99,Unknown EMS Scene Arrival Hour,99,Unknown EMS Scene Arrival Minutes,99,Unknown,99,Unknown EMS Hospital Arrival Time,,,,,,,1,1
2020,51,510554,Virginia,1,1,0,0,0,1,1,740,PORTSMOUTH (CITY) (740),1970,PORTSMOUTH,26,26,9,September,2020,7,Saturday,0,0:00am-0:59am,56,56,1,This section IS ON the NHS,2,Urban,2,Principal Arterial - Other Freeways and Expressways,1,State Highway Agency,3,State Highway,SR-164/WESTERN FWY,,63,63,36.85426667,36.85426667,-76.341780560,-76.341780560,0,No Special Jurisdiction,26,Other Traffic Barrier,0,The First Harmful Event was Not a Collision with a Motor Vehicle in Transport,0,No,1,Non-Junction,1,Not an Intersection,0,None,,,4,On Roadside,3,Dark - Lighted,,,,,98,Not Reported,0,No,0000000,Not Applicable,99,Unknown,99,Unknown,99,Unknown EMS Scene Arrival Hour,99,Unknown EMS Scene Arrival Minutes,99,Unknown,99,Unknown EMS Hospital Arrival Time,,,,,,,1,1
2020,51,510555,Virginia,1,1,0,0,0,1,1,199,YORK (199),0,NOT APPLICABLE,28,28,9,September,2020,2,Monday,1,1:00am-1:59am,30,30,1,This section IS ON the NHS,2,Urban,4,Minor Arterial,1,State Highway Agency,3,State Highway,SR-238/OLD WILLIAMSBURG RD,,30,30,37.23074444,37.23074444,-76.557052780,-76.557052780,0,No Special Jurisdiction,30,Utility Pole/Light Support,0,The First Harmful Event was Not a Collision with a Motor Vehicle in Transport,0,No,1,Non-Junction,1,Not an Intersection,0,None,,,4,On Roadside,3,Dark - Lighted,,,,,98,Not Reported,0,No,0000000,Not Applicable,99,Unknown,99,Unknown,99,Unknown EMS Scene Arrival Hour,99,Unknown EMS Scene Arrival Minutes,88,"Not Applicable (Not Transported) ",88,Not Applicable (Not Transported),,,,,,,1,1
2020,51,510556,Virginia,2,2,0,0,0,4,4,89,HENRY (89),0,NOT APPLICABLE,26,26,9,September,2020,7,Saturday,11,11:00am-11:59am,55,55,0,This section IS NOT on the NHS,1,Rural,3,Principal Arterial - Other,1,State Highway Agency,2,U.S. Highway,US-58,,2586,2586,36.62738056,36.62738056,-79.953000000,-79.953000000,0,No Special Jurisdiction,12,Motor Vehicle In-Transport,6,Angle,0,No,8,Driveway Access Related,1,Not an Intersection,0,None,,,1,On Roadway,1,Daylight,,,,,98,Not Reported,0,No,0000000,Not Applicable,99,Unknown,99,Unknown,99,Unknown EMS Scene Arrival Hour,99,Unknown EMS Scene Arrival Minutes,99,Unknown,99,Unknown EMS Hospital Arrival Time,,,,,,,1,0
2020,51,510557,Virginia,8,8,0,0,0,11,11,730,PETERSBURG (CITY) (730),1910,PETERSBURG,26,26,9,September,2020,7,Saturday,10,10:00am-10:59am,50,50,1,This section IS ON the NHS,2,Urban,1,Interstate,1,State Highway Agency,1,Interstate,I-85,,486,486,37.21695278,37.21695278,-77.385680560,-77.385680560,0,No Special Jurisdiction,12,Motor Vehicle In-Transport,7,Sideswipe - Same Direction,0,No,1,Non-Junction,1,Not an Intersection,0,None,,,1,On Roadway,1,Daylight,,,,,98,Not Reported,0,No,0000000,Not Applicable,99,Unknown,99,Unknown,99,Unknown EMS Scene Arrival Hour,99,Unknown EMS Scene Arrival Minutes,99,Unknown,99,Unknown EMS Hospital Arrival Time,,,,,,,1,0
2020,51,510558,Virginia,1,1,0,1,1,1,1,810,VIRGINIA BEACH (CITY) (810),2540,VIRGINIA BEACH,14,14,9,September,2020,2,Monday,21,9:00pm-9:59pm,37,37,0,This section IS NOT on the NHS,2,Urban,4,Minor Arterial,4,City or Municipal Highway Agency,6,Local Street - Municipality,INDIAN RIVER RD,,13,13,36.81055000,36.81055000,-76.201694440,-76.201694440,0,No Special Jurisdiction,8,Pedestrian,0,The First Harmful Event was Not a Collision with a Motor Vehicle in Transport,0,No,1,Non-Junction,1,Not an Intersection,0,None,,,1,On Roadway,3,Dark - Lighted,,,,,98,Not Reported,0,No,0000000,Not Applicable,99,Unknown,99,Unknown,99,Unknown EMS Scene Arrival Hour,99,Unknown EMS Scene Arrival Minutes,88,"Not Applicable (Not Transported) ",88,Not Applicable (Not Transported),,,,,,,1,0
2020,51,510559,Virginia,2,2,0,0,0,2,2,89,HENRY (89),0,NOT APPLICABLE,30,30,9,September,2020,4,Wednesday,11,11:00am-11:59am,0,0,0,This section IS NOT on the NHS,2,Urban,5,Major Collector,1,State Highway Agency,4,County Road,CR-698,,116,116,36.74806944,36.74806944,-79.994994440,-79.994994440,0,No Special Jurisdiction,12,Motor Vehicle In-Transport,2,Front-to-Front,0,No,1,Non-Junction,1,Not an Intersection,0,None,,,1,On Roadway,1,Daylight,,,,,98,Not Reported,0,No,0000000,Not Applicable,99,Unknown,99,Unknown,99,Unknown EMS Scene Arrival Hour,99,Unknown EMS Scene Arrival Minutes,88,"Not Applicable (Not Transported) ",88,Not Applicable (Not Transported),,,,,,,1,0
2020,51,510560,Virginia,3,3,0,0,0,3,3,59,FAIRFAX (59),0,NOT APPLICABLE,20,20,8,August,2020,5,Thursday,8,8:00am-8:59am,30,30,1,This section IS ON the NHS,2,Urban,1,Interstate,1,State Highway Agency,1,Interstate,I-495,,1734,1734,38.79750278,38.79750278,-77.127311110,-77.127311110,0,No Special Jurisdiction,12,Motor Vehicle In-Transport,6,Angle,0,No,1,Non-Junction,1,Not an Intersection,0,None,,,1,On Roadway,1,Daylight,,,,,98,Not Reported,0,No,0000000,Not Applicable,99,Unknown,99,Unknown,99,Unknown EMS Scene Arrival Hour,99,Unknown EMS Scene Arrival Minutes,99,Unknown,99,Unknown EMS Hospital Arrival Time,,,,,,,1,0
2020,51,510561,Virginia,2,2,0,0,0,2,2,121,MONTGOMERY (121),0,NOT APPLICABLE,29,29,8,August,2020,7,Saturday,18,6:00pm-6:59pm,20,20,1,This section IS ON the NHS,1,Rural,1,Interstate,1,State Highway Agency,1,Interstate,I-81,,1195,1195,37.14538333,37.14538333,-80.344694440,-80.344694440,0,No Special Jurisdiction,12,Motor Vehicle In-Transport,1,Front-to-Rear,0,No,1,Non-Junction,1,Not an Intersection,0,None,,,1,On Roadway,1,Daylight,,,,,98,Not Reported,0,No,0000000,Not Applicable,99,Unknown,99,Unknown,99,Unknown EMS Scene Arrival Hour,99,Unknown EMS Scene Arrival Minutes,88,"Not Applicable (Not Transported) ",88,Not Applicable (Not Transported),,,,,,,1,0
2020,51,510562,Virginia,1,1,0,0,0,1,1,197,WYTHE (197),0,NOT APPLICABLE,29,29,9,September,2020,3,Tuesday,17,5:00pm-5:59pm,48,48,1,This section IS ON the NHS,1,Rural,1,Interstate,1,State Highway Agency,1,Interstate,I-77,,4,4,36.94525833,36.94525833,-80.918788890,-80.918788890,0,No Special Jurisdiction,24,Guardrail Face,0,The First Harmful Event was Not a Collision with a Motor Vehicle in Transport,0,No,1,Non-Junction,1,Not an Intersection,0,None,,,4,On Roadside,1,Daylight,,,,,2,Rain,0,No,0000000,Not Applicable,99,Unknown,98,Unknown if Notified,99,Unknown EMS Scene Arrival Hour,98,Unknown if Arrived,88,"Not Applicable (Not Transported) ",88,Not Applicable (Not Transported),,,,,,,1,0
2020,51,510563,Virginia,2,2,0,0,0,2,2,87,HENRICO (87),0,NOT APPLICABLE,27,27,9,September,2020,1,Sunday,15,3:00pm-3:59pm,11,11,0,This section IS NOT on the NHS,2,Urban,3,Principal Arterial - Other,1,State Highway Agency,2,U.S. Highway,US-301,DIANE LANE,820,820,37.63464444,37.63464444,-77.429644440,-77.429644440,0,No Special Jurisdiction,12,Motor Vehicle In-Transport,6,Angle,0,No,2,Intersection,2,Four-Way Intersection,0,None,,,1,On Roadway,1,Daylight,,,,,98,Not Reported,0,No,0000000,Not Applicable,99,Unknown,99,Unknown,99,Unknown EMS Scene Arrival Hour,99,Unknown EMS Scene Arrival Minutes,88,"Not Applicable (Not Transported) ",88,Not Applicable (Not Transported),,,,,,,1,1
2020,51,510564,Virginia,2,2,0,0,0,4,4,119,MIDDLESEX (119),0,NOT APPLICABLE,25,25,9,September,2020,6,Friday,19,7:00pm-7:59pm,0,0,0,This section IS NOT on the NHS,1,Rural,4,Minor Arterial,1,State Highway Agency,3,State Highway,SR-3/GENERAL PULLER HWY,,1332,1332,37.57532778,37.57532778,-76.482522220,-76.482522220,0,No Special Jurisdiction,12,Motor Vehicle In-Transport,6,Angle,0,No,8,Driveway Access Related,1,Not an Intersection,0,None,,,1,On Roadway,5,Dusk,,,,,2,Rain,0,No,0000000,Not Applicable,99,Unknown,99,Unknown,99,Unknown EMS Scene Arrival Hour,99,Unknown EMS Scene Arrival Minutes,99,Unknown,99,Unknown EMS Hospital Arrival Time,,,,,,,1,0
2020,51,510565,Virginia,1,1,0,0,0,1,1,67,FRANKLIN (67),0,NOT APPLICABLE,29,29,9,September,2020,3,Tuesday,15,3:00pm-3:59pm,5,5,0,This section IS NOT on the NHS,1,Rural,5,Major Collector,1,State Highway Agency,4,County Road,CR-623,,51,51,36.89616667,36.89616667,-80.053516670,-80.053516670,0,No Special Jurisdiction,25,Concrete Traffic Barrier,0,The First Harmful Event was Not a Collision with a Motor Vehicle in Transport,0,No,1,Non-Junction,1,Not an Intersection,0,None,,,4,On Roadside,1,Daylight,,,,,2,Rain,0,No,0000000,Not Applicable,99,Unknown,98,Unknown if Notified,99,Unknown EMS Scene Arrival Hour,98,Unknown if Arrived,88,"Not Applicable (Not Transported) ",88,Not Applicable (Not Transported),,,,,,,1,1
2020,51,510566,Virginia,1,1,0,0,0,1,1,730,PETERSBURG (CITY) (730),1910,PETERSBURG,20,20,9,September,2020,1,Sunday,3,3:00am-3:59am,30,30,0,This section IS NOT on the NHS,2,Urban,4,Minor Arterial,4,City or Municipal Highway Agency,6,Local Street - Municipality,GRAHAM RD,,19,19,37.21526944,37.21526944,-77.385611110,-77.385611110,0,No Special Jurisdiction,42,Tree (Standing Only),0,The First Harmful Event was Not a Collision with a Motor Vehicle in Transport,0,No,1,Non-Junction,1,Not an Intersection,0,None,,,4,On Roadside,3,Dark - Lighted,,,,,98,Not Reported,0,No,0000000,Not Applicable,99,Unknown,99,Unknown,99,Unknown EMS Scene Arrival Hour,99,Unknown EMS Scene Arrival Minutes,88,"Not Applicable (Not Transported) ",88,Not Applicable (Not Transported),,,,,,,1,1
2020,51,510567,Virginia,1,1,0,0,0,1,1,59,FAIRFAX (59),0,NOT APPLICABLE,28,28,9,September,2020,2,Monday,6,6:00am-6:59am,0,0,1,This section IS ON the NHS,2,Urban,1,Interstate,1,State Highway Agency,3,State Highway,SR-286/I-66 RAMP,,0,None,38.85651111,38.85651111,-77.388061110,-77.388061110,0,No Special Jurisdiction,24,Guardrail Face,0,The First Harmful Event was Not a Collision with a Motor Vehicle in Transport,1,Yes,5,Entrance/Exit Ramp Related,1,Not an Intersection,0,None,,,4,On Roadside,4,Dawn,,,,,98,Not Reported,0,No,0000000,Not Applicable,99,Unknown,99,Unknown,99,Unknown EMS Scene Arrival Hour,99,Unknown EMS Scene Arrival Minutes,88,"Not Applicable (Not Transported) ",88,Not Applicable (Not Transported),,,,,,,1,0
2020,51,510568,Virginia,2,2,0,0,0,3,3,167,RUSSELL (167),0,NOT APPLICABLE,1,1,10,October,2020,5,Thursday,9,9:00am-9:59am,24,24,0,This section IS NOT on the NHS,1,Rural,3,Principal Arterial - Other,1,State Highway Agency,2,U.S. Highway,US-19,RT-80,435,435,36.95943889,36.95943889,-81.931416670,-81.931416670,0,No Special Jurisdiction,12,Motor Vehicle In-Transport,6,Angle,0,No,2,Intersection,2,Four-Way Intersection,0,None,,,1,On Roadway,1,Daylight,,,,,98,Not Reported,0,No,0000000,Not Applicable,99,Unknown,99,Unknown,99,Unknown EMS Scene Arrival Hour,99,Unknown EMS Scene Arrival Minutes,99,Unknown,99,Unknown EMS Hospital Arrival Time,,,,,,,1,0
2020,51,510569,Virginia,2,2,0,0,0,2,2,153,PRINCE WILLIAM (153),0,NOT APPLICABLE,7,7,9,September,2020,2,Monday,9,9:00am-9:59am,59,59,1,This section IS ON the NHS,2,Urban,3,Principal Arterial - Other,1,State Highway Agency,2,U.S. Highway,US-29,JAMES MADISON HWY,2152,2152,38.78263889,38.78263889,-77.665497220,-77.665497220,0,No Special Jurisdiction,12,Motor Vehicle In-Transport,6,Angle,0,No,2,Intersection,2,Four-Way Intersection,4,"Work Zone, Type Unknown",,,1,On Roadway,1,Daylight,,,,,98,Not Reported,0,No,0000000,Not Applicable,99,Unknown,99,Unknown,99,Unknown EMS Scene Arrival Hour,99,Unknown EMS Scene Arrival Minutes,99,Unknown,99,Unknown EMS Hospital Arrival Time,,,,,,,1,0
2020,51,510570,Virginia,2,2,0,0,0,5,5,153,PRINCE WILLIAM (153),0,NOT APPLICABLE,13,13,9,September,2020,1,Sunday,2,2:00am-2:59am,30,30,0,This section IS NOT on the NHS,2,Urban,4,Minor Arterial,99,Unknown,4,County Road,CR-621,FOG LIGHT WAY,11,11,38.77223611,38.77223611,-77.569158330,-77.569158330,0,No Special Jurisdiction,12,Motor Vehicle In-Transport,6,Angle,0,No,2,Intersection,2,Four-Way Intersection,0,None,,,1,On Roadway,3,Dark - Lighted,,,,,98,Not Reported,0,No,0000000,Not Applicable,99,Unknown,99,Unknown,99,Unknown EMS Scene Arrival Hour,99,Unknown EMS Scene Arrival Minutes,99,Unknown,99,Unknown EMS Hospital Arrival Time,,,,,,,1,2
2020,51,510571,Virginia,2,2,0,0,0,2,2,165,ROCKINGHAM (165),0,NOT APPLICABLE,28,28,9,September,2020,2,Monday,18,6:00pm-6:59pm,29,29,0,This section IS NOT on the NHS,2,Urban,4,Minor Arterial,1,State Highway Agency,3,State Highway,SR-276/CROSS KEYS RD,,74,74,38.36949722,38.36949722,-78.829650000,-78.829650000,0,No Special Jurisdiction,12,Motor Vehicle In-Transport,2,Front-to-Front,0,No,1,Non-Junction,1,Not an Intersection,0,None,,,1,On Roadway,1,Daylight,,,,,98,Not Reported,0,No,0000000,Not Applicable,99,Unknown,99,Unknown,99,Unknown EMS Scene Arrival Hour,99,Unknown EMS Scene Arrival Minutes,99,Unknown,99,Unknown EMS Hospital Arrival Time,,,,,,,1,1
2020,51,510572,Virginia,2,2,0,0,0,2,2,175,SOUTHAMPTON (175),0,NOT APPLICABLE,25,25,9,September,2020,6,Friday,0,0:00am-0:59am,17,17,1,This section IS ON the NHS,1,Rural,3,Principal Arterial - Other,1,State Highway Agency,2,U.S. Highway,US-58,,4294,4294,36.70252778,36.70252778,-77.256855560,-77.256855560,0,No Special Jurisdiction,12,Motor Vehicle In-Transport,2,Front-to-Front,0,No,1,Non-Junction,1,Not an Intersection,0,None,,,1,On Roadway,2,Dark - Not Lighted,,,,,98,Not Reported,0,No,0000000,Not Applicable,99,Unknown,98,Unknown if Notified,99,Unknown EMS Scene Arrival Hour,98,Unknown if Arrived,88,"Not Applicable (Not Transported) ",88,Not Applicable (Not Transported),,,,,,,1,0
2020,51,510573,Virginia,1,1,0,0,0,1,1,155,PULASKI (155),0,NOT APPLICABLE,13,13,9,September,2020,1,Sunday,16,4:00pm-4:59pm,20,20,0,This section IS NOT on the NHS,1,Rural,5,Major Collector,1,State Highway Agency,4,County Road,CR-617,,210,210,37.13988611,37.13988611,-80.657000000,-80.657000000,0,No Special Jurisdiction,38,Fence,0,The First Harmful Event was Not a Collision with a Motor Vehicle in Transport,0,No,1,Non-Junction,1,Not an Intersection,0,None,,,4,On Roadside,1,Daylight,,,,,98,Not Reported,0,No,0000000,Not Applicable,99,Unknown,99,Unknown,99,Unknown EMS Scene Arrival Hour,99,Unknown EMS Scene Arrival Minutes,99,Unknown,99,Unknown EMS Hospital Arrival Time,,,,,,,1,1
2020,51,510574,Virginia,2,2,0,0,0,2,2,139,PAGE (139),2240,SHENANDOAH,2,2,10,October,2020,6,Friday,3,3:00am-3:59am,15,15,0,This section IS NOT on the NHS,1,Rural,5,Major Collector,1,State Highway Agency,4,County Road,CR-602,,5,5,38.48726667,38.48726667,-78.617836110,-78.617836110,0,No Special Jurisdiction,12,Motor Vehicle In-Transport,1,Front-to-Rear,0,No,1,Non-Junction,1,Not an Intersection,0,None,,,1,On Roadway,2,Dark - Not Lighted,,,,,98,Not Reported,0,No,0000000,Not Applicable,99,Unknown,99,Unknown,99,Unknown EMS Scene Arrival Hour,99,Unknown EMS Scene Arrival Minutes,99,Unknown,99,Unknown EMS Hospital Arrival Time,,,,,,,1,1