caseyear,state,st_case,statename,ve_total,ve_forms,pvh_invl,peds,pernotmvit,permvit,persons,county,countyname,city,cityname,day,dayname,month,monthname,year,day_week,day_weekname,hour,hourname,minute,minutename,nhs,nhsname,rur_urb,rur_urbname,func_sys,func_sysname,rd_owner,rd_ownername,route,routename,tway_id,tway_id2,milept,mileptname,latitude,latitudename,longitud,longitudname,sp_jur,sp_jurname,harm_ev,harm_evname,man_coll,man_collname,reljct1,reljct1name,reljct2,reljct2name,typ_int,typ_intname,wrk_zone,wrk_zonename,road_fnc,road_fncname,rel_road,rel_roadname,lgt_cond,lgt_condname,weather1,weather1name,weather2,weather2name,weather,weathername,sch_bus,sch_busname,rail,railname,not_hour,not_hourname,not_min,not_minname,arr_hour,arr_hourname,arr_min,arr_minname,hosp_hr,hosp_hrname,hosp_mn,hosp_mnname,cf1,cf1name,cf2,cf2name,cf3,cf3name,fatals,drunk_dr
2021,51,510291,Virginia,2,2,0,0,0,2,2,77,GRAYSON (77),0,NOT APPLICABLE,10,10,6,June,2021,5,Thursday,15,3:00pm-3:59pm,50,50,1,This section IS ON the NHS,1,Rural,3,Principal Arterial - Other,1,State Highway Agency,2,U.S. Highway,US-58,DELHART RD,1866,1866,36.63556111,36.63556111,-80.971258330,-80.971258330,0,No Special Jurisdiction,12,Motor Vehicle In-Transport,6,Angle,0,No,2,Intersection,3,T-Intersection,0,None,,,1,On Roadway,1,Daylight,,,,,2,Rain,0,No,0000000,Not Applicable,99,Unknown,99,Unknown,99,Unknown EMS Scene Arrival Hour,99,Unknown EMS Scene Arrival Minutes,99,Unknown,99,Unknown EMS Hospital Arrival Time,,,,,,,1,
2021,51,510292,Virginia,1,1,0,0,0,1,1,73,GLOUCESTER (73),0,NOT APPLICABLE,15,15,6,June,2021,3,Tuesday,12,12:00pm-12:59pm,48,48,1,This section IS ON the NHS,1,Rural,3,Principal Arterial - Other,1,State Highway Agency,2,U.S. Highway,US-17,,780,780,37.36942778,37.36942778,-76.531497220,-76.531497220,0,No Special Jurisdiction,34,Ditch,0,The First Harmful Event was Not a Collision with a Motor Vehicle in Transport,0,No,1,Non-Junction,1,Not an Intersection,0,None,,,4,On Roadside,1,Daylight,,,,,98,Not Reported,0,No,0000000,Not Applicable,99,Unknown,99,Unknown,99,Unknown EMS Scene Arrival Hour,99,Unknown EMS Scene Arrival Minutes,99,Unknown,99,Unknown EMS Hospital Arrival Time,,,,,,,1,
2021,51,510293,Virginia,2,2,0,0,0,2,2,9,AMHERST (9),0,NOT APPLICABLE,17,17,5,May,2021,2,Monday,14,2:00pm-2:59pm,4,4,1,This section IS ON the NHS,2,Urban,2,Principal Arterial - Other Freeways and Expressways,1,State Highway Agency,2,U.S. Highway,US-29,,66,66,37.41174722,37.41174722,-79.132980560,-79.132980560,0,No Special Jurisdiction,73,Object That Had Fallen From Motor Vehicle In-Transport,0,The First Harmful Event was Not a Collision with a Motor Vehicle in Transport,0,No,1,Non-Junction,1,Not an Intersection,0,None,,,1,On Roadway,1,Daylight,,,,,98,Not Reported,0,No,0000000,Not Applicable,99,Unknown,98,Unknown if Notified,99,Unknown EMS Scene Arrival Hour,98,Unknown if Arrived,88,"Not Applicable (Not Transported) ",88,Not Applicable (Not Transported),,,,,,,1,
2021,51,510294,Virginia,2,2,0,1,1,3,3,810,VIRGINIA BEACH (CITY) (810),2540,VIRGINIA BEACH,1,1,6,June,2021,3,Tuesday,3,3:00am-3:59am,6,6,1,This section IS ON the NHS,2,Urban,3,Principal Arterial - Other,4,City or Municipal Highway Agency,6,Local Street - Municipality,DAM NECK RD,,11,11,36.78617222,36.78617222,-76.059383330,-76.059383330,0,No Special Jurisdiction,12,Motor Vehicle In-Transport,1,Front-to-Rear,0,No,1,Non-Junction,1,Not an Intersection,0,None,,,1,On Roadway,3,Dark - Lighted,,,,,98,Not Reported,0,No,0000000,Not Applicable,99,Unknown,99,Unknown,99,Unknown EMS Scene Arrival Hour,99,Unknown EMS Scene Arrival Minutes,99,Unknown,99,Unknown EMS Hospital Arrival Time,,,,,,,1,
2021,51,510295,Virginia,3,3,0,0,0,3,3,109,LOUISA (109),0,NOT APPLICABLE,15,15,6,June,2021,3,Tuesday,12,12:00pm-12:59pm,7,7,1,This section IS ON the NHS,1,Rural,1,Interstate,1,State Highway Agency,1,Interstate,I-64,,1434,1434,37.93896667,37.93896667,-78.104938890,-78.104938890,0,No Special Jurisdiction,12,Motor Vehicle In-Transport,6,Angle,1,Yes,18,Through Roadway,1,Not an Intersection,0,None,,,1,On Roadway,1,Daylight,,,,,98,Not Reported,0,No,0000000,Not Applicable,99,Unknown,99,Unknown,99,Unknown EMS Scene Arrival Hour,99,Unknown EMS Scene Arrival Minutes,99,Unknown,99,Unknown EMS Hospital Arrival Time,,,,,,,1,
2021,51,510296,Virginia,1,1,0,0,0,1,1,173,SMYTH (173),0,NOT APPLICABLE,14,14,6,June,2021,2,Monday,17,5:00pm-5:59pm,9,9,0,This section IS NOT on the NHS,1,Rural,5,Major Collector,1,State Highway Agency,3,State Highway,SR-16/ BF BUCHANAN HWY,,416,416,36.90828056,36.90828056,-81.535436110,-81.535436110,0,No Special Jurisdiction,5,Fell/Jumped from Vehicle,0,The First Harmful Event was Not a Collision with a Motor Vehicle in Transport,0,No,1,Non-Junction,1,Not an Intersection,0,None,,,1,On Roadway,1,Daylight,,,,,98,Not Reported,0,No,0000000,Not Applicable,99,Unknown,99,Unknown,99,Unknown EMS Scene Arrival Hour,99,Unknown EMS Scene Arrival Minutes,99,Unknown,99,Unknown EMS Hospital Arrival Time,,,,,,,1,
2021,51,510297,Virginia,1,1,0,0,0,1,1,85,HANOVER (85),0,NOT APPLICABLE,6,6,6,June,2021,1,Sunday,14,2:00pm-2:59pm,42,42,0,This section IS NOT on the NHS,1,Rural,5,Major Collector,1,State Highway Agency,4,County Road,CR-658,,112,112,37.95128889,37.95128889,-77.703761110,-77.703761110,0,No Special Jurisdiction,34,Ditch,0,The First Harmful Event was Not a Collision with a Motor Vehicle in Transport,0,No,1,Non-Junction,1,Not an Intersection,0,None,,,4,On Roadside,1,Daylight,,,,,98,Not Reported,0,No,0000000,Not Applicable,99,Unknown,99,Unknown,99,Unknown EMS Scene Arrival Hour,99,Unknown EMS Scene Arrival Minutes,99,Unknown,99,Unknown EMS Hospital Arrival Time,,,,,,,1,
2021,51,510298,Virginia,1,1,0,0,0,1,1,590,DANVILLE(CITY) (590),720,DANVILLE,16,16,6,June,2021,4,Wednesday,20,8:00pm-8:59pm,21,21,0,This section IS NOT on the NHS,1,Rural,5,Major Collector,4,City or Municipal Highway Agency,6,Local Street - Municipality,CR-3705,MT VIEW DR,8,8,36.54973889,36.54973889,-79.432194440,-79.432194440,0,No Special Jurisdiction,35,Embankment,0,The First Harmful Event was Not a Collision with a Motor Vehicle in Transport,0,No,3,Intersection-Related,3,T-Intersection,0,None,,,4,On Roadside,3,Dark - Lighted,,,,,98,Not Reported,0,No,0000000,Not Applicable,99,Unknown,99,Unknown,99,Unknown EMS Scene Arrival Hour,99,Unknown EMS Scene Arrival Minutes,99,Unknown,99,Unknown EMS Hospital Arrival Time,,,,,,,1,
2021,51,510299,Virginia,2,2,0,0,0,3,3,19,BEDFORD (19),0,NOT APPLICABLE,20,20,5,May,2021,5,Thursday,10,10:00am-10:59am,30,30,0,This section IS NOT on the NHS,2,Urban,4,Minor Arterial,1,State Highway Agency,4,County Road,CR-1415,FOREST RD,0,None,37.36992778,37.36992778,-79.253027780,-79.253027780,0,No Special Jurisdiction,12,Motor Vehicle In-Transport,1,Front-to-Rear,0,No,3,Intersection-Related,4,Y-Intersection,0,None,,,1,On Roadway,1,Daylight,,,,,98,Not Reported,0,No,0000000,Not Applicable,99,Unknown,99,Unknown,99,Unknown EMS Scene Arrival Hour,99,Unknown EMS Scene Arrival Minutes,99,Unknown,99,Unknown EMS Hospital Arrival Time,,,,,,,1,
2021,51,510300,Virginia,2,2,0,0,0,2,2,650,HAMPTON (CITY) (650),1180,HAMPTON,11,11,6,June,2021,6,Friday,13,1:00pm-1:59pm,5,5,1,This section IS ON the NHS,2,Urban,1,Interstate,1,State Highway Agency,1,Interstate,I-664,,7,7,37.02478611,37.02478611,-76.379825000,-76.379825000,0,No Special Jurisdiction,25,Concrete Traffic Barrier,0,The First Harmful Event was Not a Collision with a Motor Vehicle in Transport,0,No,1,Non-Junction,1,Not an Intersection,0,None,,,4,On Roadside,1,Daylight,,,,,98,Not Reported,0,No,0000000,Not Applicable,99,Unknown,98,Unknown if Notified,99,Unknown EMS Scene Arrival Hour,98,Unknown if Arrived,88,"Not Applicable (Not Transported) ",88,Not Applicable (Not Transported),,,,,,,1,
2021,51,510301,Virginia,1,1,0,1,1,3,3,710,NORFOLK (CITY) (710),1760,NORFOLK,11,11,6,June,2021,6,Friday,4,4:00am-4:59am,40,40,1,This section IS ON the NHS,2,Urban,3,Principal Arterial - Other,4,City or Municipal Highway Agency,3,State Highway,SR-337/ HAMPTON BLVD,W 27 ST,301,301,36.87715833,36.87715833,-76.301986110,-76.301986110,0,No Special Jurisdiction,9,Pedalcyclist,0,The First Harmful Event was Not a Collision with a Motor Vehicle in Transport,0,No,2,Intersection,2,Four-Way Intersection,0,None,,,1,On Roadway,3,Dark - Lighted,,,,,2,Rain,0,No,0000000,Not Applicable,99,Unknown,99,Unknown,99,Unknown EMS Scene Arrival Hour,99,Unknown EMS Scene Arrival Minutes,99,Unknown,99,Unknown EMS Hospital Arrival Time,,,,,,,1,
2021,51,510302,Virginia,3,3,0,0,0,3,3,43,CLARKE (43),0,NOT APPLICABLE,18,18,6,June,2021,6,Friday,18,6:00pm-6:59pm,36,36,0,This section IS NOT on the NHS,1,Rural,4,Minor Arterial,1,State Highway Agency,2,U.S. Highway,US-340,,1163,1163,39.13808889,39.13808889,-77.991619440,-77.991619440,0,No Special Jurisdiction,12,Motor Vehicle In-Transport,8,Sideswipe - Opposite Direction,0,No,1,Non-Junction,1,Not an Intersection,0,None,,,1,On Roadway,1,Daylight,,,,,98,Not Reported,0,No,0000000,Not Applicable,99,Unknown,99,Unknown,99,Unknown EMS Scene Arrival Hour,99,Unknown EMS Scene Arrival Minutes,99,Unknown,99,Unknown EMS Hospital Arrival Time,,,,,,,1,
2021,51,510303,Virginia,1,1,0,0,0,1,1,9,AMHERST (9),0,NOT APPLICABLE,20,20,6,June,2021,1,Sunday,18,6:00pm-6:59pm,46,46,0,This section IS NOT on the NHS,1,Rural,6,Minor Collector,1,State Highway Agency,4,County Road,CR-685,,52,52,37.43346389,37.43346389,-79.144091670,-79.144091670,0,No Special Jurisdiction,18,Other Object (not fixed),0,The First Harmful Event was Not a Collision with a Motor Vehicle in Transport,0,No,1,Non-Junction,1,Not an Intersection,0,None,,,4,On Roadside,1,Daylight,,,,,98,Not Reported,0,No,0000000,Not Applicable,99,Unknown,99,Unknown,99,Unknown EMS Scene Arrival Hour,99,Unknown EMS Scene Arrival Minutes,99,Unknown,99,Unknown EMS Hospital Arrival Time,,,,,,,1,
2021,51,510304,Virginia,2,2,0,0,0,2,2,650,HAMPTON (CITY) (650),1180,HAMPTON,24,24,3,March,2021,4,Wednesday,9,9:00am-9:59am,24,24,1,This section IS ON the NHS,2,Urban,1,Interstate,1,State Highway Agency,1,Interstate,I-64,,2616,2616,37.06206944,37.06206944,-76.422008330,-76.422008330,0,No Special Jurisdiction,12,Motor Vehicle In-Transport,6,Angle,0,No,1,Non-Junction,1,Not an Intersection,0,None,,,1,On Roadway,1,Daylight,,,,,2,Rain,0,No,0000000,Not Applicable,99,Unknown,99,Unknown,99,Unknown EMS Scene Arrival Hour,99,Unknown EMS Scene Arrival Minutes,99,Unknown,99,Unknown EMS Hospital Arrival Time,,,,,,,1,
2021,51,510305,Virginia,2,1,1,0,0,1,1,700,NEWPORT NEWS (CITY) (700),1720,NEWPORT NEWS,17,17,4,April,2021,7,Saturday,19,7:00pm-7:59pm,30,30,1,This section IS ON the NHS,2,Urban,3,Principal Arterial - Other,99,Unknown,3,State Highway,SR-143/ JEFFERSON AVE,,216,216,37.15215556,37.15215556,-76.530972220,-76.530972220,0,No Special Jurisdiction,33,Curb,0,The First Harmful Event was Not a Collision with a Motor Vehicle in Transport,0,No,1,Non-Junction,1,Not an Intersection,0,None,,,4,On Roadside,3,Dark - Lighted,,,,,98,Not Reported,0,No,0000000,Not Applicable,99,Unknown,98,Unknown if Notified,99,Unknown EMS Scene Arrival Hour,98,Unknown if Arrived,88,"Not Applicable (Not Transported) ",88,Not Applicable (Not Transported),,,,,,,1,
2021,51,510306,Virginia,2,2,0,0,0,2,2,810,VIRGINIA BEACH (CITY) (810),2540,VIRGINIA BEACH,28,28,5,May,2021,6,Friday,22,10:00pm-10:59pm,36,36,1,This section IS ON the NHS,2,Urban,3,Principal Arterial - Other,4,City or Municipal Highway Agency,6,Local Street - Municipality,FERRELL PKWY,INDIAN RIVER RD,0,None,36.79491111,36.79491111,-76.170863890,-76.170863890,0,No Special Jurisdiction,12,Motor Vehicle In-Transport,6,Angle,0,No,2,Intersection,3,T-Intersection,0,None,,,1,On Roadway,3,Dark - Lighted,,,,,98,Not Reported,0,No,0000000,Not Applicable,99,Unknown,98,Unknown if Notified,99,Unknown EMS Scene Arrival Hour,98,Unknown if Arrived,88,"Not Applicable (Not Transported) ",88,Not Applicable (Not Transported),,,,,,,1,
2021,51,510307,Virginia,1,1,0,0,0,1,1,119,MIDDLESEX (119),0,NOT APPLICABLE,27,27,6,June,2021,1,Sunday,7,7:00am-7:59am,56,56,0,This section IS NOT on the NHS,1,Rural,4,Minor Arterial,1,State Highway Agency,3,State Highway,SR-33/ GENERAL PULLER HWY,,701,701,37.55335000,37.55335000,-76.343850000,-76.343850000,0,No Special Jurisdiction,33,Curb,0,The First Harmful Event was Not a Collision with a Motor Vehicle in Transport,0,No,1,Non-Junction,1,Not an Intersection,0,None,,,4,On Roadside,1,Daylight,,,,,98,Not Reported,0,No,0000000,Not Applicable,99,Unknown,99,Unknown,99,Unknown EMS Scene Arrival Hour,99,Unknown EMS Scene Arrival Minutes,99,Unknown,99,Unknown EMS Hospital Arrival Time,,,,,,,1,
2021,51,510308,Virginia,2,2,0,0,0,3,3,199,YORK (199),0,NOT APPLICABLE,25,25,6,June,2021,6,Friday,21,9:00pm-9:59pm,51,51,1,This section IS ON the NHS,1,Rural,1,Interstate,1,State Highway Agency,1,Interstate,I-64,,2460,2460,37.25175000,37.25175000,-76.641422220,-76.641422220,0,No Special Jurisdiction,12,Motor Vehicle In-Transport,1,Front-to-Rear,0,No,1,Non-Junction,1,Not an Intersection,0,None,,,1,On Roadway,2,Dark - Not Lighted,,,,,98,Not Reported,0,No,0000000,Not Applicable,99,Unknown,98,Unknown if Notified,99,Unknown EMS Scene Arrival Hour,98,Unknown if Arrived,88,"Not Applicable (Not Transported) ",88,Not Applicable (Not Transported),,,,,,,1,
2021,51,510309,Virginia,3,3,0,0,0,6,6,550,CHESAPEAKE(CITY) (550),468,CHESAPEAKE,23,23,6,June,2021,4,Wednesday,14,2:00pm-2:59pm,50,50,1,This section IS ON the NHS,2,Urban,3,Principal Arterial - Other,4,City or Municipal Highway Agency,2,U.S. Highway,US-13,CAMPOSTELLA RD,414,414,36.77835000,36.77835000,-76.267363890,-76.267363890,0,No Special Jurisdiction,12,Motor Vehicle In-Transport,6,Angle,0,No,2,Intersection,2,Four-Way Intersection,0,None,,,1,On Roadway,1,Daylight,,,,,98,Not Reported,0,No,0000000,Not Applicable,99,Unknown,99,Unknown,99,Unknown EMS Scene Arrival Hour,99,Unknown EMS Scene Arrival Minutes,99,Unknown,99,Unknown EMS Hospital Arrival Time,,,,,,,1,
2021,51,510310,Virginia,2,2,0,0,0,3,3,41,CHESTERFIELD (41),0,NOT APPLICABLE,17,17,6,June,2021,5,Thursday,14,2:00pm-2:59pm,42,42,1,This section IS ON the NHS,2,Urban,3,Principal Arterial - Other,1,State Highway Agency,2,U.S. Highway,US-1,HAPPY HILL RD,765,765,37.30752222,37.30752222,-77.408852780,-77.408852780,0,No Special Jurisdiction,12,Motor Vehicle In-Transport,6,Angle,0,No,2,Intersection,3,T-Intersection,0,None,,,1,On Roadway,1,Daylight,,,,,98,Not Reported,0,No,0000000,Not Applicable,99,Unknown,98,Unknown if Notified,99,Unknown EMS Scene Arrival Hour,98,Unknown if Arrived,88,"Not Applicable (Not Transported) ",88,Not Applicable (Not Transported),,,,,,,1,
2021,51,510311,Virginia,1,1,0,1,1,1,1,165,ROCKINGHAM (165),0,NOT APPLICABLE,25,25,6,June,2021,6,Friday,13,1:00pm-1:59pm,52,52,0,This section IS NOT on the NHS,1,Rural,5,Major Collector,1,State Highway Agency,4,County Road,CR-613,,197,197,38.58450000,38.58450000,-78.897388890,-78.897388890,0,No Special Jurisdiction,8,Pedestrian,0,The First Harmful Event was Not a Collision with a Motor Vehicle in Transport,0,No,1,Non-Junction,1,Not an Intersection,0,None,,,1,On Roadway,1,Daylight,,,,,98,Not Reported,0,No,0000000,Not Applicable,99,Unknown,99,Unknown,99,Unknown EMS Scene Arrival Hour,99,Unknown EMS Scene Arrival Minutes,99,Unknown,99,Unknown EMS Hospital Arrival Time,,,,,,,1,
2021,51,510312,Virginia,1,1,0,0,0,1,1,59,FAIRFAX (59),1122,GREAT FALLS,29,29,5,May,2021,7,Saturday,22,10:00pm-10:59pm,53,53,9,Unknown if this section is on the NHS,2,Urban,4,Minor Arterial,1,State Highway Agency,3,State Highway,SR-193 GEORGETOWN PKE,,51,51,38.98134722,38.98134722,-77.256158330,-77.256158330,0,No Special Jurisdiction,38,Fence,0,The First Harmful Event was Not a Collision with a Motor Vehicle in Transport,0,No,1,Non-Junction,1,Not an Intersection,0,None,,,4,On Roadside,2,Dark - Not Lighted,,,,,2,Rain,0,No,0000000,Not Applicable,99,Unknown,98,Unknown if Notified,99,Unknown EMS Scene Arrival Hour,98,Unknown if Arrived,88,"Not Applicable (Not Transported) ",88,Not Applicable (Not Transported),,,,,,,1,
2021,51,510313,Virginia,1,1,0,0,0,1,1,67,FRANKLIN (67),0,NOT APPLICABLE,26,26,6,June,2021,7,Saturday,23,11:00pm-11:59pm,45,45,0,This section IS NOT on the NHS,1,Rural,5,Major Collector,1,State Highway Agency,4,County Road,CR-619,,109,109,36.91428333,36.91428333,-79.813519440,-79.813519440,0,No Special Jurisdiction,38,Fence,0,The First Harmful Event was Not a Collision with a Motor Vehicle in Transport,0,No,1,Non-Junction,1,Not an Intersection,0,None,,,4,On Roadside,2,Dark - Not Lighted,,,,,98,Not Reported,0,No,0000000,Not Applicable,99,Unknown,98,Unknown if Notified,99,Unknown EMS Scene Arrival Hour,98,Unknown if Arrived,88,"Not Applicable (Not Transported) ",88,Not Applicable (Not Transported),,,,,,,1,
2021,51,510314,Virginia,1,1,0,1,1,1,1,510,ALEXANDRIA (CITY) (510),40,ALEXANDRIA,1,1,1,January,2021,6,Friday,18,6:00pm-6:59pm,27,27,1,This section IS ON the NHS,2,Urban,3,Principal Arterial - Other,4,City or Municipal Highway Agency,3,State Highway,SR-236/ DUKE ST,S PICKETT ST,113,113,38.81224722,38.81224722,-77.121727780,-77.121727780,0,No Special Jurisdiction,8,Pedestrian,0,The First Harmful Event was Not a Collision with a Motor Vehicle in Transport,0,No,3,Intersection-Related,3,T-Intersection,0,None,,,1,On Roadway,3,Dark - Lighted,,,,,2,Rain,0,No,0000000,Not Applicable,99,Unknown,99,Unknown,99,Unknown EMS Scene Arrival Hour,99,Unknown EMS Scene Arrival Minutes,99,Unknown,99,Unknown EMS Hospital Arrival Time,,,,,,,1,
2021,51,510315,Virginia,2,2,0,0,0,3,3,67,FRANKLIN (67),0,NOT APPLICABLE,18,18,6,June,2021,6,Friday,18,6:00pm-6:59pm,58,58,0,This section IS NOT on the NHS,1,Rural,5,Major Collector,1,State Highway Agency,4,County Road,CR-890,,12,12,36.80716944,36.80716944,-79.812830560,-79.812830560,0,No Special Jurisdiction,12,Motor Vehicle In-Transport,6,Angle,0,No,1,Non-Junction,1,Not an Intersection,0,None,,,1,On Roadway,1,Daylight,,,,,98,Not Reported,0,No,0000000,Not Applicable,99,Unknown,99,Unknown,99,Unknown EMS Scene Arrival Hour,99,Unknown EMS Scene Arrival Minutes,99,Unknown,99,Unknown EMS Hospital Arrival Time,,,,,,,1,
2021,51,510316,Virginia,1,1,0,0,0,1,1,760,RICHMOND (CITY) (760),2060,RICHMOND,28,28,6,June,2021,2,Monday,2,2:00am-2:59am,52,52,1,This section IS ON the NHS,2,Urban,3,Principal Arterial - Other,4,City or Municipal Highway Agency,2,U.S. Highway,US-360,,1348,1348,37.48046111,37.48046111,-77.508655560,-77.508655560,0,No Special Jurisdiction,1,Rollover/Overturn,0,The First Harmful Event was Not a Collision with a Motor Vehicle in Transport,0,No,1,Non-Junction,1,Not an Intersection,0,None,,,1,On Roadway,3,Dark - Lighted,,,,,98,Not Reported,0,No,0000000,Not Applicable,99,Unknown,98,Unknown if Notified,99,Unknown EMS Scene Arrival Hour,98,Unknown if Arrived,88,"Not Applicable (Not Transported) ",88,Not Applicable (Not Transported),,,,,,,1,
2021,51,510317,Virginia,1,1,0,0,0,1,1,770,ROANOKE (CITY) (770),2100,ROANOKE,17,17,6,June,2021,5,Thursday,15,3:00pm-3:59pm,3,3,0,This section IS NOT on the NHS,2,Urban,7,Local,99,Unknown,6,Local Street - Municipality,STAUNTON AVE,6TH ST,0,None,37.28448889,37.28448889,-79.947755560,-79.947755560,0,No Special Jurisdiction,19,Building,0,The First Harmful Event was Not a Collision with a Motor Vehicle in Transport,0,No,3,Intersection-Related,3,T-Intersection,0,None,,,4,On Roadside,1,Daylight,,,,,98,Not Reported,0,No,0000000,Not Applicable,99,Unknown,98,Unknown if Notified,99,Unknown EMS Scene Arrival Hour,98,Unknown if Arrived,99,Unknown,98,Unknown if Transported,,,,,,,1,
2021,51,510318,Virginia,2,2,0,0,0,4,4,175,SOUTHAMPTON (175),0,NOT APPLICABLE,28,28,6,June,2021,2,Monday,12,12:00pm-12:59pm,12,12,1,This section IS ON the NHS,1,Rural,3,Principal Arterial - Other,1,State Highway Agency,2,U.S. Highway,US-58,DREWRY RD,4268,4268,36.70721111,36.70721111,-77.304441670,-77.304441670,0,No Special Jurisdiction,12,Motor Vehicle In-Transport,6,Angle,0,No,2,Intersection,3,T-Intersection,0,None,,,1,On Roadway,1,Daylight,,,,,98,Not Reported,0,No,0000000,Not Applicable,99,Unknown,99,Unknown,99,Unknown EMS Scene Arrival Hour,99,Unknown EMS Scene Arrival Minutes,99,Unknown,99,Unknown EMS Hospital Arrival Time,,,,,,,2,
2021,51,510319,Virginia,2,2,0,0,0,2,2,117,MECKLENBURG (117),0,NOT APPLICABLE,24,24,6,June,2021,5,Thursday,15,3:00pm-3:59pm,51,51,0,This section IS NOT on the NHS,1,Rural,4,Minor Arterial,1,State Highway Agency,3,State Highway,SR-92/HWY 92,,150,150,36.79582500,36.79582500,-78.540425000,-78.540425000,0,No Special Jurisdiction,12,Motor Vehicle In-Transport,6,Angle,1,Yes,8,Driveway Access Related,1,Not an Intersection,0,None,,,1,On Roadway,1,Daylight,,,,,98,Not Reported,0,No,0000000,Not Applicable,99,Unknown,99,Unknown,99,Unknown EMS Scene Arrival Hour,99,Unknown EMS Scene Arrival Minutes,99,Unknown,99,Unknown EMS Hospital Arrival Time,,,,,,,1,
2021,51,510320,Virginia,1,1,0,0,0,1,1,31,CAMPBELL (31),2448,TIMBERLAKE,4,4,7,July,2021,1,Sunday,12,12:00pm-12:59pm,45,45,0,This section IS NOT on the NHS,2,Urban,4,Minor Arterial,1,State Highway Agency,4,County Road,CR-682,,184,184,37.31411667,37.31411667,-79.238672220,-79.238672220,0,No Special Jurisdiction,53,Mail Box,0,The First Harmful Event was Not a Collision with a Motor Vehicle in Transport,0,No,1,Non-Junction,1,Not an Intersection,0,None,,,4,On Roadside,1,Daylight,,,,,98,Not Reported,0,No,0000000,Not Applicable,99,Unknown,99,Unknown,99,Unknown EMS Scene Arrival Hour,99,Unknown EMS Scene Arrival Minutes,99,Unknown,99,Unknown EMS Hospital Arrival Time,,,,,,,1,
2021,51,510321,Virginia,1,1,0,0,0,1,1,141,PATRICK (141),0,NOT APPLICABLE,5,5,7,July,2021,2,Monday,18,6:00pm-6:59pm,30,30,0,This section IS NOT on the NHS,1,Rural,7,Local,1,State Highway Agency,4,County Road,CR-757,,3,3,36.58378056,36.58378056,-80.103833330,-80.103833330,0,No Special Jurisdiction,1,Rollover/Overturn,0,The First Harmful Event was Not a Collision with a Motor Vehicle in Transport,0,No,1,Non-Junction,1,Not an Intersection,0,None,,,1,On Roadway,1,Daylight,,,,,98,Not Reported,0,No,0000000,Not Applicable,99,Unknown,98,Unknown if Notified,99,Unknown EMS Scene Arrival Hour,98,Unknown if Arrived,88,"Not Applicable (Not Transported) ",88,Not Applicable (Not Transported),,,,,,,1,
2021,51,510322,Virginia,1,1,0,0,0,1,1,175,SOUTHAMPTON (175),0,NOT APPLICABLE,1,1,7,July,2021,5,Thursday,19,7:00pm-7:59pm,38,38,0,This section IS NOT on the NHS,1,Rural,5,Major Collector,1,State Highway Agency,4,County Road,CR-671,,17,17,36.60218611,36.60218611,-77.167902780,-77.167902780,0,No Special Jurisdiction,1,Rollover/Overturn,0,The First Harmful Event was Not a Collision with a Motor Vehicle in Transport,0,No,1,Non-Junction,1,Not an Intersection,0,None,,,1,On Roadway,2,Dark - Not Lighted,,,,,98,Not Reported,0,No,0000000,Not Applicable,99,Unknown,98,Unknown if Notified,99,Unknown EMS Scene Arrival Hour,98,Unknown if Arrived,88,"Not Applicable (Not Transported) ",88,Not Applicable (Not Transported),,,,,,,1,
2021,51,510323,Virginia,1,1,0,1,1,1,1,700,NEWPORT NEWS (CITY) (700),1720,NEWPORT NEWS,29,29,6,June,2021,3,Tuesday,2,2:00am-2:59am,53,53,0,This section IS NOT on the NHS,2,Urban,3,Principal Arterial - Other,4,City or Municipal Highway Agency,3,State Highway,SR-143/JEFFERSON AVE,,154,154,37.07553056,37.07553056,-76.475730560,-76.475730560,0,No Special Jurisdiction,8,Pedestrian,0,The First Harmful Event was Not a Collision with a Motor Vehicle in Transport,0,No,1,Non-Junction,1,Not an Intersection,0,None,,,1,On Roadway,3,Dark - Lighted,,,,,98,Not Reported,0,No,0000000,Not Applicable,99,Unknown,98,Unknown if Notified,99,Unknown EMS Scene Arrival Hour,98,Unknown if Arrived,88,"Not Applicable (Not Transported) ",88,Not Applicable (Not Transported),,,,,,,1,
2021,51,510324,Virginia,1,1,0,0,0,1,1,75,GOOCHLAND (75),0,NOT APPLICABLE,6,6,4,April,2021,3,Tuesday,12,12:00pm-12:59pm,26,26,0,This section IS NOT on the NHS,1,Rural,5,Major Collector,1,State Highway Agency,4,County Road,CR-644,,18,18,37.63561111,37.63561111,-77.753275000,-77.753275000,0,No Special Jurisdiction,42,Tree (Standing Only),0,The First Harmful Event was Not a Collision with a Motor Vehicle in Transport,0,No,1,Non-Junction,1,Not an Intersection,0,None,,,4,On Roadside,1,Daylight,,,,,98,Not Reported,0,No,0000000,Not Applicable,99,Unknown,99,Unknown,99,Unknown EMS Scene Arrival Hour,99,Unknown EMS Scene Arrival Minutes,88,"Not Applicable (Not Transported) ",88,Not Applicable (Not Transported),,,,,,,1,
2021,51,510325,Virginia,2,2,0,1,1,2,2,87,HENRICO (87),0,NOT APPLICABLE,28,28,4,April,2021,4,Wednesday,23,11:00pm-11:59pm,55,55,1,This section IS ON the NHS,2,Urban,1,Interstate,1,State Highway Agency,1,Interstate,I-95,,859,859,37.67319167,37.67319167,-77.448125000,-77.448125000,0,No Special Jurisdiction,8,Pedestrian,0,The First Harmful Event was Not a Collision with a Motor Vehicle in Transport,0,No,1,Non-Junction,1,Not an Intersection,0,None,,,1,On Roadway,2,Dark - Not Lighted,,,,,98,Not Reported,0,No,0000000,Not Applicable,99,Unknown,98,Unknown if Notified,99,Unknown EMS Scene Arrival Hour,98,Unknown if Arrived,88,"Not Applicable (Not Transported) ",88,Not Applicable (Not Transported),,,,,,,1,