caseyear,state,st_case,statename,ve_total,ve_forms,pvh_invl,peds,pernotmvit,permvit,persons,county,countyname,city,cityname,day,dayname,month,monthname,year,day_week,day_weekname,hour,hourname,minute,minutename,nhs,nhsname,rur_urb,rur_urbname,func_sys,func_sysname,rd_owner,rd_ownername,route,routename,tway_id,tway_id2,milept,mileptname,latitude,latitudename,longitud,longitudname,sp_jur,sp_jurname,harm_ev,harm_evname,man_coll,man_collname,reljct1,reljct1name,reljct2,reljct2name,typ_int,typ_intname,wrk_zone,wrk_zonename,road_fnc,road_fncname,rel_road,rel_roadname,lgt_cond,lgt_condname,weather1,weather1name,weather2,weather2name,weather,weathername,sch_bus,sch_busname,rail,railname,not_hour,not_hourname,not_min,not_minname,arr_hour,arr_hourname,arr_min,arr_minname,hosp_hr,hosp_hrname,hosp_mn,hosp_mnname,cf1,cf1name,cf2,cf2name,cf3,cf3name,fatals,drunk_dr
2021,51,510466,Virginia,2,2,0,0,0,3,3,810,VIRGINIA BEACH (CITY) (810),2540,VIRGINIA BEACH,27,27,7,July,2021,3,Tuesday,18,6:00pm-6:59pm,47,47,0,This section IS NOT on the NHS,1,Rural,5,Major Collector,4,City or Municipal Highway Agency,6,Local Street - Municipality,PRINCESS ANNE RD,,32,32,36.58992778,36.58992778,-76.018386110,-76.018386110,0,No Special Jurisdiction,12,Motor Vehicle In-Transport,2,Front-to-Front,0,No,1,Non-Junction,1,Not an Intersection,0,None,,,1,On Roadway,1,Daylight,,,,,98,Not Reported,0,No,0000000,Not Applicable,99,Unknown,99,Unknown,99,Unknown EMS Scene Arrival Hour,99,Unknown EMS Scene Arrival Minutes,99,Unknown,99,Unknown EMS Hospital Arrival Time,,,,,,,1,
2021,51,510467,Virginia,1,1,0,1,1,1,1,810,VIRGINIA BEACH (CITY) (810),2540,VIRGINIA BEACH,27,27,7,July,2021,3,Tuesday,23,11:00pm-11:59pm,5,5,1,This section IS ON the NHS,2,Urban,3,Principal Arterial - Other,4,City or Municipal Highway Agency,2,U.S. Highway,US-13,,513,513,36.88341111,36.88341111,-76.183530560,-76.183530560,0,No Special Jurisdiction,8,Pedestrian,0,The First Harmful Event was Not a Collision with a Motor Vehicle in Transport,0,No,1,Non-Junction,1,Not an Intersection,0,None,,,1,On Roadway,3,Dark - Lighted,,,,,98,Not Reported,0,No,0000000,Not Applicable,99,Unknown,98,Unknown if Notified,99,Unknown EMS Scene Arrival Hour,98,Unknown if Arrived,88,"Not Applicable (Not Transported) ",88,Not Applicable (Not Transported),,,,,,,1,
2021,51,510468,Virginia,1,1,0,0,0,1,1,810,VIRGINIA BEACH (CITY) (810),2540,VIRGINIA BEACH,14,14,7,July,2021,4,Wednesday,21,9:00pm-9:59pm,44,44,0,This section IS NOT on the NHS,2,Urban,5,Major Collector,4,City or Municipal Highway Agency,6,Local Street - Municipality,LYNNHAVEN RD,,10,10,36.84603056,36.84603056,-76.078538890,-76.078538890,0,No Special Jurisdiction,18,Other Object (not fixed),0,The First Harmful Event was Not a Collision with a Motor Vehicle in Transport,0,No,1,Non-Junction,1,Not an Intersection,0,None,,,4,On Roadside,2,Dark - Not Lighted,,,,,98,Not Reported,0,No,0000000,Not Applicable,99,Unknown,98,Unknown if Notified,99,Unknown EMS Scene Arrival Hour,98,Unknown if Arrived,88,"Not Applicable (Not Transported) ",88,Not Applicable (Not Transported),,,,,,,1,
2021,51,510469,Virginia,1,1,0,0,0,5,5,135,NOTTOWAY (135),0,NOT APPLICABLE,30,30,7,July,2021,6,Friday,22,10:00pm-10:59pm,28,28,0,This section IS NOT on the NHS,1,Rural,6,Minor Collector,1,State Highway Agency,4,County Road,CR-633,,30,30,37.15828889,37.15828889,-78.148111110,-78.148111110,0,No Special Jurisdiction,42,Tree (Standing Only),0,The First Harmful Event was Not a Collision with a Motor Vehicle in Transport,0,No,1,Non-Junction,1,Not an Intersection,0,None,,,4,On Roadside,2,Dark - Not Lighted,,,,,98,Not Reported,0,No,0000000,Not Applicable,99,Unknown,99,Unknown,99,Unknown EMS Scene Arrival Hour,99,Unknown EMS Scene Arrival Minutes,99,Unknown,99,Unknown EMS Hospital Arrival Time,,,,,,,2,
2021,51,510470,Virginia,1,1,0,0,0,1,1,67,FRANKLIN (67),0,NOT APPLICABLE,1,1,8,August,2021,1,Sunday,16,4:00pm-4:59pm,55,55,0,This section IS NOT on the NHS,1,Rural,5,Major Collector,1,State Highway Agency,4,County Road,CR-605,,64,64,36.83486667,36.83486667,-80.019925000,-80.019925000,0,No Special Jurisdiction,1,Rollover/Overturn,0,The First Harmful Event was Not a Collision with a Motor Vehicle in Transport,0,No,1,Non-Junction,1,Not an Intersection,0,None,,,4,On Roadside,1,Daylight,,,,,98,Not Reported,0,No,0000000,Not Applicable,99,Unknown,98,Unknown if Notified,99,Unknown EMS Scene Arrival Hour,98,Unknown if Arrived,88,"Not Applicable (Not Transported) ",88,Not Applicable (Not Transported),,,,,,,1,
2021,51,510471,Virginia,1,1,0,0,0,2,2,19,BEDFORD (19),0,NOT APPLICABLE,26,26,7,July,2021,2,Monday,20,8:00pm-8:59pm,2,2,1,This section IS ON the NHS,1,Rural,3,Principal Arterial - Other,1,State Highway Agency,2,U.S. Highway,US-460,,1912,1912,37.30586111,37.30586111,-79.390119440,-79.390119440,0,No Special Jurisdiction,34,Ditch,0,The First Harmful Event was Not a Collision with a Motor Vehicle in Transport,0,No,1,Non-Junction,1,Not an Intersection,0,None,,,3,On Median,5,Dusk,,,,,98,Not Reported,0,No,0000000,Not Applicable,99,Unknown,99,Unknown,99,Unknown EMS Scene Arrival Hour,99,Unknown EMS Scene Arrival Minutes,99,Unknown,99,Unknown EMS Hospital Arrival Time,,,,,,,1,
2021,51,510472,Virginia,2,1,1,0,0,1,1,23,BOTETOURT (23),0,NOT APPLICABLE,7,7,8,August,2021,7,Saturday,23,11:00pm-11:59pm,44,44,0,This section IS NOT on the NHS,1,Rural,7,Local,1,State Highway Agency,7,Local Street - Frontage Road,DIAMOND HILL RD,ARCADIA RD,4,4,37.55633889,37.55633889,-79.659038890,-79.659038890,0,No Special Jurisdiction,59,"Traffic Sign Support ",0,The First Harmful Event was Not a Collision with a Motor Vehicle in Transport,0,No,3,Intersection-Related,2,Four-Way Intersection,0,None,,,4,On Roadside,2,Dark - Not Lighted,,,,,98,Not Reported,0,No,0000000,Not Applicable,99,Unknown,99,Unknown,99,Unknown EMS Scene Arrival Hour,99,Unknown EMS Scene Arrival Minutes,99,Unknown,99,Unknown EMS Hospital Arrival Time,,,,,,,1,
2021,51,510473,Virginia,2,2,0,0,0,5,5,153,PRINCE WILLIAM (153),1632,MONTCLAIR,23,23,5,May,2021,1,Sunday,7,7:00am-7:59am,58,58,0,This section IS NOT on the NHS,2,Urban,4,Minor Arterial,1,State Highway Agency,4,County Road,CR-610,,43,43,38.61671111,38.61671111,-77.329222220,-77.329222220,0,No Special Jurisdiction,12,Motor Vehicle In-Transport,7,Sideswipe - Same Direction,0,No,1,Non-Junction,1,Not an Intersection,0,None,,,1,On Roadway,1,Daylight,,,,,98,Not Reported,0,No,0000000,Not Applicable,99,Unknown,99,Unknown,99,Unknown EMS Scene Arrival Hour,99,Unknown EMS Scene Arrival Minutes,99,Unknown,99,Unknown EMS Hospital Arrival Time,,,,,,,1,
2021,51,510474,Virginia,2,2,0,0,0,5,5,660,HARRISONBURG (CITY) (660),1190,HARRISONBURG,15,15,8,August,2021,1,Sunday,14,2:00pm-2:59pm,12,12,0,This section IS NOT on the NHS,2,Urban,98,Not Reported,99,Unknown,6,Local Street - Municipality,RAMBLEWOOD RD,,0,None,38.41656111,38.41656111,-78.883519440,-78.883519440,0,No Special Jurisdiction,12,Motor Vehicle In-Transport,6,Angle,0,No,1,Non-Junction,1,Not an Intersection,0,None,,,1,On Roadway,1,Daylight,,,,,98,Not Reported,0,No,0000000,Not Applicable,99,Unknown,99,Unknown,99,Unknown EMS Scene Arrival Hour,99,Unknown EMS Scene Arrival Minutes,99,Unknown,99,Unknown EMS Hospital Arrival Time,,,,,,,1,
2021,51,510475,Virginia,1,1,0,0,0,3,3,81,GREENSVILLE (81),0,NOT APPLICABLE,5,5,8,August,2021,5,Thursday,15,3:00pm-3:59pm,49,49,0,This section IS NOT on the NHS,1,Rural,5,Major Collector,1,State Highway Agency,4,County Road,CR-610,,19,19,36.74085000,36.74085000,-77.534288890,-77.534288890,0,No Special Jurisdiction,24,Guardrail Face,0,The First Harmful Event was Not a Collision with a Motor Vehicle in Transport,0,No,1,Non-Junction,1,Not an Intersection,0,None,,,4,On Roadside,1,Daylight,,,,,98,Not Reported,0,No,0000000,Not Applicable,99,Unknown,98,Unknown if Notified,99,Unknown EMS Scene Arrival Hour,98,Unknown if Arrived,88,"Not Applicable (Not Transported) ",88,Not Applicable (Not Transported),,,,,,,3,
2021,51,510476,Virginia,1,1,0,0,0,2,2,740,PORTSMOUTH (CITY) (740),1970,PORTSMOUTH,7,7,8,August,2021,7,Saturday,2,2:00am-2:59am,0,0,1,This section IS ON the NHS,2,Urban,1,Interstate,1,State Highway Agency,1,Interstate,I-264,,38,38,36.81771944,36.81771944,-76.345519440,-76.345519440,0,No Special Jurisdiction,42,Tree (Standing Only),0,The First Harmful Event was Not a Collision with a Motor Vehicle in Transport,0,No,1,Non-Junction,1,Not an Intersection,0,None,,,4,On Roadside,3,Dark - Lighted,,,,,98,Not Reported,0,No,0000000,Not Applicable,99,Unknown,99,Unknown,99,Unknown EMS Scene Arrival Hour,99,Unknown EMS Scene Arrival Minutes,99,Unknown,99,Unknown EMS Hospital Arrival Time,,,,,,,1,
2021,51,510477,Virginia,2,2,0,1,1,2,2,760,RICHMOND (CITY) (760),2060,RICHMOND,10,10,7,July,2021,7,Saturday,2,2:00am-2:59am,15,15,1,This section IS ON the NHS,2,Urban,3,Principal Arterial - Other,4,City or Municipal Highway Agency,3,State Highway,SR-10,,27,27,37.47283333,37.47283333,-77.482519440,-77.482519440,0,No Special Jurisdiction,8,Pedestrian,0,The First Harmful Event was Not a Collision with a Motor Vehicle in Transport,0,No,1,Non-Junction,1,Not an Intersection,0,None,,,1,On Roadway,3,Dark - Lighted,,,,,98,Not Reported,0,No,0000000,Not Applicable,99,Unknown,99,Unknown,99,Unknown EMS Scene Arrival Hour,99,Unknown EMS Scene Arrival Minutes,99,Unknown,99,Unknown EMS Hospital Arrival Time,,,,,,,1,
2021,51,510478,Virginia,1,1,0,0,0,1,1,41,CHESTERFIELD (41),0,NOT APPLICABLE,11,11,8,August,2021,4,Wednesday,19,7:00pm-7:59pm,40,40,0,This section IS NOT on the NHS,1,Rural,5,Major Collector,1,State Highway Agency,4,County Road,CR-605,,4,4,37.41198889,37.41198889,-77.790711110,-77.790711110,0,No Special Jurisdiction,42,Tree (Standing Only),0,The First Harmful Event was Not a Collision with a Motor Vehicle in Transport,0,No,1,Non-Junction,1,Not an Intersection,0,None,,,4,On Roadside,1,Daylight,,,,,2,Rain,0,No,0000000,Not Applicable,99,Unknown,98,Unknown if Notified,99,Unknown EMS Scene Arrival Hour,98,Unknown if Arrived,88,"Not Applicable (Not Transported) ",88,Not Applicable (Not Transported),,,,,,,1,
2021,51,510479,Virginia,1,1,0,0,0,1,1,1,ACCOMACK (1),0,NOT APPLICABLE,12,12,8,August,2021,5,Thursday,18,6:00pm-6:59pm,20,20,1,This section IS ON the NHS,1,Rural,3,Principal Arterial - Other,1,State Highway Agency,2,U.S. Highway,US-13,,1221,1221,37.73348056,37.73348056,-75.652950000,-75.652950000,0,No Special Jurisdiction,42,Tree (Standing Only),0,The First Harmful Event was Not a Collision with a Motor Vehicle in Transport,0,No,1,Non-Junction,1,Not an Intersection,0,None,,,4,On Roadside,1,Daylight,,,,,98,Not Reported,0,No,0000000,Not Applicable,99,Unknown,99,Unknown,99,Unknown EMS Scene Arrival Hour,99,Unknown EMS Scene Arrival Minutes,99,Unknown,99,Unknown EMS Hospital Arrival Time,,,,,,,1,
2021,51,510480,Virginia,1,1,0,1,1,2,2,1,ACCOMACK (1),0,NOT APPLICABLE,15,15,8,August,2021,1,Sunday,20,8:00pm-8:59pm,23,23,1,This section IS ON the NHS,1,Rural,3,Principal Arterial - Other,1,State Highway Agency,2,U.S. Highway,US-13,,1235,1235,37.74715000,37.74715000,-75.634761110,-75.634761110,0,No Special Jurisdiction,8,Pedestrian,0,The First Harmful Event was Not a Collision with a Motor Vehicle in Transport,0,No,1,Non-Junction,1,Not an Intersection,0,None,,,1,On Roadway,2,Dark - Not Lighted,,,,,98,Not Reported,0,No,0000000,Not Applicable,99,Unknown,99,Unknown,99,Unknown EMS Scene Arrival Hour,99,Unknown EMS Scene Arrival Minutes,99,Unknown,99,Unknown EMS Hospital Arrival Time,,,,,,,1,
2021,51,510481,Virginia,2,1,1,0,0,2,2,85,HANOVER (85),110,ASHLAND,18,18,6,June,2021,6,Friday,10,10:00am-10:59am,0,0,1,This section IS ON the NHS,2,Urban,1,Interstate,1,State Highway Agency,1,Interstate,I-95,,989,989,37.78681667,37.78681667,-77.460180560,-77.460180560,0,No Special Jurisdiction,14,Parked Motor Vehicle,0,The First Harmful Event was Not a Collision with a Motor Vehicle in Transport,0,No,1,Non-Junction,1,Not an Intersection,0,None,,,2,On Shoulder,1,Daylight,,,,,98,Not Reported,0,No,0000000,Not Applicable,99,Unknown,99,Unknown,99,Unknown EMS Scene Arrival Hour,99,Unknown EMS Scene Arrival Minutes,99,Unknown,99,Unknown EMS Hospital Arrival Time,,,,,,,1,
2021,51,510482,Virginia,1,1,0,1,1,2,2,87,HENRICO (87),0,NOT APPLICABLE,24,24,7,July,2021,7,Saturday,17,5:00pm-5:59pm,22,22,0,This section IS NOT on the NHS,2,Urban,98,Not Reported,98,Not Reported,6,Local Street - Municipality,ENGLESIDE CIR,,2,2,37.58776111,37.58776111,-77.427833330,-77.427833330,0,No Special Jurisdiction,8,Pedestrian,0,The First Harmful Event was Not a Collision with a Motor Vehicle in Transport,0,No,1,Non-Junction,1,Not an Intersection,0,None,,,1,On Roadway,1,Daylight,,,,,98,Not Reported,0,No,0000000,Not Applicable,99,Unknown,99,Unknown,99,Unknown EMS Scene Arrival Hour,99,Unknown EMS Scene Arrival Minutes,99,Unknown,99,Unknown EMS Hospital Arrival Time,,,,,,,1,
2021,51,510483,Virginia,2,2,0,0,0,2,2,125,NELSON (125),0,NOT APPLICABLE,16,16,7,July,2021,6,Friday,12,12:00pm-12:59pm,42,42,0,This section IS NOT on the NHS,1,Rural,4,Minor Arterial,1,State Highway Agency,3,State Highway,SR-151/ CRITZER SHOP,,334,334,38.00946111,38.00946111,-78.824600000,-78.824600000,0,No Special Jurisdiction,12,Motor Vehicle In-Transport,2,Front-to-Front,0,No,1,Non-Junction,1,Not an Intersection,0,None,,,1,On Roadway,1,Daylight,,,,,98,Not Reported,0,No,0000000,Not Applicable,99,Unknown,99,Unknown,99,Unknown EMS Scene Arrival Hour,99,Unknown EMS Scene Arrival Minutes,99,Unknown,99,Unknown EMS Hospital Arrival Time,,,,,,,1,
2021,51,510484,Virginia,1,1,0,1,1,1,1,73,GLOUCESTER (73),0,NOT APPLICABLE,14,14,8,August,2021,7,Saturday,20,8:00pm-8:59pm,29,29,0,This section IS NOT on the NHS,2,Urban,5,Major Collector,1,State Highway Agency,3,State Highway,SR-216/ GUINEA RD,,21,21,37.27016944,37.27016944,-76.463580560,-76.463580560,0,No Special Jurisdiction,8,Pedestrian,0,The First Harmful Event was Not a Collision with a Motor Vehicle in Transport,0,No,1,Non-Junction,1,Not an Intersection,0,None,,,1,On Roadway,2,Dark - Not Lighted,,,,,2,Rain,0,No,0000000,Not Applicable,99,Unknown,98,Unknown if Notified,99,Unknown EMS Scene Arrival Hour,98,Unknown if Arrived,88,"Not Applicable (Not Transported) ",88,Not Applicable (Not Transported),,,,,,,1,
2021,51,510485,Virginia,1,1,0,0,0,1,1,127,NEW KENT (127),0,NOT APPLICABLE,11,11,3,March,2021,5,Thursday,23,11:00pm-11:59pm,20,20,0,This section IS NOT on the NHS,1,Rural,7,Local,27,Railroad,8,Other,ROCKAHOCK RD,,0,None,37.41571111,37.41571111,-76.940072220,-76.940072220,0,No Special Jurisdiction,10,Railway Vehicle,0,The First Harmful Event was Not a Collision with a Motor Vehicle in Transport,0,No,6,"Railway Grade Crossing ",1,Not an Intersection,0,None,,,1,On Roadway,2,Dark - Not Lighted,,,,,98,Not Reported,0,No,224256Y,224256Y,99,Unknown,98,Unknown if Notified,99,Unknown EMS Scene Arrival Hour,98,Unknown if Arrived,88,"Not Applicable (Not Transported) ",88,Not Applicable (Not Transported),,,,,,,1,
2021,51,510486,Virginia,1,1,0,0,0,2,2,127,NEW KENT (127),0,NOT APPLICABLE,24,24,6,June,2021,5,Thursday,17,5:00pm-5:59pm,43,43,0,This section IS NOT on the NHS,1,Rural,7,Local,27,Railroad,6,Local Street - Municipality,OUTPOST RD,,9,9,37.41429722,37.41429722,-76.937519440,-76.937519440,0,No Special Jurisdiction,10,Railway Vehicle,0,The First Harmful Event was Not a Collision with a Motor Vehicle in Transport,0,No,6,"Railway Grade Crossing ",1,Not an Intersection,0,None,,,1,On Roadway,1,Daylight,,,,,98,Not Reported,0,No,224255S,224255S,99,Unknown,99,Unknown,99,Unknown EMS Scene Arrival Hour,99,Unknown EMS Scene Arrival Minutes,99,Unknown,99,Unknown EMS Hospital Arrival Time,,,,,,,1,
2021,51,510487,Virginia,2,1,1,0,0,3,3,69,FREDERICK (69),0,NOT APPLICABLE,8,8,8,August,2021,1,Sunday,15,3:00pm-3:59pm,20,20,0,This section IS NOT on the NHS,2,Urban,3,Principal Arterial - Other,1,State Highway Agency,3,State Highway,SR-7/ BERRYVILLE PKE,,45,45,39.18398889,39.18398889,-78.089169440,-78.089169440,0,No Special Jurisdiction,38,Fence,0,The First Harmful Event was Not a Collision with a Motor Vehicle in Transport,0,No,1,Non-Junction,1,Not an Intersection,0,None,,,4,On Roadside,1,Daylight,,,,,98,Not Reported,0,No,0000000,Not Applicable,99,Unknown,99,Unknown,99,Unknown EMS Scene Arrival Hour,99,Unknown EMS Scene Arrival Minutes,99,Unknown,99,Unknown EMS Hospital Arrival Time,,,,,,,1,
2021,51,510488,Virginia,1,1,0,0,0,1,1,89,HENRY (89),2070,RIDGEWAY,17,17,8,August,2021,3,Tuesday,3,3:00am-3:59am,20,20,1,This section IS ON the NHS,2,Urban,3,Principal Arterial - Other,1,State Highway Agency,2,U.S. Highway,US-220,MOREHEAD AVE,37,37,36.57913056,36.57913056,-79.862738890,-79.862738890,0,No Special Jurisdiction,35,Embankment,0,The First Harmful Event was Not a Collision with a Motor Vehicle in Transport,0,No,3,Intersection-Related,3,T-Intersection,0,None,,,4,On Roadside,2,Dark - Not Lighted,,,,,98,Not Reported,0,No,0000000,Not Applicable,99,Unknown,98,Unknown if Notified,99,Unknown EMS Scene Arrival Hour,98,Unknown if Arrived,88,"Not Applicable (Not Transported) ",88,Not Applicable (Not Transported),,,,,,,1,
2021,51,510489,Virginia,2,2,0,0,0,2,2,37,CHARLOTTE (37),0,NOT APPLICABLE,18,18,8,August,2021,4,Wednesday,14,2:00pm-2:59pm,15,15,1,This section IS ON the NHS,1,Rural,3,Principal Arterial - Other,1,State Highway Agency,2,U.S. Highway,US-15,,321,321,36.91906944,36.91906944,-78.519019440,-78.519019440,0,No Special Jurisdiction,12,Motor Vehicle In-Transport,1,Front-to-Rear,0,No,1,Non-Junction,1,Not an Intersection,0,None,,,1,On Roadway,1,Daylight,,,,,98,Not Reported,0,No,0000000,Not Applicable,99,Unknown,98,Unknown if Notified,99,Unknown EMS Scene Arrival Hour,98,Unknown if Arrived,88,"Not Applicable (Not Transported) ",88,Not Applicable (Not Transported),,,,,,,1,
2021,51,510490,Virginia,2,2,0,0,0,3,3,177,SPOTSYLVANIA (177),0,NOT APPLICABLE,8,8,8,August,2021,1,Sunday,9,9:00am-9:59am,51,51,0,This section IS NOT on the NHS,1,Rural,6,Minor Collector,1,State Highway Agency,4,County Road,CR-608,,33,33,38.22200000,38.22200000,-77.775688890,-77.775688890,0,No Special Jurisdiction,12,Motor Vehicle In-Transport,2,Front-to-Front,0,No,1,Non-Junction,1,Not an Intersection,0,None,,,1,On Roadway,1,Daylight,,,,,98,Not Reported,0,No,0000000,Not Applicable,99,Unknown,99,Unknown,99,Unknown EMS Scene Arrival Hour,99,Unknown EMS Scene Arrival Minutes,99,Unknown,99,Unknown EMS Hospital Arrival Time,,,,,,,1,
2021,51,510491,Virginia,1,1,0,0,0,6,6,85,HANOVER (85),1584,MECHANICSVILLE,16,16,8,August,2021,2,Monday,10,10:00am-10:59am,39,39,1,This section IS ON the NHS,2,Urban,1,Interstate,1,State Highway Agency,1,Interstate,I-295,,409,409,37.64418889,37.64418889,-77.412961110,-77.412961110,0,No Special Jurisdiction,42,Tree (Standing Only),0,The First Harmful Event was Not a Collision with a Motor Vehicle in Transport,0,No,1,Non-Junction,1,Not an Intersection,0,None,,,3,On Median,1,Daylight,,,,,2,Rain,0,No,0000000,Not Applicable,99,Unknown,99,Unknown,99,Unknown EMS Scene Arrival Hour,99,Unknown EMS Scene Arrival Minutes,99,Unknown,99,Unknown EMS Hospital Arrival Time,,,,,,,1,
2021,51,510492,Virginia,2,1,1,0,1,1,2,61,FAUQUIER (61),0,NOT APPLICABLE,18,18,8,August,2021,4,Wednesday,6,6:00am-6:59am,47,47,1,This section IS ON the NHS,1,Rural,1,Interstate,1,State Highway Agency,1,Interstate,I-66,,175,175,38.90798889,38.90798889,-78.025111110,-78.025111110,0,No Special Jurisdiction,14,Parked Motor Vehicle,0,The First Harmful Event was Not a Collision with a Motor Vehicle in Transport,0,No,1,Non-Junction,1,Not an Intersection,0,None,,,4,On Roadside,1,Daylight,,,,,98,Not Reported,0,No,0000000,Not Applicable,99,Unknown,99,Unknown,99,Unknown EMS Scene Arrival Hour,99,Unknown EMS Scene Arrival Minutes,99,Unknown,99,Unknown EMS Hospital Arrival Time,,,,,,,1,
2021,51,510493,Virginia,1,1,0,0,0,1,1,147,PRINCE EDWARD (147),0,NOT APPLICABLE,17,17,8,August,2021,3,Tuesday,18,6:00pm-6:59pm,31,31,0,This section IS NOT on the NHS,1,Rural,5,Major Collector,1,State Highway Agency,4,County Road,CR-604,,64,64,37.21253056,37.21253056,-78.476169440,-78.476169440,0,No Special Jurisdiction,1,Rollover/Overturn,0,The First Harmful Event was Not a Collision with a Motor Vehicle in Transport,0,No,1,Non-Junction,1,Not an Intersection,0,None,,,4,On Roadside,1,Daylight,,,,,98,Not Reported,0,No,0000000,Not Applicable,99,Unknown,98,Unknown if Notified,99,Unknown EMS Scene Arrival Hour,98,Unknown if Arrived,88,"Not Applicable (Not Transported) ",88,Not Applicable (Not Transported),,,,,,,1,
2021,51,510494,Virginia,3,1,2,0,0,1,1,650,HAMPTON (CITY) (650),1180,HAMPTON,16,16,8,August,2021,2,Monday,18,6:00pm-6:59pm,44,44,9,Unknown if this section is on the NHS,2,Urban,7,Local,99,Unknown,6,Local Street - Municipality,MICHAELS WOODS DR,,1,1,37.05748889,37.05748889,-76.430380560,-76.430380560,0,No Special Jurisdiction,14,Parked Motor Vehicle,0,The First Harmful Event was Not a Collision with a Motor Vehicle in Transport,0,No,1,Non-Junction,1,Not an Intersection,0,None,,,7,In Parking Lane/Zone,1,Daylight,,,,,98,Not Reported,0,No,0000000,Not Applicable,99,Unknown,98,Unknown if Notified,99,Unknown EMS Scene Arrival Hour,98,Unknown if Arrived,88,"Not Applicable (Not Transported) ",88,Not Applicable (Not Transported),,,,,,,1,
2021,51,510495,Virginia,1,1,0,1,1,1,1,800,SUFFOLK (CITY) (800),2390,SUFFOLK,20,20,8,August,2021,6,Friday,21,9:00pm-9:59pm,31,31,1,This section IS ON the NHS,2,Urban,3,Principal Arterial - Other,4,City or Municipal Highway Agency,2,U.S. Highway,US-460,,27,27,36.73978056,36.73978056,-76.583061110,-76.583061110,0,No Special Jurisdiction,8,Pedestrian,0,The First Harmful Event was Not a Collision with a Motor Vehicle in Transport,0,No,1,Non-Junction,1,Not an Intersection,0,None,,,1,On Roadway,3,Dark - Lighted,,,,,2,Rain,0,No,0000000,Not Applicable,99,Unknown,99,Unknown,99,Unknown EMS Scene Arrival Hour,99,Unknown EMS Scene Arrival Minutes,99,Unknown,99,Unknown EMS Hospital Arrival Time,,,,,,,1,
2021,51,510496,Virginia,1,1,0,0,0,1,1,191,WASHINGTON (191),0,NOT APPLICABLE,20,20,8,August,2021,6,Friday,20,8:00pm-8:59pm,40,40,0,This section IS NOT on the NHS,1,Rural,7,Local,1,State Highway Agency,4,County Road,CR-1200,,1,1,36.63643889,36.63643889,-81.803300000,-81.803300000,0,No Special Jurisdiction,1,Rollover/Overturn,0,The First Harmful Event was Not a Collision with a Motor Vehicle in Transport,0,No,1,Non-Junction,1,Not an Intersection,0,None,,,1,On Roadway,2,Dark - Not Lighted,,,,,98,Not Reported,0,No,0000000,Not Applicable,99,Unknown,99,Unknown,99,Unknown EMS Scene Arrival Hour,99,Unknown EMS Scene Arrival Minutes,99,Unknown,99,Unknown EMS Hospital Arrival Time,,,,,,,1,
2021,51,510497,Virginia,2,2,0,0,0,2,2,700,NEWPORT NEWS (CITY) (700),1720,NEWPORT NEWS,6,6,8,August,2021,6,Friday,18,6:00pm-6:59pm,42,42,1,This section IS ON the NHS,2,Urban,3,Principal Arterial - Other,4,City or Municipal Highway Agency,2,U.S. Highway,US-60,HICKORY POINT BLVD,2528,2528,37.15633056,37.15633056,-76.555919440,-76.555919440,0,No Special Jurisdiction,12,Motor Vehicle In-Transport,2,Front-to-Front,0,No,2,Intersection,3,T-Intersection,0,None,,,1,On Roadway,1,Daylight,,,,,98,Not Reported,0,No,0000000,Not Applicable,99,Unknown,99,Unknown,99,Unknown EMS Scene Arrival Hour,99,Unknown EMS Scene Arrival Minutes,99,Unknown,99,Unknown EMS Hospital Arrival Time,,,,,,,1,
2021,51,510498,Virginia,2,2,0,0,0,2,2,191,WASHINGTON (191),0,NOT APPLICABLE,20,20,8,August,2021,6,Friday,13,1:00pm-1:59pm,0,0,1,This section IS ON the NHS,1,Rural,3,Principal Arterial - Other,1,State Highway Agency,2,U.S. Highway,US-58,RHEA VALLEY RD,1199,1199,36.66566944,36.66566944,-81.859961110,-81.859961110,0,No Special Jurisdiction,12,Motor Vehicle In-Transport,6,Angle,0,No,2,Intersection,3,T-Intersection,0,None,,,1,On Roadway,1,Daylight,,,,,98,Not Reported,0,No,0000000,Not Applicable,99,Unknown,99,Unknown,99,Unknown EMS Scene Arrival Hour,99,Unknown EMS Scene Arrival Minutes,99,Unknown,99,Unknown EMS Hospital Arrival Time,,,,,,,1,
2021,51,510499,Virginia,1,1,0,0,0,1,1,169,SCOTT (169),1060,GATE CITY,22,22,8,August,2021,1,Sunday,6,6:00am-6:59am,35,35,1,This section IS ON the NHS,2,Urban,2,Principal Arterial - Other Freeways and Expressways,1,State Highway Agency,2,U.S. Highway,US-23,,66,66,36.63321111,36.63321111,-82.612630560,-82.612630560,0,No Special Jurisdiction,35,Embankment,0,The First Harmful Event was Not a Collision with a Motor Vehicle in Transport,0,No,1,Non-Junction,1,Not an Intersection,0,None,,,3,On Median,1,Daylight,,,,,98,Not Reported,0,No,0000000,Not Applicable,99,Unknown,98,Unknown if Notified,99,Unknown EMS Scene Arrival Hour,98,Unknown if Arrived,88,"Not Applicable (Not Transported) ",88,Not Applicable (Not Transported),,,,,,,1,
2021,51,510500,Virginia,1,1,0,0,0,1,1,173,SMYTH (173),2180,SALTVILLE,21,21,8,August,2021,7,Saturday,3,3:00am-3:59am,50,50,0,This section IS NOT on the NHS,1,Rural,5,Major Collector,1,State Highway Agency,3,State Highway,SR-91/ E MAIN ST,,254,254,36.89812222,36.89812222,-81.746233330,-81.746233330,0,No Special Jurisdiction,35,Embankment,0,The First Harmful Event was Not a Collision with a Motor Vehicle in Transport,0,No,1,Non-Junction,1,Not an Intersection,0,None,,,4,On Roadside,2,Dark - Not Lighted,,,,,98,Not Reported,0,No,0000000,Not Applicable,99,Unknown,99,Unknown,99,Unknown EMS Scene Arrival Hour,99,Unknown EMS Scene Arrival Minutes,99,Unknown,99,Unknown EMS Hospital Arrival Time,,,,,,,1,