caseyear,state,st_case,statename,ve_total,ve_forms,pvh_invl,peds,pernotmvit,permvit,persons,county,countyname,city,cityname,day,dayname,month,monthname,year,day_week,day_weekname,hour,hourname,minute,minutename,nhs,nhsname,rur_urb,rur_urbname,func_sys,func_sysname,rd_owner,rd_ownername,route,routename,tway_id,tway_id2,milept,mileptname,latitude,latitudename,longitud,longitudname,sp_jur,sp_jurname,harm_ev,harm_evname,man_coll,man_collname,reljct1,reljct1name,reljct2,reljct2name,typ_int,typ_intname,wrk_zone,wrk_zonename,road_fnc,road_fncname,rel_road,rel_roadname,lgt_cond,lgt_condname,weather1,weather1name,weather2,weather2name,weather,weathername,sch_bus,sch_busname,rail,railname,not_hour,not_hourname,not_min,not_minname,arr_hour,arr_hourname,arr_min,arr_minname,hosp_hr,hosp_hrname,hosp_mn,hosp_mnname,cf1,cf1name,cf2,cf2name,cf3,cf3name,fatals,drunk_dr
2022,51,510073,Virginia,3,3,0,0,0,3,3,87,HENRICO (87),0,NOT APPLICABLE,3,3,3,March,2022,5,Thursday,11,11:00am-11:59am,20,20,1,This section IS ON the NHS,2,Urban,1,Interstate,1,State Highway Agency,1,Interstate,I-64,,1859,1859,37.59651389,37.59651389,-77.487247220,-77.48724722,0,No Special Jurisdiction,12,Motor Vehicle In-Transport,7,Sideswipe - Same Direction,0,No,1,Non-Junction,1,Not an Intersection,0,None,,,1,On Roadway,1,Daylight,,,,,98,Not Reported,0,No,0000000,Not Applicable,99,Unknown,99,Unknown,99,Unknown EMS Scene Arrival Hour,99,Unknown EMS Scene Arrival Minutes,99,Unknown,99,Unknown EMS Hospital Arrival Time,,,,,,,1,
2022,51,510074,Virginia,1,1,0,0,0,2,2,77,GRAYSON (77),0,NOT APPLICABLE,11,11,3,March,2022,6,Friday,19,7:00pm-7:59pm,0,0,0,This section IS NOT on the NHS,1,Rural,7,Local,1,State Highway Agency,4,County Road,CR-837 TIMBERLINE RD,,0,None,36.70050556,36.70050556,-81.435469440,-81.43546944,0,No Special Jurisdiction,35,Embankment,0,The First Harmful Event was Not a Collision with a Motor Vehicle in Transport,0,No,1,Non-Junction,1,Not an Intersection,0,None,,,4,On Roadside,2,Dark - Not Lighted,,,,,98,Not Reported,0,No,0000000,Not Applicable,99,Unknown,99,Unknown,99,Unknown EMS Scene Arrival Hour,99,Unknown EMS Scene Arrival Minutes,99,Unknown,99,Unknown EMS Hospital Arrival Time,,,,,,,2,
2022,51,510075,Virginia,2,2,0,1,1,2,2,650,HAMPTON (CITY) (650),1180,HAMPTON,7,7,3,March,2022,2,Monday,19,7:00pm-7:59pm,32,32,0,This section IS NOT on the NHS,2,Urban,4,Minor Arterial,4,City or Municipal Highway Agency,6,Local Street - Municipality,N KING ST,,6,6,37.03943056,37.03943056,-76.348222220,-76.34822222,0,No Special Jurisdiction,8,Pedestrian,0,The First Harmful Event was Not a Collision with a Motor Vehicle in Transport,0,No,1,Non-Junction,1,Not an Intersection,0,None,,,1,On Roadway,3,Dark - Lighted,,,,,98,Not Reported,0,No,0000000,Not Applicable,99,Unknown,99,Unknown,99,Unknown EMS Scene Arrival Hour,99,Unknown EMS Scene Arrival Minutes,99,Unknown,99,Unknown EMS Hospital Arrival Time,,,,,,,1,
2022,51,510077,Virginia,1,1,0,1,1,1,1,75,GOOCHLAND (75),0,NOT APPLICABLE,2,2,1,January,2022,1,Sunday,19,7:00pm-7:59pm,30,30,0,This section IS NOT on the NHS,1,Rural,4,Minor Arterial,1,State Highway Agency,2,U.S. Highway,US-250 BROAD ST,HOCKETT RD,1495,1495,37.66921944,37.66921944,-77.678869440,-77.67886944,0,No Special Jurisdiction,8,Pedestrian,0,The First Harmful Event was Not a Collision with a Motor Vehicle in Transport,0,No,2,Intersection,2,Four-Way Intersection,0,None,,,1,On Roadway,2,Dark - Not Lighted,,,,,98,Not Reported,0,No,0000000,Not Applicable,99,Unknown,98,Unknown if Notified,99,Unknown EMS Scene Arrival Hour,98,Unknown if Arrived,88,"Not Applicable (Not Transported) ",88,Not Applicable (Not Transported),,,,,,,1,
2022,51,510078,Virginia,1,1,0,1,1,1,1,710,NORFOLK (CITY) (710),1760,NORFOLK,4,4,2,February,2022,6,Friday,19,7:00pm-7:59pm,23,23,0,This section IS NOT on the NHS,2,Urban,4,Minor Arterial,4,City or Municipal Highway Agency,3,State Highway,SR-194/CHESAPEAKE BLVD,,16,16,36.89040000,36.89040000,-76.238147220,-76.23814722,0,No Special Jurisdiction,8,Pedestrian,0,The First Harmful Event was Not a Collision with a Motor Vehicle in Transport,0,No,1,Non-Junction,1,Not an Intersection,4,"Work Zone, Type Unknown",,,1,On Roadway,3,Dark - Lighted,,,,,2,Rain,0,No,0000000,Not Applicable,99,Unknown,99,Unknown,99,Unknown EMS Scene Arrival Hour,99,Unknown EMS Scene Arrival Minutes,99,Unknown,99,Unknown EMS Hospital Arrival Time,,,,,,,1,
2022,51,510079,Virginia,2,1,1,0,0,3,3,23,BOTETOURT (23),0,NOT APPLICABLE,8,8,2,February,2022,3,Tuesday,4,4:00am-4:59am,8,8,1,This section IS ON the NHS,1,Rural,1,Interstate,1,State Highway Agency,4,County Road,CR-614,,0,None,37.55701667,37.55701667,-79.660602780,-79.66060278,0,No Special Jurisdiction,14,Parked Motor Vehicle,0,The First Harmful Event was Not a Collision with a Motor Vehicle in Transport,1,Yes,5,Entrance/Exit Ramp Related,1,Not an Intersection,0,None,,,2,On Shoulder,2,Dark - Not Lighted,,,,,98,Not Reported,0,No,0000000,Not Applicable,99,Unknown,99,Unknown,99,Unknown EMS Scene Arrival Hour,99,Unknown EMS Scene Arrival Minutes,99,Unknown,99,Unknown EMS Hospital Arrival Time,,,,,,,1,
2022,51,510080,Virginia,2,2,0,0,0,3,3,165,ROCKINGHAM (165),0,NOT APPLICABLE,8,8,2,February,2022,3,Tuesday,6,6:00am-6:59am,46,46,0,This section IS NOT on the NHS,1,Rural,5,Major Collector,1,State Highway Agency,4,County Road,CR-602,,40,40,38.43025000,38.43025000,-78.658297220,-78.65829722,0,No Special Jurisdiction,12,Motor Vehicle In-Transport,2,Front-to-Front,0,No,1,Non-Junction,1,Not an Intersection,0,None,,,1,On Roadway,2,Dark - Not Lighted,,,,,98,Not Reported,0,No,0000000,Not Applicable,99,Unknown,99,Unknown,99,Unknown EMS Scene Arrival Hour,99,Unknown EMS Scene Arrival Minutes,99,Unknown,99,Unknown EMS Hospital Arrival Time,,,,,,,1,
2022,51,510082,Virginia,1,1,0,0,0,2,2,61,FAUQUIER (61),0,NOT APPLICABLE,10,10,2,February,2022,5,Thursday,13,1:00pm-1:59pm,29,29,0,This section IS NOT on the NHS,1,Rural,6,Minor Collector,1,State Highway Agency,4,County Road,CR-670,,43,43,38.70223611,38.70223611,-77.704933330,-77.70493333,0,No Special Jurisdiction,42,Tree (Standing Only),0,The First Harmful Event was Not a Collision with a Motor Vehicle in Transport,0,No,1,Non-Junction,1,Not an Intersection,0,None,,,4,On Roadside,1,Daylight,,,,,98,Not Reported,0,No,0000000,Not Applicable,99,Unknown,99,Unknown,99,Unknown EMS Scene Arrival Hour,99,Unknown EMS Scene Arrival Minutes,99,Unknown,99,Unknown EMS Hospital Arrival Time,,,,,,,1,
2022,51,510083,Virginia,3,3,0,0,0,3,3,145,POWHATAN (145),0,NOT APPLICABLE,7,7,2,February,2022,2,Monday,16,4:00pm-4:59pm,30,30,1,This section IS ON the NHS,1,Rural,2,Principal Arterial - Other Freeways and Expressways,1,State Highway Agency,3,State Highway,SR-288 WORLD WAR II VETERANS,,248,248,37.56252778,37.56252778,-77.687600000,-77.68760000,0,No Special Jurisdiction,12,Motor Vehicle In-Transport,2,Front-to-Front,1,Yes,5,Entrance/Exit Ramp Related,1,Not an Intersection,0,None,,,1,On Roadway,1,Daylight,,,,,2,Rain,0,No,0000000,Not Applicable,99,Unknown,99,Unknown,99,Unknown EMS Scene Arrival Hour,99,Unknown EMS Scene Arrival Minutes,99,Unknown,99,Unknown EMS Hospital Arrival Time,,,,,,,1,
2022,51,510084,Virginia,1,1,0,0,0,1,1,107,LOUDOUN (107),0,NOT APPLICABLE,11,11,2,February,2022,6,Friday,20,8:00pm-8:59pm,50,50,0,This section IS NOT on the NHS,2,Urban,7,Local,1,State Highway Agency,4,County Road,CR-1036,,51,51,39.04532778,39.04532778,-77.432633330,-77.43263333,0,No Special Jurisdiction,38,Fence,0,The First Harmful Event was Not a Collision with a Motor Vehicle in Transport,0,No,1,Non-Junction,1,Not an Intersection,0,None,,,4,On Roadside,2,Dark - Not Lighted,,,,,98,Not Reported,0,No,0000000,Not Applicable,99,Unknown,99,Unknown,99,Unknown EMS Scene Arrival Hour,99,Unknown EMS Scene Arrival Minutes,99,Unknown,99,Unknown EMS Hospital Arrival Time,,,,,,,1,
2022,51,510085,Virginia,2,2,0,0,0,2,2,165,ROCKINGHAM (165),0,NOT APPLICABLE,9,9,2,February,2022,4,Wednesday,15,3:00pm-3:59pm,15,15,1,This section IS ON the NHS,1,Rural,3,Principal Arterial - Other,1,State Highway Agency,3,State Highway,SR-42/HARPINE HWY,,2359,2359,38.55474167,38.55474167,-78.835569440,-78.83556944,0,No Special Jurisdiction,12,Motor Vehicle In-Transport,1,Front-to-Rear,0,No,1,Non-Junction,1,Not an Intersection,0,None,,,1,On Roadway,1,Daylight,,,,,98,Not Reported,0,No,0000000,Not Applicable,99,Unknown,99,Unknown,99,Unknown EMS Scene Arrival Hour,99,Unknown EMS Scene Arrival Minutes,99,Unknown,99,Unknown EMS Hospital Arrival Time,,,,,,,1,
2022,51,510086,Virginia,1,1,0,0,0,1,1,185,TAZEWELL (185),0,NOT APPLICABLE,7,7,2,February,2022,2,Monday,17,5:00pm-5:59pm,32,32,0,This section IS NOT on the NHS,1,Rural,7,Local,1,State Highway Agency,4,County Road,CR-636,,16,16,37.12072778,37.12072778,-81.676172220,-81.67617222,0,No Special Jurisdiction,1,Rollover/Overturn,0,The First Harmful Event was Not a Collision with a Motor Vehicle in Transport,0,No,1,Non-Junction,1,Not an Intersection,0,None,,,4,On Roadside,2,Dark - Not Lighted,,,,,98,Not Reported,0,No,0000000,Not Applicable,99,Unknown,98,Unknown if Notified,99,Unknown EMS Scene Arrival Hour,98,Unknown if Arrived,88,"Not Applicable (Not Transported) ",88,Not Applicable (Not Transported),,,,,,,1,
2022,51,510087,Virginia,1,1,0,0,0,1,1,95,JAMES CITY (95),0,NOT APPLICABLE,13,13,2,February,2022,1,Sunday,20,8:00pm-8:59pm,22,22,1,This section IS ON the NHS,1,Rural,3,Principal Arterial - Other,1,State Highway Agency,2,U.S. Highway,US-60,,2254,2254,37.41002222,37.41002222,-76.858744440,-76.85874444,0,No Special Jurisdiction,42,Tree (Standing Only),0,The First Harmful Event was Not a Collision with a Motor Vehicle in Transport,0,No,1,Non-Junction,1,Not an Intersection,0,None,,,3,On Median,2,Dark - Not Lighted,,,,,98,Not Reported,0,No,0000000,Not Applicable,99,Unknown,98,Unknown if Notified,99,Unknown EMS Scene Arrival Hour,98,Unknown if Arrived,88,"Not Applicable (Not Transported) ",88,Not Applicable (Not Transported),,,,,,,1,
2022,51,510088,Virginia,1,1,0,0,0,1,1,87,HENRICO (87),0,NOT APPLICABLE,8,8,2,February,2022,3,Tuesday,6,6:00am-6:59am,30,30,1,This section IS ON the NHS,1,Rural,1,Interstate,1,State Highway Agency,1,Interstate,I-95,,235,235,37.45570833,37.45570833,-77.318558330,-77.31855833,0,No Special Jurisdiction,42,Tree (Standing Only),0,The First Harmful Event was Not a Collision with a Motor Vehicle in Transport,0,No,1,Non-Junction,1,Not an Intersection,0,None,,,4,On Roadside,2,Dark - Not Lighted,,,,,2,Rain,0,No,0000000,Not Applicable,99,Unknown,99,Unknown,99,Unknown EMS Scene Arrival Hour,99,Unknown EMS Scene Arrival Minutes,99,Unknown,99,Unknown EMS Hospital Arrival Time,,,,,,,1,
2022,51,510089,Virginia,2,2,0,0,0,2,2,185,TAZEWELL (185),200,BLUEFIELD,12,12,2,February,2022,7,Saturday,6,6:00am-6:59am,15,15,1,This section IS ON the NHS,2,Urban,3,Principal Arterial - Other,1,State Highway Agency,2,U.S. Highway,US-19,,842,842,37.22778333,37.22778333,-81.325830560,-81.32583056,0,No Special Jurisdiction,12,Motor Vehicle In-Transport,2,Front-to-Front,0,No,1,Non-Junction,1,Not an Intersection,0,None,,,1,On Roadway,2,Dark - Not Lighted,,,,,98,Not Reported,0,No,0000000,Not Applicable,99,Unknown,99,Unknown,99,Unknown EMS Scene Arrival Hour,99,Unknown EMS Scene Arrival Minutes,99,Unknown,99,Unknown EMS Hospital Arrival Time,,,,,,,1,
2022,51,510090,Virginia,1,1,0,1,1,1,1,15,AUGUSTA (15),2381,STUARTS DRAFT,12,12,2,February,2022,7,Saturday,18,6:00pm-6:59pm,55,55,0,This section IS NOT on the NHS,2,Urban,5,Major Collector,1,State Highway Agency,4,County Road,CR-608,,140,140,38.01473889,38.01473889,-79.031947220,-79.03194722,9,Unknown,8,Pedestrian,0,The First Harmful Event was Not a Collision with a Motor Vehicle in Transport,0,No,1,Non-Junction,1,Not an Intersection,0,None,,,1,On Roadway,2,Dark - Not Lighted,,,,,98,Not Reported,0,No,0000000,Not Applicable,99,Unknown,98,Unknown if Notified,99,Unknown EMS Scene Arrival Hour,98,Unknown if Arrived,88,"Not Applicable (Not Transported) ",88,Not Applicable (Not Transported),,,,,,,1,
2022,51,510091,Virginia,2,2,0,0,0,2,2,19,BEDFORD (19),0,NOT APPLICABLE,28,28,1,January,2022,6,Friday,14,2:00pm-2:59pm,5,5,0,This section IS NOT on the NHS,1,Rural,5,Major Collector,1,State Highway Agency,4,County Road,CR-608,RADFORD CHURCH RD,155,155,37.14830000,37.14830000,-79.592347220,-79.59234722,0,No Special Jurisdiction,12,Motor Vehicle In-Transport,6,Angle,0,No,2,Intersection,2,Four-Way Intersection,0,None,,,1,On Roadway,1,Daylight,,,,,98,Not Reported,0,No,0000000,Not Applicable,99,Unknown,99,Unknown,99,Unknown EMS Scene Arrival Hour,99,Unknown EMS Scene Arrival Minutes,99,Unknown,99,Unknown EMS Hospital Arrival Time,,,,,,,1,
2022,51,510092,Virginia,1,1,0,1,1,2,2,23,BOTETOURT (23),0,NOT APPLICABLE,11,11,2,February,2022,6,Friday,14,2:00pm-2:59pm,35,35,0,This section IS NOT on the NHS,1,Rural,4,Minor Arterial,1,State Highway Agency,2,U.S. Highway,US-11 LEE HWY,,2,2,37.43289167,37.43289167,-79.862991670,-79.86299167,0,No Special Jurisdiction,9,Pedalcyclist,0,The First Harmful Event was Not a Collision with a Motor Vehicle in Transport,0,No,1,Non-Junction,1,Not an Intersection,0,None,,,1,On Roadway,1,Daylight,,,,,98,Not Reported,0,No,0000000,Not Applicable,99,Unknown,99,Unknown,99,Unknown EMS Scene Arrival Hour,99,Unknown EMS Scene Arrival Minutes,99,Unknown,99,Unknown EMS Hospital Arrival Time,,,,,,,1,
2022,51,510093,Virginia,4,2,2,0,0,2,2,15,AUGUSTA (15),681,CRIMORA,14,14,2,February,2022,2,Monday,15,3:00pm-3:59pm,29,29,0,This section IS NOT on the NHS,1,Rural,4,Minor Arterial,1,State Highway Agency,2,U.S. Highway,US-340,RT-612,226,226,38.15413889,38.15413889,-78.842722220,-78.84272222,0,No Special Jurisdiction,12,Motor Vehicle In-Transport,6,Angle,0,No,2,Intersection,2,Four-Way Intersection,0,None,,,1,On Roadway,1,Daylight,,,,,98,Not Reported,0,No,0000000,Not Applicable,99,Unknown,98,Unknown if Notified,99,Unknown EMS Scene Arrival Hour,98,Unknown if Arrived,88,"Not Applicable (Not Transported) ",88,Not Applicable (Not Transported),,,,,,,1,
2022,51,510094,Virginia,2,2,0,0,0,3,3,47,CULPEPER (47),0,NOT APPLICABLE,12,12,2,February,2022,7,Saturday,22,10:00pm-10:59pm,45,45,1,This section IS ON the NHS,2,Urban,3,Principal Arterial - Other,1,State Highway Agency,2,U.S. Highway,US-29,JAMES MONROE HWY,1791,1791,38.45729722,38.45729722,-78.043708330,-78.04370833,0,No Special Jurisdiction,12,Motor Vehicle In-Transport,6,Angle,0,No,2,Intersection,3,T-Intersection,0,None,,,1,On Roadway,2,Dark - Not Lighted,,,,,2,Rain,0,No,0000000,Not Applicable,99,Unknown,99,Unknown,99,Unknown EMS Scene Arrival Hour,99,Unknown EMS Scene Arrival Minutes,99,Unknown,99,Unknown EMS Hospital Arrival Time,,,,,,,1,
2022,51,510095,Virginia,3,3,0,0,0,3,3,36,CHARLES CITY (36),0,NOT APPLICABLE,16,16,2,February,2022,4,Wednesday,15,3:00pm-3:59pm,55,55,0,This section IS NOT on the NHS,1,Rural,4,Minor Arterial,1,State Highway Agency,3,State Highway,SR-5/JOHN TYLER MEMORIAL HWY,,152,152,37.38516111,37.38516111,-77.242672220,-77.24267222,0,No Special Jurisdiction,12,Motor Vehicle In-Transport,6,Angle,0,No,1,Non-Junction,1,Not an Intersection,0,None,,,1,On Roadway,1,Daylight,,,,,98,Not Reported,0,No,0000000,Not Applicable,99,Unknown,99,Unknown,99,Unknown EMS Scene Arrival Hour,99,Unknown EMS Scene Arrival Minutes,99,Unknown,99,Unknown EMS Hospital Arrival Time,,,,,,,1,
2022,51,510096,Virginia,2,2,0,0,0,8,8,197,WYTHE (197),0,NOT APPLICABLE,11,11,2,February,2022,6,Friday,14,2:00pm-2:59pm,45,45,1,This section IS ON the NHS,1,Rural,1,Interstate,1,State Highway Agency,1,Interstate,I-81,,653,653,36.92855556,36.92855556,-81.197441670,-81.19744167,0,No Special Jurisdiction,12,Motor Vehicle In-Transport,1,Front-to-Rear,0,No,1,Non-Junction,1,Not an Intersection,0,None,,,1,On Roadway,1,Daylight,,,,,98,Not Reported,0,No,0000000,Not Applicable,99,Unknown,99,Unknown,99,Unknown EMS Scene Arrival Hour,99,Unknown EMS Scene Arrival Minutes,99,Unknown,99,Unknown EMS Hospital Arrival Time,,,,,,,3,
2022,51,510097,Virginia,2,2,0,0,0,2,2,117,MECKLENBURG (117),0,NOT APPLICABLE,16,16,2,February,2022,4,Wednesday,6,6:00am-6:59am,50,50,0,This section IS NOT on the NHS,1,Rural,5,Major Collector,1,State Highway Agency,4,County Road,CR-688,,36,36,36.68226667,36.68226667,-78.456019440,-78.45601944,0,No Special Jurisdiction,12,Motor Vehicle In-Transport,2,Front-to-Front,0,No,1,Non-Junction,1,Not an Intersection,0,None,,,1,On Roadway,1,Daylight,,,,,98,Not Reported,0,No,0000000,Not Applicable,99,Unknown,98,Unknown if Notified,99,Unknown EMS Scene Arrival Hour,98,Unknown if Arrived,88,"Not Applicable (Not Transported) ",88,Not Applicable (Not Transported),,,,,,,1,
2022,51,510098,Virginia,1,1,0,0,0,1,1,141,PATRICK (141),0,NOT APPLICABLE,17,17,2,February,2022,5,Thursday,21,9:00pm-9:59pm,0,0,0,This section IS NOT on the NHS,1,Rural,4,Minor Arterial,1,State Highway Agency,3,State Highway,SR-57 FAIRSTONE PKWY,,11,11,36.72917222,36.72917222,-80.224686110,-80.22468611,0,No Special Jurisdiction,24,Guardrail Face,0,The First Harmful Event was Not a Collision with a Motor Vehicle in Transport,0,No,1,Non-Junction,1,Not an Intersection,0,None,,,4,On Roadside,2,Dark - Not Lighted,,,,,2,Rain,0,No,0000000,Not Applicable,99,Unknown,98,Unknown if Notified,99,Unknown EMS Scene Arrival Hour,98,Unknown if Arrived,88,"Not Applicable (Not Transported) ",88,Not Applicable (Not Transported),,,,,,,1,
2022,51,510099,Virginia,1,1,0,0,0,2,2,117,MECKLENBURG (117),0,NOT APPLICABLE,19,19,2,February,2022,7,Saturday,21,9:00pm-9:59pm,58,58,0,This section IS NOT on the NHS,1,Rural,7,Local,1,State Highway Agency,4,County Road,CR-821,,8,8,36.59173056,36.59173056,-78.526955560,-78.52695556,0,No Special Jurisdiction,34,Ditch,0,The First Harmful Event was Not a Collision with a Motor Vehicle in Transport,0,No,1,Non-Junction,1,Not an Intersection,0,None,,,4,On Roadside,2,Dark - Not Lighted,,,,,98,Not Reported,0,No,0000000,Not Applicable,99,Unknown,98,Unknown if Notified,99,Unknown EMS Scene Arrival Hour,98,Unknown if Arrived,88,"Not Applicable (Not Transported) ",88,Not Applicable (Not Transported),,,,,,,2,
2022,51,510100,Virginia,1,1,0,0,0,1,1,53,DINWIDDIE (53),0,NOT APPLICABLE,19,19,2,February,2022,7,Saturday,18,6:00pm-6:59pm,33,33,1,This section IS ON the NHS,1,Rural,3,Principal Arterial - Other,1,State Highway Agency,2,U.S. Highway,US-460,,3021,3021,37.16352222,37.16352222,-77.673908330,-77.67390833,0,No Special Jurisdiction,34,Ditch,0,The First Harmful Event was Not a Collision with a Motor Vehicle in Transport,0,No,1,Non-Junction,1,Not an Intersection,0,None,,,3,On Median,2,Dark - Not Lighted,,,,,98,Not Reported,0,No,0000000,Not Applicable,99,Unknown,98,Unknown if Notified,99,Unknown EMS Scene Arrival Hour,98,Unknown if Arrived,88,"Not Applicable (Not Transported) ",88,Not Applicable (Not Transported),,,,,,,1,
2022,51,510101,Virginia,1,1,0,1,1,1,1,710,NORFOLK (CITY) (710),1760,NORFOLK,7,7,2,February,2022,2,Monday,19,7:00pm-7:59pm,13,13,0,This section IS NOT on the NHS,2,Urban,4,Minor Arterial,4,City or Municipal Highway Agency,6,Local Street - Municipality,CHURCH ST,,19,19,36.87119167,36.87119167,-76.280352780,-76.28035278,0,No Special Jurisdiction,8,Pedestrian,0,The First Harmful Event was Not a Collision with a Motor Vehicle in Transport,0,No,1,Non-Junction,1,Not an Intersection,0,None,,,1,On Roadway,3,Dark - Lighted,,,,,2,Rain,0,No,0000000,Not Applicable,99,Unknown,99,Unknown,99,Unknown EMS Scene Arrival Hour,99,Unknown EMS Scene Arrival Minutes,99,Unknown,99,Unknown EMS Hospital Arrival Time,,,,,,,1,
2022,51,510102,Virginia,2,2,0,0,0,4,4,1,ACCOMACK (1),0,NOT APPLICABLE,14,14,2,February,2022,2,Monday,15,3:00pm-3:59pm,0,0,1,This section IS ON the NHS,1,Rural,3,Principal Arterial - Other,1,State Highway Agency,2,U.S. Highway,US-13,SR-703,1380,1380,37.93660000,37.93660000,-75.546080560,-75.54608056,0,No Special Jurisdiction,12,Motor Vehicle In-Transport,6,Angle,0,No,2,Intersection,3,T-Intersection,0,None,,,1,On Roadway,1,Daylight,,,,,98,Not Reported,0,No,0000000,Not Applicable,99,Unknown,99,Unknown,99,Unknown EMS Scene Arrival Hour,99,Unknown EMS Scene Arrival Minutes,99,Unknown,99,Unknown EMS Hospital Arrival Time,,,,,,,2,
2022,51,510103,Virginia,1,1,0,0,0,1,1,810,VIRGINIA BEACH (CITY) (810),2540,VIRGINIA BEACH,12,12,2,February,2022,7,Saturday,2,2:00am-2:59am,35,35,1,This section IS ON the NHS,2,Urban,1,Interstate,1,State Highway Agency,1,Interstate,I-264/LONDON BRIDGE RAMP,,1,1,36.83872778,36.83872778,-76.053030560,-76.05303056,0,No Special Jurisdiction,1,Rollover/Overturn,0,The First Harmful Event was Not a Collision with a Motor Vehicle in Transport,1,Yes,5,Entrance/Exit Ramp Related,1,Not an Intersection,0,None,,,4,On Roadside,3,Dark - Lighted,,,,,98,Not Reported,0,No,0000000,Not Applicable,99,Unknown,98,Unknown if Notified,99,Unknown EMS Scene Arrival Hour,98,Unknown if Arrived,88,"Not Applicable (Not Transported) ",88,Not Applicable (Not Transported),,,,,,,1,
2022,51,510104,Virginia,1,1,0,1,1,1,1,770,ROANOKE (CITY) (770),2100,ROANOKE,19,19,1,January,2022,4,Wednesday,1,1:00am-1:59am,40,40,0,This section IS NOT on the NHS,2,Urban,3,Principal Arterial - Other,4,City or Municipal Highway Agency,2,U.S. Highway,US-11 WILLIAMSON RD NW,,1545,1545,37.30631944,37.30631944,-79.946811110,-79.94681111,0,No Special Jurisdiction,8,Pedestrian,0,The First Harmful Event was Not a Collision with a Motor Vehicle in Transport,0,No,1,Non-Junction,1,Not an Intersection,0,None,,,1,On Roadway,3,Dark - Lighted,,,,,98,Not Reported,0,No,0000000,Not Applicable,99,Unknown,98,Unknown if Notified,99,Unknown EMS Scene Arrival Hour,98,Unknown if Arrived,88,"Not Applicable (Not Transported) ",88,Not Applicable (Not Transported),,,,,,,1,
2022,51,510105,Virginia,2,2,0,0,0,3,3,15,AUGUSTA (15),0,NOT APPLICABLE,19,19,2,February,2022,7,Saturday,12,12:00pm-12:59pm,0,0,0,This section IS NOT on the NHS,1,Rural,4,Minor Arterial,1,State Highway Agency,3,State Highway,SR-254/HERMITAGE RD,OLD WHITE BRIDGE RD,220,220,38.11083889,38.11083889,-78.904447220,-78.90444722,0,No Special Jurisdiction,12,Motor Vehicle In-Transport,6,Angle,0,No,2,Intersection,2,Four-Way Intersection,0,None,,,1,On Roadway,1,Daylight,,,,,98,Not Reported,0,No,0000000,Not Applicable,99,Unknown,99,Unknown,99,Unknown EMS Scene Arrival Hour,99,Unknown EMS Scene Arrival Minutes,99,Unknown,99,Unknown EMS Hospital Arrival Time,,,,,,,1,
2022,51,510106,Virginia,3,3,0,0,0,4,4,69,FREDERICK (69),0,NOT APPLICABLE,20,20,2,February,2022,1,Sunday,10,10:00am-10:59am,27,27,1,This section IS ON the NHS,1,Rural,3,Principal Arterial - Other,1,State Highway Agency,2,U.S. Highway,US-50,GORE RD,43,43,39.26714722,39.26714722,-78.324716670,-78.32471667,0,No Special Jurisdiction,12,Motor Vehicle In-Transport,6,Angle,0,No,2,Intersection,3,T-Intersection,0,None,,,1,On Roadway,1,Daylight,,,,,98,Not Reported,0,No,0000000,Not Applicable,99,Unknown,99,Unknown,99,Unknown EMS Scene Arrival Hour,99,Unknown EMS Scene Arrival Minutes,99,Unknown,99,Unknown EMS Hospital Arrival Time,,,,,,,1,
2022,51,510107,Virginia,2,2,0,0,0,2,2,69,FREDERICK (69),0,NOT APPLICABLE,21,21,2,February,2022,2,Monday,9,9:00am-9:59am,45,45,1,This section IS ON the NHS,2,Urban,3,Principal Arterial - Other,1,State Highway Agency,2,U.S. Highway,US-522,CEDAR GROVE RD,1427,1427,39.24444722,39.24444722,-78.201833330,-78.20183333,0,No Special Jurisdiction,12,Motor Vehicle In-Transport,1,Front-to-Rear,0,No,2,Intersection,2,Four-Way Intersection,0,None,,,1,On Roadway,1,Daylight,,,,,98,Not Reported,0,No,0000000,Not Applicable,99,Unknown,99,Unknown,99,Unknown EMS Scene Arrival Hour,99,Unknown EMS Scene Arrival Minutes,99,Unknown,99,Unknown EMS Hospital Arrival Time,,,,,,,1,
2022,51,510108,Virginia,1,1,0,1,1,1,1,179,STAFFORD (179),0,NOT APPLICABLE,17,17,2,February,2022,5,Thursday,13,1:00pm-1:59pm,14,14,1,This section IS ON the NHS,2,Urban,1,Interstate,1,State Highway Agency,1,Interstate,I-95,,1410,1410,38.42810833,38.42810833,-77.417455560,-77.41745556,0,No Special Jurisdiction,8,Pedestrian,0,The First Harmful Event was Not a Collision with a Motor Vehicle in Transport,0,No,1,Non-Junction,1,Not an Intersection,0,None,,,2,On Shoulder,1,Daylight,,,,,98,Not Reported,0,No,0000000,Not Applicable,99,Unknown,99,Unknown,99,Unknown EMS Scene Arrival Hour,99,Unknown EMS Scene Arrival Minutes,99,Unknown,99,Unknown EMS Hospital Arrival Time,,,,,,,1,