caseyear,state,st_case,statename,ve_total,ve_forms,pvh_invl,peds,pernotmvit,permvit,persons,county,countyname,city,cityname,day,dayname,month,monthname,year,day_week,day_weekname,hour,hourname,minute,minutename,nhs,nhsname,rur_urb,rur_urbname,func_sys,func_sysname,rd_owner,rd_ownername,route,routename,tway_id,tway_id2,milept,mileptname,latitude,latitudename,longitud,longitudname,sp_jur,sp_jurname,harm_ev,harm_evname,man_coll,man_collname,reljct1,reljct1name,reljct2,reljct2name,typ_int,typ_intname,wrk_zone,wrk_zonename,road_fnc,road_fncname,rel_road,rel_roadname,lgt_cond,lgt_condname,weather1,weather1name,weather2,weather2name,weather,weathername,sch_bus,sch_busname,rail,railname,not_hour,not_hourname,not_min,not_minname,arr_hour,arr_hourname,arr_min,arr_minname,hosp_hr,hosp_hrname,hosp_mn,hosp_mnname,cf1,cf1name,cf2,cf2name,cf3,cf3name,fatals,drunk_dr
2022,51,510109,Virginia,1,1,0,0,0,2,2,29,BUCKINGHAM (29),0,NOT APPLICABLE,19,19,2,February,2022,7,Saturday,17,5:00pm-5:59pm,20,20,0,This section IS NOT on the NHS,1,Rural,7,Local,1,State Highway Agency,4,County Road,CR-617,,133,133,37.57678889,37.57678889,-78.348530560,-78.34853056,0,No Special Jurisdiction,34,Ditch,0,The First Harmful Event was Not a Collision with a Motor Vehicle in Transport,0,No,1,Non-Junction,1,Not an Intersection,0,None,,,4,On Roadside,1,Daylight,,,,,98,Not Reported,0,No,0000000,Not Applicable,99,Unknown,98,Unknown if Notified,99,Unknown EMS Scene Arrival Hour,98,Unknown if Arrived,88,"Not Applicable (Not Transported) ",88,Not Applicable (Not Transported),,,,,,,1,
2022,51,510110,Virginia,1,1,0,0,0,1,1,31,CAMPBELL (31),2448,TIMBERLAKE,19,19,2,February,2022,7,Saturday,1,1:00am-1:59am,18,18,1,This section IS ON the NHS,2,Urban,2,Principal Arterial - Other Freeways and Expressways,1,State Highway Agency,2,U.S. Highway,US-460,,1983,1983,37.30970000,37.30970000,-79.264427780,-79.26442778,0,No Special Jurisdiction,24,Guardrail Face,0,The First Harmful Event was Not a Collision with a Motor Vehicle in Transport,0,No,1,Non-Junction,1,Not an Intersection,0,None,,,4,On Roadside,2,Dark - Not Lighted,,,,,98,Not Reported,0,No,0000000,Not Applicable,99,Unknown,99,Unknown,99,Unknown EMS Scene Arrival Hour,99,Unknown EMS Scene Arrival Minutes,99,Unknown,99,Unknown EMS Hospital Arrival Time,,,,,,,1,
2022,51,510111,Virginia,2,2,0,0,0,3,3,173,SMYTH (173),0,NOT APPLICABLE,21,21,2,February,2022,2,Monday,9,9:00am-9:59am,46,46,0,This section IS NOT on the NHS,1,Rural,5,Major Collector,1,State Highway Agency,4,County Road,CR-600,COUNTRY LN,116,116,36.74056111,36.74056111,-81.647419440,-81.64741944,0,No Special Jurisdiction,12,Motor Vehicle In-Transport,6,Angle,0,No,2,Intersection,2,Four-Way Intersection,0,None,,,1,On Roadway,1,Daylight,,,,,98,Not Reported,0,No,0000000,Not Applicable,99,Unknown,99,Unknown,99,Unknown EMS Scene Arrival Hour,99,Unknown EMS Scene Arrival Minutes,99,Unknown,99,Unknown EMS Hospital Arrival Time,,,,,,,1,
2022,51,510112,Virginia,2,2,0,0,0,2,2,161,ROANOKE (161),0,NOT APPLICABLE,21,21,2,February,2022,2,Monday,17,5:00pm-5:59pm,32,32,0,This section IS NOT on the NHS,2,Urban,4,Minor Arterial,1,State Highway Agency,2,U.S. Highway,US-11,FORT LEWIS CHURCH RD,1383,1383,37.27258056,37.27258056,-80.137438890,-80.13743889,0,No Special Jurisdiction,12,Motor Vehicle In-Transport,6,Angle,0,No,2,Intersection,3,T-Intersection,0,None,,,1,On Roadway,1,Daylight,,,,,98,Not Reported,0,No,0000000,Not Applicable,99,Unknown,98,Unknown if Notified,99,Unknown EMS Scene Arrival Hour,98,Unknown if Arrived,88,"Not Applicable (Not Transported) ",88,Not Applicable (Not Transported),,,,,,,1,
2022,51,510113,Virginia,4,4,0,0,0,4,4,153,PRINCE WILLIAM (153),0,NOT APPLICABLE,14,14,2,February,2022,2,Monday,10,10:00am-10:59am,56,56,1,This section IS ON the NHS,2,Urban,3,Principal Arterial - Other,1,State Highway Agency,2,U.S. Highway,US-1,,1746,1746,38.64477222,38.64477222,-77.264741670,-77.26474167,0,No Special Jurisdiction,12,Motor Vehicle In-Transport,2,Front-to-Front,0,No,8,Driveway Access Related,1,Not an Intersection,4,"Work Zone, Type Unknown",,,1,On Roadway,1,Daylight,,,,,98,Not Reported,0,No,0000000,Not Applicable,99,Unknown,99,Unknown,99,Unknown EMS Scene Arrival Hour,99,Unknown EMS Scene Arrival Minutes,99,Unknown,99,Unknown EMS Hospital Arrival Time,,,,,,,1,
2022,51,510114,Virginia,2,2,0,0,0,2,2,121,MONTGOMERY (121),0,NOT APPLICABLE,23,23,2,February,2022,4,Wednesday,19,7:00pm-7:59pm,38,38,1,This section IS ON the NHS,2,Urban,4,Minor Arterial,1,State Highway Agency,3,State Highway,SR-114/PEPPERS FERRY RD,,79,79,37.16502222,37.16502222,-80.454341670,-80.45434167,0,No Special Jurisdiction,11,Live Animal,0,The First Harmful Event was Not a Collision with a Motor Vehicle in Transport,0,No,1,Non-Junction,1,Not an Intersection,0,None,,,1,On Roadway,2,Dark - Not Lighted,,,,,98,Not Reported,0,No,0000000,Not Applicable,99,Unknown,99,Unknown,99,Unknown EMS Scene Arrival Hour,99,Unknown EMS Scene Arrival Minutes,99,Unknown,99,Unknown EMS Hospital Arrival Time,,,,,,,1,
2022,51,510115,Virginia,1,1,0,1,1,1,1,59,FAIRFAX (59),2034,RESTON,3,3,2,February,2022,5,Thursday,10,10:00am-10:59am,44,44,0,This section IS NOT on the NHS,2,Urban,4,Minor Arterial,1,State Highway Agency,4,County Road,CR-606,,12,12,38.96968611,38.96968611,-77.344277780,-77.34427778,0,No Special Jurisdiction,8,Pedestrian,0,The First Harmful Event was Not a Collision with a Motor Vehicle in Transport,0,No,1,Non-Junction,1,Not an Intersection,0,None,,,1,On Roadway,1,Daylight,,,,,2,Rain,0,No,0000000,Not Applicable,99,Unknown,99,Unknown,99,Unknown EMS Scene Arrival Hour,99,Unknown EMS Scene Arrival Minutes,99,Unknown,99,Unknown EMS Hospital Arrival Time,,,,,,,1,
2022,51,510116,Virginia,1,1,0,0,0,1,1,27,BUCHANAN (27),0,NOT APPLICABLE,20,20,2,February,2022,1,Sunday,2,2:00am-2:59am,15,15,0,This section IS NOT on the NHS,1,Rural,7,Local,1,State Highway Agency,4,County Road,CR-676,,11,11,37.42630000,37.42630000,-82.051830560,-82.05183056,0,No Special Jurisdiction,42,Tree (Standing Only),0,The First Harmful Event was Not a Collision with a Motor Vehicle in Transport,0,No,1,Non-Junction,1,Not an Intersection,0,None,,,4,On Roadside,2,Dark - Not Lighted,,,,,98,Not Reported,0,No,0000000,Not Applicable,99,Unknown,99,Unknown,99,Unknown EMS Scene Arrival Hour,99,Unknown EMS Scene Arrival Minutes,99,Unknown,99,Unknown EMS Hospital Arrival Time,,,,,,,1,
2022,51,510117,Virginia,2,2,0,0,0,2,2,810,VIRGINIA BEACH (CITY) (810),2540,VIRGINIA BEACH,12,12,2,February,2022,7,Saturday,11,11:00am-11:59am,32,32,0,This section IS NOT on the NHS,1,Rural,7,Local,99,Unknown,6,Local Street - Municipality,PLEASANT RIDGE RD,CHARITY NECK RD,9,9,36.68680000,36.68680000,-75.999644440,-75.99964444,0,No Special Jurisdiction,12,Motor Vehicle In-Transport,2,Front-to-Front,0,No,3,Intersection-Related,3,T-Intersection,0,None,,,1,On Roadway,1,Daylight,,,,,98,Not Reported,0,No,0000000,Not Applicable,99,Unknown,98,Unknown if Notified,99,Unknown EMS Scene Arrival Hour,98,Unknown if Arrived,88,"Not Applicable (Not Transported) ",88,Not Applicable (Not Transported),,,,,,,1,
2022,51,510118,Virginia,1,1,0,0,0,2,2,41,CHESTERFIELD (41),0,NOT APPLICABLE,19,19,2,February,2022,7,Saturday,8,8:00am-8:59am,50,50,0,This section IS NOT on the NHS,2,Urban,4,Minor Arterial,1,State Highway Agency,4,County Road,CR-641,,21,21,37.42299722,37.42299722,-77.472372220,-77.47237222,0,No Special Jurisdiction,34,Ditch,0,The First Harmful Event was Not a Collision with a Motor Vehicle in Transport,0,No,1,Non-Junction,1,Not an Intersection,0,None,,,4,On Roadside,1,Daylight,,,,,98,Not Reported,0,No,0000000,Not Applicable,99,Unknown,99,Unknown,99,Unknown EMS Scene Arrival Hour,99,Unknown EMS Scene Arrival Minutes,99,Unknown,99,Unknown EMS Hospital Arrival Time,,,,,,,1,
2022,51,510119,Virginia,1,1,0,1,1,1,1,710,NORFOLK (CITY) (710),1760,NORFOLK,24,24,2,February,2022,5,Thursday,18,6:00pm-6:59pm,31,31,1,This section IS ON the NHS,2,Urban,1,Interstate,1,State Highway Agency,1,Interstate,I-264,,100,100,36.84586389,36.84586389,-76.245491670,-76.24549167,0,No Special Jurisdiction,8,Pedestrian,0,The First Harmful Event was Not a Collision with a Motor Vehicle in Transport,0,No,1,Non-Junction,1,Not an Intersection,0,None,,,1,On Roadway,3,Dark - Lighted,,,,,2,Rain,0,No,0000000,Not Applicable,99,Unknown,98,Unknown if Notified,99,Unknown EMS Scene Arrival Hour,98,Unknown if Arrived,88,"Not Applicable (Not Transported) ",88,Not Applicable (Not Transported),,,,,,,1,
2022,51,510120,Virginia,1,1,0,0,0,1,1,121,MONTGOMERY (121),0,NOT APPLICABLE,24,24,2,February,2022,5,Thursday,14,2:00pm-2:59pm,22,22,0,This section IS NOT on the NHS,1,Rural,4,Minor Arterial,1,State Highway Agency,3,State Highway,SR-8/RINER RD,,462,462,37.02560278,37.02560278,-80.423063890,-80.42306389,0,No Special Jurisdiction,42,Tree (Standing Only),0,The First Harmful Event was Not a Collision with a Motor Vehicle in Transport,0,No,1,Non-Junction,1,Not an Intersection,0,None,,,4,On Roadside,1,Daylight,,,,,98,Not Reported,0,No,0000000,Not Applicable,99,Unknown,99,Unknown,99,Unknown EMS Scene Arrival Hour,99,Unknown EMS Scene Arrival Minutes,99,Unknown,99,Unknown EMS Hospital Arrival Time,,,,,,,1,
2022,51,510121,Virginia,1,1,0,1,1,1,1,179,STAFFORD (179),0,NOT APPLICABLE,25,25,2,February,2022,6,Friday,19,7:00pm-7:59pm,5,5,1,This section IS ON the NHS,1,Rural,3,Principal Arterial - Other,1,State Highway Agency,2,U.S. Highway,US-17,,22,22,38.34153611,38.34153611,-77.493594440,-77.49359444,0,No Special Jurisdiction,8,Pedestrian,0,The First Harmful Event was Not a Collision with a Motor Vehicle in Transport,0,No,1,Non-Junction,1,Not an Intersection,4,"Work Zone, Type Unknown",,,1,On Roadway,2,Dark - Not Lighted,,,,,98,Not Reported,0,No,0000000,Not Applicable,99,Unknown,99,Unknown,99,Unknown EMS Scene Arrival Hour,99,Unknown EMS Scene Arrival Minutes,99,Unknown,99,Unknown EMS Hospital Arrival Time,,,,,,,1,
2022,51,510122,Virginia,2,2,0,0,0,3,3,15,AUGUSTA (15),1675,MOUNT SIDNEY,25,25,2,February,2022,6,Friday,11,11:00am-11:59am,45,45,0,This section IS NOT on the NHS,1,Rural,5,Major Collector,1,State Highway Agency,4,County Road,CR-616,,37,37,38.25023056,38.25023056,-78.980586110,-78.98058611,0,No Special Jurisdiction,12,Motor Vehicle In-Transport,6,Angle,0,No,8,Driveway Access Related,1,Not an Intersection,0,None,,,1,On Roadway,1,Daylight,,,,,98,Not Reported,0,No,0000000,Not Applicable,99,Unknown,99,Unknown,99,Unknown EMS Scene Arrival Hour,99,Unknown EMS Scene Arrival Minutes,99,Unknown,99,Unknown EMS Hospital Arrival Time,,,,,,,1,
2022,51,510123,Virginia,1,1,0,0,0,1,1,147,PRINCE EDWARD (147),0,NOT APPLICABLE,24,24,2,February,2022,5,Thursday,8,8:00am-8:59am,20,20,0,This section IS NOT on the NHS,1,Rural,4,Minor Arterial,1,State Highway Agency,2,U.S. Highway,US-15,,522,522,37.18423333,37.18423333,-78.430072220,-78.43007222,0,No Special Jurisdiction,1,Rollover/Overturn,0,The First Harmful Event was Not a Collision with a Motor Vehicle in Transport,0,No,1,Non-Junction,1,Not an Intersection,0,None,,,4,On Roadside,1,Daylight,,,,,2,Rain,0,No,0000000,Not Applicable,99,Unknown,98,Unknown if Notified,99,Unknown EMS Scene Arrival Hour,98,Unknown if Arrived,88,"Not Applicable (Not Transported) ",88,Not Applicable (Not Transported),,,,,,,1,
2022,51,510124,Virginia,1,1,0,1,1,1,1,153,PRINCE WILLIAM (153),0,NOT APPLICABLE,24,24,2,February,2022,5,Thursday,18,6:00pm-6:59pm,19,19,0,This section IS NOT on the NHS,2,Urban,6,Minor Collector,1,State Highway Agency,4,County Road,CR-1189,,14,14,38.58777222,38.58777222,-77.305341670,-77.30534167,0,No Special Jurisdiction,8,Pedestrian,0,The First Harmful Event was Not a Collision with a Motor Vehicle in Transport,0,No,1,Non-Junction,1,Not an Intersection,0,None,,,1,On Roadway,2,Dark - Not Lighted,,,,,2,Rain,0,No,0000000,Not Applicable,99,Unknown,99,Unknown,99,Unknown EMS Scene Arrival Hour,99,Unknown EMS Scene Arrival Minutes,99,Unknown,99,Unknown EMS Hospital Arrival Time,,,,,,,1,
2022,51,510125,Virginia,1,1,0,0,0,1,1,73,GLOUCESTER (73),0,NOT APPLICABLE,26,26,2,February,2022,7,Saturday,9,9:00am-9:59am,20,20,0,This section IS NOT on the NHS,1,Rural,7,Local,1,State Highway Agency,4,County Road,CR-661,,9,9,37.46423333,37.46423333,-76.476466670,-76.47646667,0,No Special Jurisdiction,42,Tree (Standing Only),0,The First Harmful Event was Not a Collision with a Motor Vehicle in Transport,0,No,1,Non-Junction,1,Not an Intersection,0,None,,,4,On Roadside,1,Daylight,,,,,98,Not Reported,0,No,0000000,Not Applicable,99,Unknown,98,Unknown if Notified,99,Unknown EMS Scene Arrival Hour,98,Unknown if Arrived,88,"Not Applicable (Not Transported) ",88,Not Applicable (Not Transported),,,,,,,1,
2022,51,510126,Virginia,1,1,0,0,0,1,1,800,SUFFOLK (CITY) (800),2390,SUFFOLK,26,26,2,February,2022,7,Saturday,1,1:00am-1:59am,31,31,1,This section IS ON the NHS,1,Rural,2,Principal Arterial - Other Freeways and Expressways,4,City or Municipal Highway Agency,2,U.S. Highway,US-58,,4775,4775,36.76261944,36.76261944,-76.488238890,-76.48823889,0,No Special Jurisdiction,42,Tree (Standing Only),0,The First Harmful Event was Not a Collision with a Motor Vehicle in Transport,0,No,1,Non-Junction,1,Not an Intersection,0,None,,,4,On Roadside,3,Dark - Lighted,,,,,98,Not Reported,0,No,0000000,Not Applicable,99,Unknown,98,Unknown if Notified,99,Unknown EMS Scene Arrival Hour,98,Unknown if Arrived,88,"Not Applicable (Not Transported) ",88,Not Applicable (Not Transported),,,,,,,1,
2022,51,510127,Virginia,5,5,0,0,0,5,5,1,ACCOMACK (1),0,NOT APPLICABLE,8,8,2,February,2022,3,Tuesday,17,5:00pm-5:59pm,12,12,1,This section IS ON the NHS,1,Rural,3,Principal Arterial - Other,1,State Highway Agency,2,U.S. Highway,US-13,,1229,1229,37.74062500,37.74062500,-75.642850000,-75.64285000,0,No Special Jurisdiction,12,Motor Vehicle In-Transport,2,Front-to-Front,0,No,1,Non-Junction,1,Not an Intersection,0,None,,,11,Continuous Left - Turn Lane,1,Daylight,,,,,98,Not Reported,0,No,0000000,Not Applicable,99,Unknown,99,Unknown,99,Unknown EMS Scene Arrival Hour,99,Unknown EMS Scene Arrival Minutes,99,Unknown,99,Unknown EMS Hospital Arrival Time,,,,,,,1,
2022,51,510128,Virginia,1,1,0,0,0,1,1,660,HARRISONBURG (CITY) (660),1190,HARRISONBURG,2,2,3,March,2022,4,Wednesday,10,10:00am-10:59am,31,31,0,This section IS NOT on the NHS,2,Urban,7,Local,4,City or Municipal Highway Agency,6,Local Street - Municipality,E MARKET ST,EVELYN BYRD AVE,12,12,38.42387778,38.42387778,-78.838288890,-78.83828889,0,No Special Jurisdiction,35,Embankment,0,The First Harmful Event was Not a Collision with a Motor Vehicle in Transport,0,No,3,Intersection-Related,3,T-Intersection,0,None,,,4,On Roadside,1,Daylight,,,,,98,Not Reported,0,No,0000000,Not Applicable,99,Unknown,99,Unknown,99,Unknown EMS Scene Arrival Hour,99,Unknown EMS Scene Arrival Minutes,99,Unknown,99,Unknown EMS Hospital Arrival Time,,,,,,,1,
2022,51,510129,Virginia,2,2,0,0,0,2,2,53,DINWIDDIE (53),0,NOT APPLICABLE,5,5,2,February,2022,7,Saturday,2,2:00am-2:59am,37,37,1,This section IS ON the NHS,1,Rural,1,Interstate,1,State Highway Agency,1,Interstate,I-85,,510,510,37.05809722,37.05809722,-77.599613890,-77.59961389,0,No Special Jurisdiction,12,Motor Vehicle In-Transport,6,Angle,0,No,1,Non-Junction,1,Not an Intersection,0,None,,,1,On Roadway,2,Dark - Not Lighted,,,,,98,Not Reported,0,No,0000000,Not Applicable,99,Unknown,98,Unknown if Notified,99,Unknown EMS Scene Arrival Hour,98,Unknown if Arrived,88,"Not Applicable (Not Transported) ",88,Not Applicable (Not Transported),,,,,,,1,
2022,51,510130,Virginia,2,2,0,0,0,2,2,85,HANOVER (85),0,NOT APPLICABLE,16,16,2,February,2022,4,Wednesday,18,6:00pm-6:59pm,1,1,0,This section IS NOT on the NHS,2,Urban,5,Major Collector,1,State Highway Agency,4,County Road,CR-643,LAUREL MEADOWS DR,21,21,37.62906111,37.62906111,-77.341044440,-77.34104444,0,No Special Jurisdiction,12,Motor Vehicle In-Transport,2,Front-to-Front,0,No,2,Intersection,2,Four-Way Intersection,0,None,,,1,On Roadway,5,Dusk,,,,,98,Not Reported,0,No,0000000,Not Applicable,99,Unknown,99,Unknown,99,Unknown EMS Scene Arrival Hour,99,Unknown EMS Scene Arrival Minutes,99,Unknown,99,Unknown EMS Hospital Arrival Time,,,,,,,1,
2022,51,510131,Virginia,1,1,0,0,0,1,1,85,HANOVER (85),0,NOT APPLICABLE,25,25,2,February,2022,6,Friday,0,0:00am-0:59am,14,14,1,This section IS ON the NHS,2,Urban,3,Principal Arterial - Other,1,State Highway Agency,6,Local Street - Municipality,SR234/PRINCE WILLIAM PKWY,,146,146,37.64471667,37.64471667,-77.136966670,-77.13696667,0,No Special Jurisdiction,42,Tree (Standing Only),0,The First Harmful Event was Not a Collision with a Motor Vehicle in Transport,0,No,1,Non-Junction,1,Not an Intersection,0,None,,,4,On Roadside,2,Dark - Not Lighted,,,,,2,Rain,0,No,0000000,Not Applicable,99,Unknown,98,Unknown if Notified,99,Unknown EMS Scene Arrival Hour,98,Unknown if Arrived,88,"Not Applicable (Not Transported) ",88,Not Applicable (Not Transported),,,,,,,1,
2022,51,510132,Virginia,1,1,0,0,0,1,1,161,ROANOKE (161),0,NOT APPLICABLE,26,26,2,February,2022,7,Saturday,7,7:00am-7:59am,48,48,0,This section IS NOT on the NHS,1,Rural,4,Minor Arterial,1,State Highway Agency,2,U.S. Highway,US-221,,0,None,37.20047778,37.20047778,-80.071688890,-80.07168889,0,No Special Jurisdiction,21,Bridge Pier or Support,0,The First Harmful Event was Not a Collision with a Motor Vehicle in Transport,0,No,1,Non-Junction,1,Not an Intersection,0,None,,,4,On Roadside,1,Daylight,,,,,98,Not Reported,0,No,0000000,Not Applicable,99,Unknown,98,Unknown if Notified,99,Unknown EMS Scene Arrival Hour,98,Unknown if Arrived,88,"Not Applicable (Not Transported) ",88,Not Applicable (Not Transported),,,,,,,1,
2022,51,510133,Virginia,2,2,0,0,0,2,2,59,FAIRFAX (59),0,NOT APPLICABLE,1,1,3,March,2022,3,Tuesday,16,4:00pm-4:59pm,0,0,1,This section IS ON the NHS,2,Urban,1,Interstate,1,State Highway Agency,1,Interstate,I-95-495,,1748,1748,38.80295000,38.80295000,-77.100691670,-77.10069167,0,No Special Jurisdiction,12,Motor Vehicle In-Transport,1,Front-to-Rear,0,No,1,Non-Junction,1,Not an Intersection,0,None,,,1,On Roadway,1,Daylight,,,,,98,Not Reported,0,No,0000000,Not Applicable,99,Unknown,98,Unknown if Notified,99,Unknown EMS Scene Arrival Hour,98,Unknown if Arrived,88,"Not Applicable (Not Transported) ",88,Not Applicable (Not Transported),,,,,,,1,
2022,51,510134,Virginia,1,1,0,0,0,1,1,61,FAUQUIER (61),0,NOT APPLICABLE,28,28,2,February,2022,2,Monday,23,11:00pm-11:59pm,20,20,0,This section IS NOT on the NHS,1,Rural,5,Major Collector,1,State Highway Agency,4,County Road,CR-643 MEETZE RD,,57,57,38.66296944,38.66296944,-77.740900000,-77.74090000,0,No Special Jurisdiction,42,Tree (Standing Only),0,The First Harmful Event was Not a Collision with a Motor Vehicle in Transport,0,No,1,Non-Junction,1,Not an Intersection,0,None,,,4,On Roadside,2,Dark - Not Lighted,,,,,98,Not Reported,0,No,0000000,Not Applicable,99,Unknown,98,Unknown if Notified,99,Unknown EMS Scene Arrival Hour,98,Unknown if Arrived,88,"Not Applicable (Not Transported) ",88,Not Applicable (Not Transported),,,,,,,1,
2022,51,510135,Virginia,2,2,0,0,0,2,2,179,STAFFORD (179),0,NOT APPLICABLE,19,19,2,February,2022,7,Saturday,20,8:00pm-8:59pm,27,27,0,This section IS NOT on the NHS,2,Urban,5,Major Collector,1,State Highway Agency,4,County Road,CR-610,,74,74,38.46900278,38.46900278,-77.458961110,-77.45896111,0,No Special Jurisdiction,12,Motor Vehicle In-Transport,6,Angle,0,No,1,Non-Junction,1,Not an Intersection,0,None,,,1,On Roadway,2,Dark - Not Lighted,,,,,98,Not Reported,0,No,0000000,Not Applicable,99,Unknown,99,Unknown,99,Unknown EMS Scene Arrival Hour,99,Unknown EMS Scene Arrival Minutes,99,Unknown,99,Unknown EMS Hospital Arrival Time,,,,,,,1,
2022,51,510136,Virginia,1,1,0,0,0,1,1,95,JAMES CITY (95),0,NOT APPLICABLE,25,25,2,February,2022,6,Friday,20,8:00pm-8:59pm,21,21,0,This section IS NOT on the NHS,2,Urban,4,Minor Arterial,1,State Highway Agency,4,County Road,CR-612,,24,24,37.30551667,37.30551667,-76.751175000,-76.75117500,0,No Special Jurisdiction,30,Utility Pole/Light Support,0,The First Harmful Event was Not a Collision with a Motor Vehicle in Transport,0,No,1,Non-Junction,1,Not an Intersection,4,"Work Zone, Type Unknown",,,4,On Roadside,3,Dark - Lighted,,,,,98,Not Reported,0,No,0000000,Not Applicable,99,Unknown,99,Unknown,99,Unknown EMS Scene Arrival Hour,99,Unknown EMS Scene Arrival Minutes,99,Unknown,99,Unknown EMS Hospital Arrival Time,,,,,,,1,
2022,51,510138,Virginia,1,1,0,1,1,1,1,33,CAROLINE (33),0,NOT APPLICABLE,16,16,2,February,2022,4,Wednesday,5,5:00am-5:59am,20,20,1,This section IS ON the NHS,1,Rural,3,Principal Arterial - Other,1,State Highway Agency,3,State Highway,SR-207/ROGERS CLARK BLVD,WELCOME WAY,3,3,37.93370278,37.93370278,-77.475013890,-77.47501389,0,No Special Jurisdiction,8,Pedestrian,0,The First Harmful Event was Not a Collision with a Motor Vehicle in Transport,0,No,3,Intersection-Related,2,Four-Way Intersection,0,None,,,1,On Roadway,2,Dark - Not Lighted,,,,,98,Not Reported,0,No,0000000,Not Applicable,99,Unknown,99,Unknown,99,Unknown EMS Scene Arrival Hour,99,Unknown EMS Scene Arrival Minutes,99,Unknown,99,Unknown EMS Hospital Arrival Time,,,,,,,1,
2022,51,510139,Virginia,1,1,0,1,1,1,1,710,NORFOLK (CITY) (710),1760,NORFOLK,27,27,2,February,2022,1,Sunday,2,2:00am-2:59am,24,24,1,This section IS ON the NHS,2,Urban,1,Interstate,1,State Highway Agency,1,Interstate,I-64,,2810,2810,36.88393889,36.88393889,-76.220430560,-76.22043056,0,No Special Jurisdiction,8,Pedestrian,0,The First Harmful Event was Not a Collision with a Motor Vehicle in Transport,0,No,1,Non-Junction,1,Not an Intersection,0,None,,,2,On Shoulder,3,Dark - Lighted,,,,,98,Not Reported,0,No,0000000,Not Applicable,99,Unknown,98,Unknown if Notified,99,Unknown EMS Scene Arrival Hour,98,Unknown if Arrived,88,"Not Applicable (Not Transported) ",88,Not Applicable (Not Transported),,,,,,,1,
2022,51,510140,Virginia,1,1,0,0,0,1,1,101,KING WILLIAM (101),2620,WEST POINT,3,3,3,March,2022,5,Thursday,21,9:00pm-9:59pm,44,44,0,This section IS NOT on the NHS,2,Urban,5,Major Collector,1,State Highway Agency,4,County Road,CR-1129,RT-33,7,7,37.53665556,37.53665556,-76.799327780,-76.79932778,0,No Special Jurisdiction,33,Curb,0,The First Harmful Event was Not a Collision with a Motor Vehicle in Transport,0,No,3,Intersection-Related,2,Four-Way Intersection,0,None,,,4,On Roadside,3,Dark - Lighted,,,,,98,Not Reported,0,No,0000000,Not Applicable,99,Unknown,99,Unknown,99,Unknown EMS Scene Arrival Hour,99,Unknown EMS Scene Arrival Minutes,99,Unknown,99,Unknown EMS Hospital Arrival Time,,,,,,,1,
2022,51,510141,Virginia,3,3,0,0,0,3,3,155,PULASKI (155),0,NOT APPLICABLE,21,21,2,February,2022,2,Monday,15,3:00pm-3:59pm,58,58,1,This section IS ON the NHS,1,Rural,3,Principal Arterial - Other,1,State Highway Agency,2,U.S. Highway,US-11,,99998,Not Reported,37.03245278,37.03245278,-80.777275000,-80.77727500,0,No Special Jurisdiction,12,Motor Vehicle In-Transport,2,Front-to-Front,0,No,1,Non-Junction,1,Not an Intersection,0,None,,,1,On Roadway,1,Daylight,,,,,98,Not Reported,0,No,0000000,Not Applicable,99,Unknown,99,Unknown,99,Unknown EMS Scene Arrival Hour,99,Unknown EMS Scene Arrival Minutes,99,Unknown,99,Unknown EMS Hospital Arrival Time,,,,,,,2,
2022,51,510142,Virginia,2,2,0,0,0,3,3,61,FAUQUIER (61),0,NOT APPLICABLE,25,25,2,February,2022,6,Friday,10,10:00am-10:59am,13,13,1,This section IS ON the NHS,1,Rural,3,Principal Arterial - Other,1,State Highway Agency,2,U.S. Highway,US-17,GRANITE ST,1970,1970,38.48333333,38.48333333,-77.680786110,-77.68078611,0,No Special Jurisdiction,12,Motor Vehicle In-Transport,6,Angle,0,No,2,Intersection,3,T-Intersection,0,None,,,1,On Roadway,1,Daylight,,,,,98,Not Reported,0,No,0000000,Not Applicable,99,Unknown,99,Unknown,99,Unknown EMS Scene Arrival Hour,99,Unknown EMS Scene Arrival Minutes,99,Unknown,99,Unknown EMS Hospital Arrival Time,,,,,,,2,
2022,51,510143,Virginia,1,1,0,0,0,1,1,35,CARROLL (35),0,NOT APPLICABLE,6,6,3,March,2022,1,Sunday,11,11:00am-11:59am,17,17,0,This section IS NOT on the NHS,1,Rural,5,Major Collector,1,State Highway Agency,4,County Road,CR-679,,59,59,36.63515833,36.63515833,-80.626238890,-80.62623889,0,No Special Jurisdiction,42,Tree (Standing Only),0,The First Harmful Event was Not a Collision with a Motor Vehicle in Transport,0,No,1,Non-Junction,1,Not an Intersection,0,None,,,4,On Roadside,1,Daylight,,,,,98,Not Reported,0,No,0000000,Not Applicable,99,Unknown,98,Unknown if Notified,99,Unknown EMS Scene Arrival Hour,98,Unknown if Arrived,88,"Not Applicable (Not Transported) ",88,Not Applicable (Not Transported),,,,,,,1,
2022,51,510144,Virginia,2,2,0,0,0,2,2,510,ALEXANDRIA (CITY) (510),40,ALEXANDRIA,5,5,3,March,2022,7,Saturday,21,9:00pm-9:59pm,25,25,1,This section IS ON the NHS,2,Urban,1,Interstate,1,State Highway Agency,1,Interstate,I-95-495,,143,143,38.80150278,38.80150278,-77.084311110,-77.08431111,0,No Special Jurisdiction,12,Motor Vehicle In-Transport,1,Front-to-Rear,0,No,1,Non-Junction,1,Not an Intersection,0,None,,,2,On Shoulder,3,Dark - Lighted,,,,,98,Not Reported,0,No,0000000,Not Applicable,99,Unknown,99,Unknown,99,Unknown EMS Scene Arrival Hour,99,Unknown EMS Scene Arrival Minutes,99,Unknown,99,Unknown EMS Hospital Arrival Time,,,,,,,1,