caseyear,state,st_case,statename,ve_total,ve_forms,pvh_invl,peds,pernotmvit,permvit,persons,county,countyname,city,cityname,day,dayname,month,monthname,year,day_week,day_weekname,hour,hourname,minute,minutename,nhs,nhsname,rur_urb,rur_urbname,func_sys,func_sysname,rd_owner,rd_ownername,route,routename,tway_id,tway_id2,milept,mileptname,latitude,latitudename,longitud,longitudname,sp_jur,sp_jurname,harm_ev,harm_evname,man_coll,man_collname,reljct1,reljct1name,reljct2,reljct2name,typ_int,typ_intname,wrk_zone,wrk_zonename,road_fnc,road_fncname,rel_road,rel_roadname,lgt_cond,lgt_condname,weather1,weather1name,weather2,weather2name,weather,weathername,sch_bus,sch_busname,rail,railname,not_hour,not_hourname,not_min,not_minname,arr_hour,arr_hourname,arr_min,arr_minname,hosp_hr,hosp_hrname,hosp_mn,hosp_mnname,cf1,cf1name,cf2,cf2name,cf3,cf3name,fatals,drunk_dr
2022,51,510256,Virginia,2,2,0,0,0,2,2,590,DANVILLE(CITY) (590),720,DANVILLE,2,2,4,April,2022,7,Saturday,15,3:00pm-3:59pm,44,44,0,This section IS NOT on the NHS,2,Urban,4,Minor Arterial,4,City or Municipal Highway Agency,3,State Highway,SR-41/FRANKLIN TRNPK,,27,27,36.64173889,36.64173889,-79.399619440,-79.39961944,0,No Special Jurisdiction,12,Motor Vehicle In-Transport,1,Front-to-Rear,0,No,8,Driveway Access Related,1,Not an Intersection,0,None,,,1,On Roadway,1,Daylight,,,,,98,Not Reported,0,No,0000000,Not Applicable,99,Unknown,99,Unknown,99,Unknown EMS Scene Arrival Hour,99,Unknown EMS Scene Arrival Minutes,99,Unknown,99,Unknown EMS Hospital Arrival Time,,,,,,,1,
2022,51,510257,Virginia,1,1,0,0,0,3,3,590,DANVILLE(CITY) (590),720,DANVILLE,4,4,4,April,2022,2,Monday,21,9:00pm-9:59pm,50,50,0,This section IS NOT on the NHS,2,Urban,7,Local,99,Unknown,6,Local Street - Municipality,HENRY ST,,5,5,36.59770278,36.59770278,-79.393602780,-79.39360278,0,No Special Jurisdiction,39,Wall,0,The First Harmful Event was Not a Collision with a Motor Vehicle in Transport,0,No,1,Non-Junction,1,Not an Intersection,0,None,,,4,On Roadside,3,Dark - Lighted,,,,,98,Not Reported,0,No,0000000,Not Applicable,99,Unknown,99,Unknown,99,Unknown EMS Scene Arrival Hour,99,Unknown EMS Scene Arrival Minutes,99,Unknown,99,Unknown EMS Hospital Arrival Time,,,,,,,1,
2022,51,510258,Virginia,1,1,0,0,0,2,2,25,BRUNSWICK (25),0,NOT APPLICABLE,2,2,4,April,2022,7,Saturday,16,4:00pm-4:59pm,30,30,0,This section IS NOT on the NHS,1,Rural,5,Major Collector,1,State Highway Agency,3,State Highway,SR-46 CHRISTANNA HWY,,357,357,36.97232778,36.97232778,-77.963569440,-77.96356944,0,No Special Jurisdiction,42,Tree (Standing Only),0,The First Harmful Event was Not a Collision with a Motor Vehicle in Transport,0,No,1,Non-Junction,1,Not an Intersection,0,None,,,4,On Roadside,1,Daylight,,,,,98,Not Reported,0,No,0000000,Not Applicable,99,Unknown,99,Unknown,99,Unknown EMS Scene Arrival Hour,99,Unknown EMS Scene Arrival Minutes,99,Unknown,99,Unknown EMS Hospital Arrival Time,,,,,,,1,
2022,51,510259,Virginia,2,2,0,0,0,2,2,59,FAIRFAX (59),1011,FRANCONIA,1,1,5,May,2022,1,Sunday,16,4:00pm-4:59pm,26,26,1,This section IS ON the NHS,2,Urban,1,Interstate,1,State Highway Agency,1,Interstate,I-495,,1726,1726,38.79490833,38.79490833,-77.145566670,-77.14556667,0,No Special Jurisdiction,5,Fell/Jumped from Vehicle,0,The First Harmful Event was Not a Collision with a Motor Vehicle in Transport,0,No,1,Non-Junction,1,Not an Intersection,0,None,,,1,On Roadway,1,Daylight,,,,,2,Rain,0,No,0000000,Not Applicable,99,Unknown,99,Unknown,99,Unknown EMS Scene Arrival Hour,99,Unknown EMS Scene Arrival Minutes,99,Unknown,99,Unknown EMS Hospital Arrival Time,,,,,,,1,
2022,51,510260,Virginia,2,2,0,0,0,2,2,67,FRANKLIN (67),0,NOT APPLICABLE,17,17,4,April,2022,1,Sunday,2,2:00am-2:59am,27,27,1,This section IS ON the NHS,2,Urban,3,Principal Arterial - Other,1,State Highway Agency,2,U.S. Highway,US-220,,438,438,37.05843889,37.05843889,-79.883705560,-79.88370556,0,No Special Jurisdiction,12,Motor Vehicle In-Transport,6,Angle,1,Yes,18,Through Roadway,1,Not an Intersection,0,None,,,1,On Roadway,2,Dark - Not Lighted,,,,,98,Not Reported,0,No,0000000,Not Applicable,99,Unknown,98,Unknown if Notified,99,Unknown EMS Scene Arrival Hour,98,Unknown if Arrived,88,"Not Applicable (Not Transported) ",88,Not Applicable (Not Transported),,,,,,,1,
2022,51,510261,Virginia,2,2,0,0,0,2,2,117,MECKLENBURG (117),2290,SOUTH HILL,28,28,4,April,2022,5,Thursday,13,1:00pm-1:59pm,45,45,0,This section IS NOT on the NHS,1,Rural,5,Major Collector,3,Town or Township Highway Agency,2,U.S. Highway,US-1,I-85/EXIT RAMP,181,181,36.75116389,36.75116389,-78.092816670,-78.09281667,0,No Special Jurisdiction,12,Motor Vehicle In-Transport,6,Angle,1,Yes,2,Intersection,4,Y-Intersection,0,None,,,1,On Roadway,1,Daylight,,,,,98,Not Reported,0,No,0000000,Not Applicable,99,Unknown,99,Unknown,99,Unknown EMS Scene Arrival Hour,99,Unknown EMS Scene Arrival Minutes,99,Unknown,99,Unknown EMS Hospital Arrival Time,,,,,,,1,
2022,51,510262,Virginia,2,2,0,0,0,2,2,660,HARRISONBURG (CITY) (660),1190,HARRISONBURG,28,28,4,April,2022,5,Thursday,15,3:00pm-3:59pm,5,5,1,This section IS ON the NHS,2,Urban,1,Interstate,1,State Highway Agency,1,Interstate,I-81,,2470,2470,38.43188611,38.43188611,-78.873163890,-78.87316389,0,No Special Jurisdiction,12,Motor Vehicle In-Transport,1,Front-to-Rear,1,Yes,20,Entrance/Exit Ramp,1,Not an Intersection,0,None,,,1,On Roadway,1,Daylight,,,,,98,Not Reported,0,No,0000000,Not Applicable,99,Unknown,98,Unknown if Notified,99,Unknown EMS Scene Arrival Hour,98,Unknown if Arrived,88,"Not Applicable (Not Transported) ",88,Not Applicable (Not Transported),,,,,,,1,
2022,51,510263,Virginia,1,1,0,0,0,1,1,3,ALBEMARLE (3),0,NOT APPLICABLE,2,2,5,May,2022,2,Monday,20,8:00pm-8:59pm,30,30,1,This section IS ON the NHS,1,Rural,1,Interstate,1,State Highway Agency,1,Interstate,I-64,,1059,1059,38.04475000,38.04475000,-78.751438890,-78.75143889,0,No Special Jurisdiction,21,Bridge Pier or Support,0,The First Harmful Event was Not a Collision with a Motor Vehicle in Transport,0,No,1,Non-Junction,1,Not an Intersection,0,None,,,3,On Median,2,Dark - Not Lighted,,,,,98,Not Reported,0,No,0000000,Not Applicable,99,Unknown,98,Unknown if Notified,99,Unknown EMS Scene Arrival Hour,98,Unknown if Arrived,88,"Not Applicable (Not Transported) ",88,Not Applicable (Not Transported),,,,,,,1,
2022,51,510264,Virginia,1,1,0,0,0,1,1,179,STAFFORD (179),0,NOT APPLICABLE,3,3,5,May,2022,3,Tuesday,13,1:00pm-1:59pm,44,44,0,This section IS NOT on the NHS,2,Urban,5,Major Collector,1,State Highway Agency,3,State Highway,SR-630 COURTHOUSE RD,,41,41,38.42183056,38.42183056,-77.420913890,-77.42091389,0,No Special Jurisdiction,33,Curb,0,The First Harmful Event was Not a Collision with a Motor Vehicle in Transport,0,No,1,Non-Junction,1,Not an Intersection,0,None,,,3,On Median,1,Daylight,,,,,98,Not Reported,0,No,0000000,Not Applicable,99,Unknown,99,Unknown,99,Unknown EMS Scene Arrival Hour,99,Unknown EMS Scene Arrival Minutes,99,Unknown,99,Unknown EMS Hospital Arrival Time,,,,,,,1,
2022,51,510265,Virginia,1,1,0,0,0,2,2,510,ALEXANDRIA (CITY) (510),40,ALEXANDRIA,1,1,5,May,2022,1,Sunday,1,1:00am-1:59am,42,42,1,This section IS ON the NHS,2,Urban,1,Interstate,1,State Highway Agency,1,Interstate,I-395,,57,57,38.83291944,38.83291944,-77.103894440,-77.10389444,0,No Special Jurisdiction,25,Concrete Traffic Barrier,0,The First Harmful Event was Not a Collision with a Motor Vehicle in Transport,0,No,1,Non-Junction,1,Not an Intersection,0,None,,,3,On Median,3,Dark - Lighted,,,,,98,Not Reported,0,No,0000000,Not Applicable,99,Unknown,99,Unknown,99,Unknown EMS Scene Arrival Hour,99,Unknown EMS Scene Arrival Minutes,99,Unknown,99,Unknown EMS Hospital Arrival Time,,,,,,,1,
2022,51,510266,Virginia,1,1,0,1,1,1,1,700,NEWPORT NEWS (CITY) (700),1720,NEWPORT NEWS,3,3,5,May,2022,3,Tuesday,3,3:00am-3:59am,42,42,1,This section IS ON the NHS,2,Urban,1,Interstate,1,State Highway Agency,1,Interstate,I-64,,2595,2595,37.07963889,37.07963889,-76.449630560,-76.44963056,0,No Special Jurisdiction,8,Pedestrian,0,The First Harmful Event was Not a Collision with a Motor Vehicle in Transport,0,No,1,Non-Junction,1,Not an Intersection,0,None,,,1,On Roadway,3,Dark - Lighted,,,,,98,Not Reported,0,No,0000000,Not Applicable,99,Unknown,98,Unknown if Notified,99,Unknown EMS Scene Arrival Hour,98,Unknown if Arrived,88,"Not Applicable (Not Transported) ",88,Not Applicable (Not Transported),,,,,,,1,
2022,51,510267,Virginia,1,1,0,1,1,1,1,820,WAYNSBORO (CITY) (820),2610,WAYNESBORO,3,3,5,May,2022,3,Tuesday,11,11:00am-11:59am,16,16,1,This section IS ON the NHS,2,Urban,3,Principal Arterial - Other,4,City or Municipal Highway Agency,2,U.S. Highway,US-340,LENNOX PL,128,128,38.06561389,38.06561389,-78.932391670,-78.93239167,0,No Special Jurisdiction,8,Pedestrian,0,The First Harmful Event was Not a Collision with a Motor Vehicle in Transport,0,No,3,Intersection-Related,2,Four-Way Intersection,0,None,,,1,On Roadway,1,Daylight,,,,,98,Not Reported,0,No,0000000,Not Applicable,99,Unknown,99,Unknown,99,Unknown EMS Scene Arrival Hour,99,Unknown EMS Scene Arrival Minutes,99,Unknown,99,Unknown EMS Hospital Arrival Time,,,,,,,1,
2022,51,510268,Virginia,1,1,0,0,0,1,1,31,CAMPBELL (31),635,CONCORD,5,5,5,May,2022,5,Thursday,7,7:00am-7:59am,31,31,0,This section IS NOT on the NHS,1,Rural,5,Major Collector,1,State Highway Agency,4,County Road,CR-646,,159,159,37.34207222,37.34207222,-78.992897220,-78.99289722,0,No Special Jurisdiction,34,Ditch,0,The First Harmful Event was Not a Collision with a Motor Vehicle in Transport,0,No,1,Non-Junction,1,Not an Intersection,0,None,,,4,On Roadside,2,Dark - Not Lighted,,,,,98,Not Reported,0,No,0000000,Not Applicable,99,Unknown,98,Unknown if Notified,99,Unknown EMS Scene Arrival Hour,98,Unknown if Arrived,88,"Not Applicable (Not Transported) ",88,Not Applicable (Not Transported),,,,,,,1,
2022,51,510269,Virginia,1,1,0,0,0,1,1,169,SCOTT (169),0,NOT APPLICABLE,4,4,5,May,2022,4,Wednesday,17,5:00pm-5:59pm,20,20,0,This section IS NOT on the NHS,1,Rural,5,Major Collector,1,State Highway Agency,3,State Highway,SR-65/SINKING CREEK HWY,,262,262,36.84248611,36.84248611,-82.414605560,-82.41460556,0,No Special Jurisdiction,34,Ditch,0,The First Harmful Event was Not a Collision with a Motor Vehicle in Transport,0,No,1,Non-Junction,1,Not an Intersection,0,None,,,4,On Roadside,1,Daylight,,,,,98,Not Reported,0,No,0000000,Not Applicable,99,Unknown,98,Unknown if Notified,99,Unknown EMS Scene Arrival Hour,98,Unknown if Arrived,88,"Not Applicable (Not Transported) ",88,Not Applicable (Not Transported),,,,,,,1,
2022,51,510270,Virginia,1,1,0,0,0,1,1,125,NELSON (125),0,NOT APPLICABLE,7,7,5,May,2022,7,Saturday,4,4:00am-4:59am,5,5,1,This section IS ON the NHS,1,Rural,3,Principal Arterial - Other,1,State Highway Agency,2,U.S. Highway,US-29,,1173,1173,37.85409167,37.85409167,-78.750583330,-78.75058333,0,No Special Jurisdiction,35,Embankment,0,The First Harmful Event was Not a Collision with a Motor Vehicle in Transport,0,No,1,Non-Junction,1,Not an Intersection,0,None,,,4,On Roadside,2,Dark - Not Lighted,,,,,2,Rain,0,No,0000000,Not Applicable,99,Unknown,98,Unknown if Notified,99,Unknown EMS Scene Arrival Hour,98,Unknown if Arrived,88,"Not Applicable (Not Transported) ",88,Not Applicable (Not Transported),,,,,,,1,
2022,51,510271,Virginia,1,1,0,0,0,1,1,41,CHESTERFIELD (41),0,NOT APPLICABLE,28,28,4,April,2022,5,Thursday,18,6:00pm-6:59pm,45,45,0,This section IS NOT on the NHS,1,Rural,5,Major Collector,1,State Highway Agency,4,County Road,CR-654,,20,20,37.33370556,37.33370556,-77.603125000,-77.60312500,0,No Special Jurisdiction,1,Rollover/Overturn,0,The First Harmful Event was Not a Collision with a Motor Vehicle in Transport,0,No,1,Non-Junction,1,Not an Intersection,0,None,,,1,On Roadway,1,Daylight,,,,,98,Not Reported,0,No,0000000,Not Applicable,99,Unknown,98,Unknown if Notified,99,Unknown EMS Scene Arrival Hour,98,Unknown if Arrived,88,"Not Applicable (Not Transported) ",88,Not Applicable (Not Transported),,,,,,,1,
2022,51,510272,Virginia,2,2,0,0,0,2,2,191,WASHINGTON (191),0,NOT APPLICABLE,4,4,5,May,2022,4,Wednesday,17,5:00pm-5:59pm,13,13,1,This section IS ON the NHS,1,Rural,3,Principal Arterial - Other,1,State Highway Agency,2,U.S. Highway,US-58,BETHEL RD,1182,1182,36.68119167,36.68119167,-81.878936110,-81.87893611,0,No Special Jurisdiction,12,Motor Vehicle In-Transport,6,Angle,0,No,2,Intersection,3,T-Intersection,0,None,,,1,On Roadway,1,Daylight,,,,,98,Not Reported,0,No,0000000,Not Applicable,99,Unknown,99,Unknown,99,Unknown EMS Scene Arrival Hour,99,Unknown EMS Scene Arrival Minutes,99,Unknown,99,Unknown EMS Hospital Arrival Time,,,,,,,1,
2022,51,510273,Virginia,2,2,0,0,0,2,2,107,LOUDOUN (107),0,NOT APPLICABLE,5,5,5,May,2022,5,Thursday,11,11:00am-11:59am,20,20,0,This section IS NOT on the NHS,2,Urban,4,Minor Arterial,1,State Highway Agency,4,County Road,CR-901,WINDMILL DR,29,29,39.03318889,39.03318889,-77.505452780,-77.50545278,0,No Special Jurisdiction,12,Motor Vehicle In-Transport,6,Angle,0,No,2,Intersection,2,Four-Way Intersection,0,None,,,1,On Roadway,1,Daylight,,,,,98,Not Reported,0,No,0000000,Not Applicable,99,Unknown,99,Unknown,99,Unknown EMS Scene Arrival Hour,99,Unknown EMS Scene Arrival Minutes,99,Unknown,99,Unknown EMS Hospital Arrival Time,,,,,,,1,
2022,51,510274,Virginia,2,2,0,0,0,3,3,1,ACCOMACK (1),0,NOT APPLICABLE,28,28,4,April,2022,5,Thursday,12,12:00pm-12:59pm,37,37,1,This section IS ON the NHS,1,Rural,3,Principal Arterial - Other,1,State Highway Agency,2,U.S. Highway,US-13,CHINCOTEAGUE RD,1388,1388,37.94594167,37.94594167,-75.540158330,-75.54015833,0,No Special Jurisdiction,12,Motor Vehicle In-Transport,6,Angle,0,No,2,Intersection,2,Four-Way Intersection,0,None,,,1,On Roadway,1,Daylight,,,,,98,Not Reported,0,No,0000000,Not Applicable,99,Unknown,99,Unknown,99,Unknown EMS Scene Arrival Hour,99,Unknown EMS Scene Arrival Minutes,99,Unknown,99,Unknown EMS Hospital Arrival Time,,,,,,,1,
2022,51,510275,Virginia,2,2,0,0,0,2,2,15,AUGUSTA (15),2381,STUARTS DRAFT,10,10,5,May,2022,3,Tuesday,16,4:00pm-4:59pm,4,4,0,This section IS NOT on the NHS,2,Urban,4,Minor Arterial,1,State Highway Agency,2,U.S. Highway,US-340,,73,73,38.03833056,38.03833056,-79.024044440,-79.02404444,0,No Special Jurisdiction,12,Motor Vehicle In-Transport,6,Angle,0,No,8,Driveway Access Related,1,Not an Intersection,0,None,,,1,On Roadway,1,Daylight,,,,,98,Not Reported,0,No,0000000,Not Applicable,99,Unknown,99,Unknown,99,Unknown EMS Scene Arrival Hour,99,Unknown EMS Scene Arrival Minutes,99,Unknown,99,Unknown EMS Hospital Arrival Time,,,,,,,1,
2022,51,510276,Virginia,1,1,0,0,0,1,1,630,FREDERICKSBURG (CITY) (630),1020,FREDERICKSBURG,12,12,5,May,2022,5,Thursday,1,1:00am-1:59am,15,15,0,This section IS NOT on the NHS,2,Urban,4,Minor Arterial,4,City or Municipal Highway Agency,2,U.S. Highway,US-1,,27,27,38.28844167,38.28844167,-77.475638890,-77.47563889,0,No Special Jurisdiction,33,Curb,0,The First Harmful Event was Not a Collision with a Motor Vehicle in Transport,0,No,1,Non-Junction,1,Not an Intersection,0,None,,,4,On Roadside,2,Dark - Not Lighted,,,,,98,Not Reported,0,No,0000000,Not Applicable,99,Unknown,98,Unknown if Notified,99,Unknown EMS Scene Arrival Hour,98,Unknown if Arrived,88,"Not Applicable (Not Transported) ",88,Not Applicable (Not Transported),,,,,,,1,
2022,51,510277,Virginia,2,2,0,0,0,2,2,125,NELSON (125),0,NOT APPLICABLE,8,8,5,May,2022,1,Sunday,22,10:00pm-10:59pm,40,40,0,This section IS NOT on the NHS,1,Rural,6,Minor Collector,1,State Highway Agency,4,County Road,CR-778,,17,17,37.71896111,37.71896111,-79.039697220,-79.03969722,0,No Special Jurisdiction,12,Motor Vehicle In-Transport,2,Front-to-Front,0,No,1,Non-Junction,1,Not an Intersection,0,None,,,1,On Roadway,2,Dark - Not Lighted,,,,,98,Not Reported,0,No,0000000,Not Applicable,99,Unknown,99,Unknown,99,Unknown EMS Scene Arrival Hour,99,Unknown EMS Scene Arrival Minutes,99,Unknown,99,Unknown EMS Hospital Arrival Time,,,,,,,1,
2022,51,510278,Virginia,2,2,0,0,0,5,5,61,FAUQUIER (61),0,NOT APPLICABLE,7,7,5,May,2022,7,Saturday,8,8:00am-8:59am,27,27,0,This section IS NOT on the NHS,1,Rural,4,Minor Arterial,1,State Highway Agency,2,U.S. Highway,US-50,,421,421,38.97676667,38.97676667,-77.810652780,-77.81065278,0,No Special Jurisdiction,12,Motor Vehicle In-Transport,2,Front-to-Front,0,No,1,Non-Junction,1,Not an Intersection,0,None,,,1,On Roadway,1,Daylight,,,,,2,Rain,0,No,0000000,Not Applicable,99,Unknown,99,Unknown,99,Unknown EMS Scene Arrival Hour,99,Unknown EMS Scene Arrival Minutes,99,Unknown,99,Unknown EMS Hospital Arrival Time,,,,,,,1,
2022,51,510279,Virginia,1,1,0,0,0,2,2,195,WISE (195),0,NOT APPLICABLE,13,13,5,May,2022,6,Friday,17,5:00pm-5:59pm,26,26,0,This section IS NOT on the NHS,1,Rural,7,Local,1,State Highway Agency,4,County Road,CR-630,,31,31,37.15388333,37.15388333,-82.602627780,-82.60262778,0,No Special Jurisdiction,42,Tree (Standing Only),0,The First Harmful Event was Not a Collision with a Motor Vehicle in Transport,0,No,1,Non-Junction,1,Not an Intersection,0,None,,,4,On Roadside,1,Daylight,,,,,2,Rain,0,No,0000000,Not Applicable,99,Unknown,99,Unknown,99,Unknown EMS Scene Arrival Hour,99,Unknown EMS Scene Arrival Minutes,99,Unknown,99,Unknown EMS Hospital Arrival Time,,,,,,,1,
2022,51,510280,Virginia,2,2,0,0,0,2,2,620,FRANKLIN (CITY) (620),1010,FRANKLIN,18,18,1,January,2022,3,Tuesday,9,9:00am-9:59am,24,24,0,This section IS NOT on the NHS,2,Urban,4,Minor Arterial,4,City or Municipal Highway Agency,2,U.S. Highway,US-58,SOUTH ST,2,2,36.66316944,36.66316944,-76.939400000,-76.93940000,0,No Special Jurisdiction,12,Motor Vehicle In-Transport,2,Front-to-Front,0,No,2,Intersection,2,Four-Way Intersection,0,None,,,1,On Roadway,1,Daylight,,,,,98,Not Reported,0,No,0000000,Not Applicable,99,Unknown,99,Unknown,99,Unknown EMS Scene Arrival Hour,99,Unknown EMS Scene Arrival Minutes,99,Unknown,99,Unknown EMS Hospital Arrival Time,,,,,,,1,
2022,51,510281,Virginia,2,2,0,0,0,2,2,11,APPOMATTOX (11),0,NOT APPLICABLE,10,10,5,May,2022,3,Tuesday,16,4:00pm-4:59pm,19,19,1,This section IS ON the NHS,1,Rural,3,Principal Arterial - Other,1,State Highway Agency,2,U.S. Highway,US-460,,2314,2314,37.31031944,37.31031944,-78.756125000,-78.75612500,0,No Special Jurisdiction,12,Motor Vehicle In-Transport,1,Front-to-Rear,0,No,1,Non-Junction,1,Not an Intersection,0,None,,,1,On Roadway,1,Daylight,,,,,98,Not Reported,0,No,0000000,Not Applicable,99,Unknown,98,Unknown if Notified,99,Unknown EMS Scene Arrival Hour,98,Unknown if Arrived,88,"Not Applicable (Not Transported) ",88,Not Applicable (Not Transported),,,,,,,1,
2022,51,510282,Virginia,1,1,0,0,0,1,1,87,HENRICO (87),0,NOT APPLICABLE,13,13,5,May,2022,6,Friday,18,6:00pm-6:59pm,13,13,1,This section IS ON the NHS,1,Rural,3,Principal Arterial - Other,2,County Highway Agency,6,Local Street - Municipality,DANRETT LN,,1,1,37.45353889,37.45353889,-77.335413890,-77.33541389,0,No Special Jurisdiction,1,Rollover/Overturn,0,The First Harmful Event was Not a Collision with a Motor Vehicle in Transport,0,No,1,Non-Junction,1,Not an Intersection,0,None,,,1,On Roadway,1,Daylight,,,,,98,Not Reported,0,No,0000000,Not Applicable,99,Unknown,99,Unknown,99,Unknown EMS Scene Arrival Hour,99,Unknown EMS Scene Arrival Minutes,99,Unknown,99,Unknown EMS Hospital Arrival Time,,,,,,,1,
2022,51,510283,Virginia,2,1,1,0,0,1,1,175,SOUTHAMPTON (175),0,NOT APPLICABLE,14,14,5,May,2022,7,Saturday,22,10:00pm-10:59pm,18,18,0,This section IS NOT on the NHS,1,Rural,7,Local,1,State Highway Agency,4,County Road,CR-611,,71,71,36.73065000,36.73065000,-76.959325000,-76.95932500,0,No Special Jurisdiction,32,Culvert,0,The First Harmful Event was Not a Collision with a Motor Vehicle in Transport,0,No,1,Non-Junction,1,Not an Intersection,0,None,,,4,On Roadside,2,Dark - Not Lighted,,,,,98,Not Reported,0,No,0000000,Not Applicable,99,Unknown,98,Unknown if Notified,99,Unknown EMS Scene Arrival Hour,98,Unknown if Arrived,88,"Not Applicable (Not Transported) ",88,Not Applicable (Not Transported),,,,,,,1,
2022,51,510284,Virginia,2,2,0,0,0,2,2,155,PULASKI (155),0,NOT APPLICABLE,17,17,5,May,2022,3,Tuesday,13,1:00pm-1:59pm,7,7,0,This section IS NOT on the NHS,2,Urban,5,Major Collector,1,State Highway Agency,4,County Road,CR-626,,34,34,37.13406111,37.13406111,-80.584877780,-80.58487778,0,No Special Jurisdiction,12,Motor Vehicle In-Transport,2,Front-to-Front,0,No,1,Non-Junction,1,Not an Intersection,0,None,,,1,On Roadway,1,Daylight,,,,,98,Not Reported,0,No,0000000,Not Applicable,99,Unknown,98,Unknown if Notified,99,Unknown EMS Scene Arrival Hour,98,Unknown if Arrived,88,"Not Applicable (Not Transported) ",88,Not Applicable (Not Transported),,,,,,,1,
2022,51,510285,Virginia,2,2,0,0,0,2,2,15,AUGUSTA (15),0,NOT APPLICABLE,11,11,5,May,2022,4,Wednesday,13,1:00pm-1:59pm,25,25,0,This section IS NOT on the NHS,1,Rural,4,Minor Arterial,1,State Highway Agency,3,State Highway,SR-42/LITTLE CALF PASTURE HWY,,1918,1918,38.11451667,38.11451667,-79.295363890,-79.29536389,0,No Special Jurisdiction,12,Motor Vehicle In-Transport,2,Front-to-Front,0,No,1,Non-Junction,1,Not an Intersection,0,None,,,1,On Roadway,1,Daylight,,,,,98,Not Reported,0,No,0000000,Not Applicable,99,Unknown,99,Unknown,99,Unknown EMS Scene Arrival Hour,99,Unknown EMS Scene Arrival Minutes,99,Unknown,99,Unknown EMS Hospital Arrival Time,,,,,,,1,
2022,51,510286,Virginia,2,2,0,0,0,2,2,3,ALBEMARLE (3),0,NOT APPLICABLE,15,15,5,May,2022,1,Sunday,21,9:00pm-9:59pm,21,21,1,This section IS ON the NHS,2,Urban,3,Principal Arterial - Other,1,State Highway Agency,2,U.S. Highway,US-29,GREENBRIER DR,140,140,38.07017500,38.07017500,-78.484527780,-78.48452778,0,No Special Jurisdiction,12,Motor Vehicle In-Transport,6,Angle,0,No,2,Intersection,2,Four-Way Intersection,0,None,,,1,On Roadway,2,Dark - Not Lighted,,,,,2,Rain,0,No,0000000,Not Applicable,99,Unknown,99,Unknown,99,Unknown EMS Scene Arrival Hour,99,Unknown EMS Scene Arrival Minutes,99,Unknown,99,Unknown EMS Hospital Arrival Time,,,,,,,1,
2022,51,510287,Virginia,3,3,0,0,0,4,4,153,PRINCE WILLIAM (153),0,NOT APPLICABLE,17,17,5,May,2022,3,Tuesday,13,1:00pm-1:59pm,16,16,1,This section IS ON the NHS,2,Urban,4,Minor Arterial,1,State Highway Agency,4,County Road,CR-2000,,41,41,38.63653611,38.63653611,-77.291752780,-77.29175278,0,No Special Jurisdiction,12,Motor Vehicle In-Transport,1,Front-to-Rear,0,No,1,Non-Junction,1,Not an Intersection,0,None,,,1,On Roadway,1,Daylight,,,,,98,Not Reported,0,No,0000000,Not Applicable,99,Unknown,99,Unknown,99,Unknown EMS Scene Arrival Hour,99,Unknown EMS Scene Arrival Minutes,99,Unknown,99,Unknown EMS Hospital Arrival Time,,,,,,,1,
2022,51,510288,Virginia,2,2,0,0,0,3,3,59,FAIRFAX (59),2480,TYSONS CORNER,17,17,5,May,2022,3,Tuesday,22,10:00pm-10:59pm,13,13,1,This section IS ON the NHS,2,Urban,1,Interstate,1,State Highway Agency,1,Interstate,I-495,,113,113,38.91865278,38.91865278,-77.216827780,-77.21682778,0,No Special Jurisdiction,12,Motor Vehicle In-Transport,2,Front-to-Front,0,No,1,Non-Junction,1,Not an Intersection,0,None,,,1,On Roadway,3,Dark - Lighted,,,,,98,Not Reported,0,No,0000000,Not Applicable,99,Unknown,99,Unknown,99,Unknown EMS Scene Arrival Hour,99,Unknown EMS Scene Arrival Minutes,99,Unknown,99,Unknown EMS Hospital Arrival Time,,,,,,,2,
2022,51,510289,Virginia,2,2,0,1,1,2,2,760,RICHMOND (CITY) (760),2060,RICHMOND,6,6,5,May,2022,6,Friday,6,6:00am-6:59am,56,56,1,This section IS ON the NHS,2,Urban,3,Principal Arterial - Other,4,City or Municipal Highway Agency,2,U.S. Highway,US-250,N 7TH ST,1663,1663,37.54184167,37.54184167,-77.435702780,-77.43570278,0,No Special Jurisdiction,12,Motor Vehicle In-Transport,6,Angle,0,No,2,Intersection,2,Four-Way Intersection,0,None,,,1,On Roadway,1,Daylight,,,,,98,Not Reported,0,No,0000000,Not Applicable,99,Unknown,99,Unknown,99,Unknown EMS Scene Arrival Hour,99,Unknown EMS Scene Arrival Minutes,99,Unknown,99,Unknown EMS Hospital Arrival Time,,,,,,,1,
2022,51,510290,Virginia,2,2,0,0,0,5,5,800,SUFFOLK (CITY) (800),2390,SUFFOLK,22,22,5,May,2022,1,Sunday,1,1:00am-1:59am,34,34,1,This section IS ON the NHS,2,Urban,2,Principal Arterial - Other Freeways and Expressways,4,City or Municipal Highway Agency,2,U.S. Highway,US-58,,4748,4748,36.75461389,36.75461389,-76.530500000,-76.53050000,0,No Special Jurisdiction,12,Motor Vehicle In-Transport,2,Front-to-Front,1,Yes,18,Through Roadway,1,Not an Intersection,0,None,,,1,On Roadway,2,Dark - Not Lighted,,,,,98,Not Reported,0,No,0000000,Not Applicable,99,Unknown,99,Unknown,99,Unknown EMS Scene Arrival Hour,99,Unknown EMS Scene Arrival Minutes,99,Unknown,99,Unknown EMS Hospital Arrival Time,,,,,,,1,
2022,51,510291,Virginia,1,1,0,0,0,1,1,85,HANOVER (85),0,NOT APPLICABLE,19,19,5,May,2022,5,Thursday,9,9:00am-9:59am,59,59,1,This section IS ON the NHS,1,Rural,1,Interstate,1,State Highway Agency,1,Interstate,I-95,,971,971,37.83096389,37.83096389,-77.452319440,-77.45231944,0,No Special Jurisdiction,24,Guardrail Face,0,The First Harmful Event was Not a Collision with a Motor Vehicle in Transport,0,No,1,Non-Junction,1,Not an Intersection,0,None,,,4,On Roadside,1,Daylight,,,,,98,Not Reported,0,No,0000000,Not Applicable,99,Unknown,98,Unknown if Notified,99,Unknown EMS Scene Arrival Hour,98,Unknown if Arrived,88,"Not Applicable (Not Transported) ",88,Not Applicable (Not Transported),,,,,,,1,