caseyear,state,st_case,statename,ve_total,ve_forms,pvh_invl,peds,pernotmvit,permvit,persons,county,countyname,city,cityname,day,dayname,month,monthname,year,day_week,day_weekname,hour,hourname,minute,minutename,nhs,nhsname,rur_urb,rur_urbname,func_sys,func_sysname,rd_owner,rd_ownername,route,routename,tway_id,tway_id2,milept,mileptname,latitude,latitudename,longitud,longitudname,sp_jur,sp_jurname,harm_ev,harm_evname,man_coll,man_collname,reljct1,reljct1name,reljct2,reljct2name,typ_int,typ_intname,wrk_zone,wrk_zonename,road_fnc,road_fncname,rel_road,rel_roadname,lgt_cond,lgt_condname,weather1,weather1name,weather2,weather2name,weather,weathername,sch_bus,sch_busname,rail,railname,not_hour,not_hourname,not_min,not_minname,arr_hour,arr_hourname,arr_min,arr_minname,hosp_hr,hosp_hrname,hosp_mn,hosp_mnname,cf1,cf1name,cf2,cf2name,cf3,cf3name,fatals,drunk_dr
2022,51,510717,Virginia,1,1,0,0,0,1,1,193,WESTMORELAND (193),0,NOT APPLICABLE,18,18,10,October,2022,3,Tuesday,8,8:00am-8:59am,43,43,1,This section IS ON the NHS,1,Rural,3,Principal Arterial - Other,1,State Highway Agency,3,State Highway,"SR-3/KINGS HIGHWAY ",KENWOOD RD,712,712,38.14166944,38.14166944,-76.902611110,-76.90261111,0,No Special Jurisdiction,35,Embankment,0,The First Harmful Event was Not a Collision with a Motor Vehicle in Transport,1,Yes,3,Intersection-Related,3,T-Intersection,0,None,,,4,On Roadside,1,Daylight,,,,,98,Not Reported,0,No,0000000,Not Applicable,99,Unknown,98,Unknown if Notified,99,Unknown EMS Scene Arrival Hour,98,Unknown if Arrived,88,"Not Applicable (Not Transported) ",88,Not Applicable (Not Transported),,,,,,,1,
2022,51,510718,Virginia,1,1,0,0,0,3,3,99,KING GEORGE (99),0,NOT APPLICABLE,18,18,10,October,2022,3,Tuesday,3,3:00am-3:59am,41,41,0,This section IS NOT on the NHS,1,Rural,6,Minor Collector,1,State Highway Agency,4,County Road,CR-605,,15,15,38.26272500,38.26272500,-77.294169440,-77.29416944,0,No Special Jurisdiction,53,Mail Box,0,The First Harmful Event was Not a Collision with a Motor Vehicle in Transport,0,No,1,Non-Junction,1,Not an Intersection,0,None,,,4,On Roadside,2,Dark - Not Lighted,,,,,98,Not Reported,0,No,0000000,Not Applicable,99,Unknown,99,Unknown,99,Unknown EMS Scene Arrival Hour,99,Unknown EMS Scene Arrival Minutes,99,Unknown,99,Unknown EMS Hospital Arrival Time,,,,,,,2,
2022,51,510719,Virginia,3,3,0,0,0,3,3,67,FRANKLIN (67),0,NOT APPLICABLE,19,19,10,October,2022,4,Wednesday,15,3:00pm-3:59pm,0,0,0,This section IS NOT on the NHS,1,Rural,4,Minor Arterial,1,State Highway Agency,3,State Highway,SR-122/BOOKER T WASHINGTON HWY,,30,30,37.05580278,37.05580278,-79.839672220,-79.83967222,0,No Special Jurisdiction,12,Motor Vehicle In-Transport,2,Front-to-Front,0,No,1,Non-Junction,1,Not an Intersection,0,None,,,1,On Roadway,1,Daylight,,,,,98,Not Reported,0,No,0000000,Not Applicable,99,Unknown,99,Unknown,99,Unknown EMS Scene Arrival Hour,99,Unknown EMS Scene Arrival Minutes,99,Unknown,99,Unknown EMS Hospital Arrival Time,,,,,,,1,
2022,51,510720,Virginia,1,1,0,0,0,1,1,143,PITTSYLVANIA (143),0,NOT APPLICABLE,21,21,10,October,2022,6,Friday,19,7:00pm-7:59pm,15,15,0,This section IS NOT on the NHS,1,Rural,5,Major Collector,1,State Highway Agency,4,County Road,CR-626,,31,31,36.90119722,36.90119722,-79.580388890,-79.58038889,0,No Special Jurisdiction,42,Tree (Standing Only),0,The First Harmful Event was Not a Collision with a Motor Vehicle in Transport,0,No,1,Non-Junction,1,Not an Intersection,0,None,,,4,On Roadside,2,Dark - Not Lighted,,,,,98,Not Reported,0,No,0000000,Not Applicable,99,Unknown,98,Unknown if Notified,99,Unknown EMS Scene Arrival Hour,98,Unknown if Arrived,88,"Not Applicable (Not Transported) ",88,Not Applicable (Not Transported),,,,,,,1,
2022,51,510721,Virginia,1,1,0,0,0,3,3,69,FREDERICK (69),0,NOT APPLICABLE,22,22,10,October,2022,7,Saturday,10,10:00am-10:59am,50,50,0,This section IS NOT on the NHS,1,Rural,5,Major Collector,1,State Highway Agency,4,County Road,CR-600,,100,100,39.13749722,39.13749722,-78.389838890,-78.38983889,0,No Special Jurisdiction,38,Fence,0,The First Harmful Event was Not a Collision with a Motor Vehicle in Transport,0,No,1,Non-Junction,1,Not an Intersection,0,None,,,4,On Roadside,1,Daylight,,,,,98,Not Reported,0,No,0000000,Not Applicable,99,Unknown,99,Unknown,99,Unknown EMS Scene Arrival Hour,99,Unknown EMS Scene Arrival Minutes,99,Unknown,99,Unknown EMS Hospital Arrival Time,,,,,,,2,
2022,51,510722,Virginia,2,2,0,0,0,2,2,67,FRANKLIN (67),0,NOT APPLICABLE,22,22,10,October,2022,7,Saturday,18,6:00pm-6:59pm,54,54,0,This section IS NOT on the NHS,1,Rural,4,Minor Arterial,1,State Highway Agency,3,State Highway,SR-40,OLD FRANKLIN TNPKE,368,368,37.01861667,37.01861667,-79.817947220,-79.81794722,0,No Special Jurisdiction,12,Motor Vehicle In-Transport,6,Angle,1,Yes,2,Intersection,3,T-Intersection,0,None,,,1,On Roadway,5,Dusk,,,,,98,Not Reported,0,No,0000000,Not Applicable,99,Unknown,98,Unknown if Notified,99,Unknown EMS Scene Arrival Hour,98,Unknown if Arrived,88,"Not Applicable (Not Transported) ",88,Not Applicable (Not Transported),,,,,,,1,
2022,51,510723,Virginia,1,1,0,0,0,2,2,3,ALBEMARLE (3),0,NOT APPLICABLE,23,23,10,October,2022,1,Sunday,8,8:00am-8:59am,53,53,1,This section IS ON the NHS,1,Rural,1,Interstate,1,State Highway Agency,1,Interstate,I-64,,1169,1169,38.02186111,38.02186111,-78.559327780,-78.55932778,0,No Special Jurisdiction,34,Ditch,0,The First Harmful Event was Not a Collision with a Motor Vehicle in Transport,0,No,1,Non-Junction,1,Not an Intersection,0,None,,,3,On Median,1,Daylight,,,,,98,Not Reported,0,No,0000000,Not Applicable,99,Unknown,99,Unknown,99,Unknown EMS Scene Arrival Hour,99,Unknown EMS Scene Arrival Minutes,99,Unknown,99,Unknown EMS Hospital Arrival Time,,,,,,,1,
2022,51,510724,Virginia,1,1,0,0,0,1,1,133,NORTHUMBERLAND (133),0,NOT APPLICABLE,25,25,10,October,2022,3,Tuesday,11,11:00am-11:59am,0,0,0,This section IS NOT on the NHS,1,Rural,7,Local,1,State Highway Agency,4,County Road,CR-646,,8,8,37.90576389,37.90576389,-76.347341670,-76.34734167,0,No Special Jurisdiction,35,Embankment,0,The First Harmful Event was Not a Collision with a Motor Vehicle in Transport,0,No,1,Non-Junction,1,Not an Intersection,0,None,,,4,On Roadside,1,Daylight,,,,,2,Rain,0,No,0000000,Not Applicable,99,Unknown,98,Unknown if Notified,99,Unknown EMS Scene Arrival Hour,98,Unknown if Arrived,88,"Not Applicable (Not Transported) ",88,Not Applicable (Not Transported),,,,,,,1,
2022,51,510725,Virginia,1,1,0,0,0,1,1,107,LOUDOUN (107),0,NOT APPLICABLE,26,26,10,October,2022,4,Wednesday,21,9:00pm-9:59pm,44,44,0,This section IS NOT on the NHS,2,Urban,4,Minor Arterial,1,State Highway Agency,4,County Road,CR-2150,GLOUCESTER PARKWAY,34,34,39.03735833,39.03735833,-77.471083330,-77.47108333,0,No Special Jurisdiction,30,Utility Pole/Light Support,0,The First Harmful Event was Not a Collision with a Motor Vehicle in Transport,1,Yes,3,Intersection-Related,2,Four-Way Intersection,0,None,,,3,On Median,3,Dark - Lighted,,,,,98,Not Reported,0,No,0000000,Not Applicable,99,Unknown,99,Unknown,99,Unknown EMS Scene Arrival Hour,99,Unknown EMS Scene Arrival Minutes,99,Unknown,99,Unknown EMS Hospital Arrival Time,,,,,,,1,
2022,51,510726,Virginia,3,3,0,0,0,5,5,59,FAIRFAX (59),0,NOT APPLICABLE,25,25,10,October,2022,3,Tuesday,18,6:00pm-6:59pm,19,19,0,This section IS NOT on the NHS,2,Urban,4,Minor Arterial,1,State Highway Agency,4,County Road,CR-608 WEST OX RD,OX HILL RD,21,21,38.87401944,38.87401944,-77.367388890,-77.36738889,0,No Special Jurisdiction,12,Motor Vehicle In-Transport,2,Front-to-Front,0,No,2,Intersection,2,Four-Way Intersection,0,None,,,1,On Roadway,5,Dusk,,,,,98,Not Reported,0,No,0000000,Not Applicable,99,Unknown,99,Unknown,99,Unknown EMS Scene Arrival Hour,99,Unknown EMS Scene Arrival Minutes,99,Unknown,99,Unknown EMS Hospital Arrival Time,,,,,,,1,
2022,51,510727,Virginia,1,1,0,1,1,1,1,760,RICHMOND (CITY) (760),2060,RICHMOND,26,26,10,October,2022,4,Wednesday,18,6:00pm-6:59pm,44,44,1,This section IS ON the NHS,2,Urban,3,Principal Arterial - Other,4,City or Municipal Highway Agency,2,U.S. Highway,US-1,,950,950,37.56920000,37.56920000,-77.444791670,-77.44479167,0,No Special Jurisdiction,8,Pedestrian,0,The First Harmful Event was Not a Collision with a Motor Vehicle in Transport,0,No,1,Non-Junction,1,Not an Intersection,0,None,,,1,On Roadway,3,Dark - Lighted,,,,,98,Not Reported,0,No,0000000,Not Applicable,99,Unknown,99,Unknown,99,Unknown EMS Scene Arrival Hour,99,Unknown EMS Scene Arrival Minutes,99,Unknown,99,Unknown EMS Hospital Arrival Time,,,,,,,1,
2022,51,510728,Virginia,2,2,0,0,0,2,2,810,VIRGINIA BEACH (CITY) (810),2540,VIRGINIA BEACH,1,1,10,October,2022,7,Saturday,20,8:00pm-8:59pm,50,50,1,This section IS ON the NHS,2,Urban,1,Interstate,1,State Highway Agency,1,Interstate,I-264,,192,192,36.83893056,36.83893056,-76.089411110,-76.08941111,0,No Special Jurisdiction,12,Motor Vehicle In-Transport,1,Front-to-Rear,0,No,1,Non-Junction,1,Not an Intersection,0,None,,,1,On Roadway,3,Dark - Lighted,,,,,98,Not Reported,0,No,0000000,Not Applicable,99,Unknown,98,Unknown if Notified,99,Unknown EMS Scene Arrival Hour,98,Unknown if Arrived,88,"Not Applicable (Not Transported) ",88,Not Applicable (Not Transported),,,,,,,1,
2022,51,510729,Virginia,2,2,0,0,0,2,2,41,CHESTERFIELD (41),0,NOT APPLICABLE,5,5,10,October,2022,4,Wednesday,6,6:00am-6:59am,43,43,1,This section IS ON the NHS,2,Urban,3,Principal Arterial - Other,1,State Highway Agency,4,County Road,CR-653,DAKINS RD,137,137,37.47040833,37.47040833,-77.595197220,-77.59519722,0,No Special Jurisdiction,12,Motor Vehicle In-Transport,6,Angle,0,No,2,Intersection,2,Four-Way Intersection,0,None,,,1,On Roadway,2,Dark - Not Lighted,,,,,2,Rain,0,No,0000000,Not Applicable,99,Unknown,98,Unknown if Notified,99,Unknown EMS Scene Arrival Hour,98,Unknown if Arrived,88,"Not Applicable (Not Transported) ",88,Not Applicable (Not Transported),,,,,,,1,
2022,51,510730,Virginia,1,1,0,0,0,2,2,59,FAIRFAX (59),2480,TYSONS CORNER,6,6,10,October,2022,5,Thursday,4,4:00am-4:59am,0,0,0,This section IS NOT on the NHS,2,Urban,3,Principal Arterial - Other,1,State Highway Agency,3,State Highway,SR-7/LEESBURG PK,,597,597,38.91923889,38.91923889,-77.232180560,-77.23218056,0,No Special Jurisdiction,30,Utility Pole/Light Support,0,The First Harmful Event was Not a Collision with a Motor Vehicle in Transport,0,No,1,Non-Junction,1,Not an Intersection,0,None,,,4,On Roadside,3,Dark - Lighted,,,,,98,Not Reported,0,No,0000000,Not Applicable,99,Unknown,98,Unknown if Notified,99,Unknown EMS Scene Arrival Hour,98,Unknown if Arrived,88,"Not Applicable (Not Transported) ",88,Not Applicable (Not Transported),,,,,,,2,
2022,51,510731,Virginia,2,2,0,0,0,2,2,3,ALBEMARLE (3),0,NOT APPLICABLE,2,2,10,October,2022,1,Sunday,15,3:00pm-3:59pm,32,32,1,This section IS ON the NHS,2,Urban,2,Principal Arterial - Other Freeways and Expressways,1,State Highway Agency,2,U.S. Highway,US-29 BYPASS,,2,2,38.04812778,38.04812778,-78.524655560,-78.52465556,0,No Special Jurisdiction,12,Motor Vehicle In-Transport,6,Angle,0,No,1,Non-Junction,1,Not an Intersection,0,None,,,1,On Roadway,1,Daylight,,,,,2,Rain,0,No,0000000,Not Applicable,99,Unknown,99,Unknown,99,Unknown EMS Scene Arrival Hour,99,Unknown EMS Scene Arrival Minutes,99,Unknown,99,Unknown EMS Hospital Arrival Time,,,,,,,1,
2022,51,510732,Virginia,1,1,0,1,1,1,1,59,FAIRFAX (59),76,ANNANDALE,2,2,10,October,2022,1,Sunday,19,7:00pm-7:59pm,55,55,0,This section IS NOT on the NHS,2,Urban,4,Minor Arterial,1,State Highway Agency,4,County Road,CR-650 ANNANDALE RD,,1,1,38.83280278,38.83280278,-77.196891670,-77.19689167,0,No Special Jurisdiction,8,Pedestrian,0,The First Harmful Event was Not a Collision with a Motor Vehicle in Transport,0,No,8,Driveway Access Related,1,Not an Intersection,0,None,,,1,On Roadway,3,Dark - Lighted,,,,,2,Rain,0,No,0000000,Not Applicable,99,Unknown,99,Unknown,99,Unknown EMS Scene Arrival Hour,99,Unknown EMS Scene Arrival Minutes,99,Unknown,99,Unknown EMS Hospital Arrival Time,,,,,,,1,
2022,51,510733,Virginia,1,1,0,0,0,1,1,121,MONTGOMERY (121),0,NOT APPLICABLE,7,7,10,October,2022,6,Friday,18,6:00pm-6:59pm,30,30,1,This section IS ON the NHS,1,Rural,1,Interstate,1,State Highway Agency,1,Interstate,I-81,,1305,1305,37.24384722,37.24384722,-80.210897220,-80.21089722,0,No Special Jurisdiction,24,Guardrail Face,0,The First Harmful Event was Not a Collision with a Motor Vehicle in Transport,0,No,1,Non-Junction,1,Not an Intersection,0,None,,,3,On Median,5,Dusk,,,,,98,Not Reported,0,No,0000000,Not Applicable,99,Unknown,98,Unknown if Notified,99,Unknown EMS Scene Arrival Hour,98,Unknown if Arrived,88,"Not Applicable (Not Transported) ",88,Not Applicable (Not Transported),,,,,,,1,
2022,51,510734,Virginia,2,2,0,0,0,2,2,810,VIRGINIA BEACH (CITY) (810),2540,VIRGINIA BEACH,5,5,10,October,2022,4,Wednesday,15,3:00pm-3:59pm,49,49,1,This section IS ON the NHS,2,Urban,3,Principal Arterial - Other,4,City or Municipal Highway Agency,3,State Highway,SR-279/GREAT NECK RD,CHICKEN VALLEY RD,4,4,36.84787222,36.84787222,-76.048075000,-76.04807500,0,No Special Jurisdiction,12,Motor Vehicle In-Transport,6,Angle,0,No,2,Intersection,2,Four-Way Intersection,0,None,,,1,On Roadway,1,Daylight,,,,,98,Not Reported,0,No,0000000,Not Applicable,99,Unknown,99,Unknown,99,Unknown EMS Scene Arrival Hour,99,Unknown EMS Scene Arrival Minutes,99,Unknown,99,Unknown EMS Hospital Arrival Time,,,,,,,1,
2022,51,510735,Virginia,1,1,0,0,0,1,1,87,HENRICO (87),0,NOT APPLICABLE,7,7,10,October,2022,6,Friday,1,1:00am-1:59am,39,39,1,This section IS ON the NHS,1,Rural,1,Interstate,1,State Highway Agency,1,Interstate,I-295,,25,25,37.47466111,37.47466111,-77.305394440,-77.30539444,0,No Special Jurisdiction,24,Guardrail Face,0,The First Harmful Event was Not a Collision with a Motor Vehicle in Transport,1,Yes,19,Other location within Interchange Area,1,Not an Intersection,0,None,,,4,On Roadside,2,Dark - Not Lighted,,,,,98,Not Reported,0,No,0000000,Not Applicable,99,Unknown,98,Unknown if Notified,99,Unknown EMS Scene Arrival Hour,98,Unknown if Arrived,88,"Not Applicable (Not Transported) ",88,Not Applicable (Not Transported),,,,,,,1,
2022,51,510736,Virginia,1,1,0,1,1,1,1,13,ARLINGTON (13),100,ARLINGTON,8,8,10,October,2022,7,Saturday,9,9:00am-9:59am,0,0,1,This section IS ON the NHS,2,Urban,3,Principal Arterial - Other,2,County Highway Agency,4,County Road,CR-6771,LITTLE FALLS RD,3,3,38.90181111,38.90181111,-77.149050000,-77.14905000,0,No Special Jurisdiction,8,Pedestrian,0,The First Harmful Event was Not a Collision with a Motor Vehicle in Transport,1,Yes,3,Intersection-Related,2,Four-Way Intersection,0,None,,,1,On Roadway,1,Daylight,,,,,98,Not Reported,0,No,0000000,Not Applicable,99,Unknown,99,Unknown,99,Unknown EMS Scene Arrival Hour,99,Unknown EMS Scene Arrival Minutes,99,Unknown,99,Unknown EMS Hospital Arrival Time,,,,,,,1,
2022,51,510737,Virginia,1,1,0,0,0,1,1,91,HIGHLAND (91),0,NOT APPLICABLE,9,9,10,October,2022,1,Sunday,2,2:00am-2:59am,31,31,0,This section IS NOT on the NHS,1,Rural,4,Minor Arterial,1,State Highway Agency,2,U.S. Highway,US-250,,280,280,38.32517778,38.32517778,-79.432183330,-79.43218333,0,No Special Jurisdiction,1,Rollover/Overturn,0,The First Harmful Event was Not a Collision with a Motor Vehicle in Transport,0,No,1,Non-Junction,1,Not an Intersection,0,None,,,4,On Roadside,2,Dark - Not Lighted,,,,,98,Not Reported,0,No,0000000,Not Applicable,99,Unknown,99,Unknown,99,Unknown EMS Scene Arrival Hour,99,Unknown EMS Scene Arrival Minutes,99,Unknown,99,Unknown EMS Hospital Arrival Time,,,,,,,1,
2022,51,510738,Virginia,2,2,0,0,0,1,1,550,CHESAPEAKE(CITY) (550),468,CHESAPEAKE,9,9,10,October,2022,1,Sunday,0,0:00am-0:59am,22,22,0,This section IS NOT on the NHS,2,Urban,7,Local,1,State Highway Agency,8,Other,OLD WOODLAND RD,,0,None,36.80864167,36.80864167,-76.431283330,-76.43128333,0,No Special Jurisdiction,12,Motor Vehicle In-Transport,2,Front-to-Front,0,No,1,Non-Junction,1,Not an Intersection,0,None,,,1,On Roadway,3,Dark - Lighted,,,,,98,Not Reported,0,No,0000000,Not Applicable,99,Unknown,98,Unknown if Notified,99,Unknown EMS Scene Arrival Hour,98,Unknown if Arrived,88,"Not Applicable (Not Transported) ",88,Not Applicable (Not Transported),,,,,,,1,
2022,51,510739,Virginia,2,2,0,0,0,2,2,93,ISLE OF WIGHT (93),0,NOT APPLICABLE,10,10,10,October,2022,2,Monday,15,3:00pm-3:59pm,14,14,1,This section IS ON the NHS,1,Rural,3,Principal Arterial - Other,1,State Highway Agency,2,U.S. Highway,US-258,,511,511,36.94283889,36.94283889,-76.549444440,-76.54944444,0,No Special Jurisdiction,12,Motor Vehicle In-Transport,1,Front-to-Rear,0,No,1,Non-Junction,1,Not an Intersection,0,None,,,1,On Roadway,1,Daylight,,,,,98,Not Reported,0,No,0000000,Not Applicable,99,Unknown,98,Unknown if Notified,99,Unknown EMS Scene Arrival Hour,98,Unknown if Arrived,88,"Not Applicable (Not Transported) ",88,Not Applicable (Not Transported),,,,,,,1,
2022,51,510740,Virginia,1,1,0,1,1,1,1,59,FAIRFAX (59),0,NOT APPLICABLE,6,6,10,October,2022,5,Thursday,6,6:00am-6:59am,49,49,1,This section IS ON the NHS,2,Urban,3,Principal Arterial - Other,1,State Highway Agency,2,U.S. Highway,US-1,RICHMOND HWY,1826,1826,38.70870000,38.70870000,-77.159011110,-77.15901111,0,No Special Jurisdiction,8,Pedestrian,0,The First Harmful Event was Not a Collision with a Motor Vehicle in Transport,1,Yes,3,Intersection-Related,2,Four-Way Intersection,0,None,,,1,On Roadway,3,Dark - Lighted,,,,,98,Not Reported,0,No,0000000,Not Applicable,99,Unknown,98,Unknown if Notified,99,Unknown EMS Scene Arrival Hour,98,Unknown if Arrived,88,"Not Applicable (Not Transported) ",88,Not Applicable (Not Transported),,,,,,,1,
2022,51,510741,Virginia,2,2,0,0,0,2,2,550,CHESAPEAKE(CITY) (550),468,CHESAPEAKE,10,10,10,October,2022,2,Monday,22,10:00pm-10:59pm,27,27,1,This section IS ON the NHS,2,Urban,1,Interstate,1,State Highway Agency,1,Interstate,I-64,,2919,2919,36.76549444,36.76549444,-76.264597220,-76.26459722,0,No Special Jurisdiction,5,Fell/Jumped from Vehicle,0,The First Harmful Event was Not a Collision with a Motor Vehicle in Transport,1,Yes,18,Through Roadway,1,Not an Intersection,4,"Work Zone, Type Unknown",,,1,On Roadway,2,Dark - Not Lighted,,,,,98,Not Reported,0,No,0000000,Not Applicable,99,Unknown,98,Unknown if Notified,99,Unknown EMS Scene Arrival Hour,98,Unknown if Arrived,88,"Not Applicable (Not Transported) ",88,Not Applicable (Not Transported),,,,,,,1,
2022,51,510742,Virginia,2,1,1,1,3,1,3,59,FAIRFAX (59),2305,SPRINGFIELD,11,11,10,October,2022,3,Tuesday,15,3:00pm-3:59pm,12,12,1,This section IS ON the NHS,2,Urban,1,Interstate,1,State Highway Agency,1,Interstate,I-95,,1701,1701,38.77761389,38.77761389,-77.181463890,-77.18146389,0,No Special Jurisdiction,8,Pedestrian,0,The First Harmful Event was Not a Collision with a Motor Vehicle in Transport,0,No,1,Non-Junction,1,Not an Intersection,0,None,,,2,On Shoulder,1,Daylight,,,,,98,Not Reported,0,No,0000000,Not Applicable,99,Unknown,99,Unknown,99,Unknown EMS Scene Arrival Hour,99,Unknown EMS Scene Arrival Minutes,99,Unknown,99,Unknown EMS Hospital Arrival Time,,,,,,,1,
2022,51,510743,Virginia,1,1,0,0,0,2,2,143,PITTSYLVANIA (143),0,NOT APPLICABLE,11,11,10,October,2022,3,Tuesday,18,6:00pm-6:59pm,0,0,1,This section IS ON the NHS,1,Rural,5,Major Collector,1,State Highway Agency,4,County Road,CR-622,,55,55,36.59389722,36.59389722,-79.638580560,-79.63858056,0,No Special Jurisdiction,30,Utility Pole/Light Support,0,The First Harmful Event was Not a Collision with a Motor Vehicle in Transport,0,No,1,Non-Junction,1,Not an Intersection,0,None,,,4,On Roadside,1,Daylight,,,,,98,Not Reported,0,No,0000000,Not Applicable,99,Unknown,99,Unknown,99,Unknown EMS Scene Arrival Hour,99,Unknown EMS Scene Arrival Minutes,99,Unknown,99,Unknown EMS Hospital Arrival Time,,,,,,,1,
2022,51,510744,Virginia,2,2,0,0,0,4,4,149,PRINCE GEORGE (149),0,NOT APPLICABLE,13,13,10,October,2022,5,Thursday,10,10:00am-10:59am,41,41,0,This section IS NOT on the NHS,1,Rural,5,Major Collector,1,State Highway Agency,4,County Road,CR-629,QUAKER RD,51,51,37.18560833,37.18560833,-77.300786110,-77.30078611,0,No Special Jurisdiction,12,Motor Vehicle In-Transport,6,Angle,1,Yes,2,Intersection,2,Four-Way Intersection,0,None,,,1,On Roadway,1,Daylight,,,,,2,Rain,0,No,0000000,Not Applicable,99,Unknown,99,Unknown,99,Unknown EMS Scene Arrival Hour,99,Unknown EMS Scene Arrival Minutes,99,Unknown,99,Unknown EMS Hospital Arrival Time,,,,,,,1,
2022,51,510745,Virginia,1,1,0,0,0,2,2,770,ROANOKE (CITY) (770),2100,ROANOKE,13,13,10,October,2022,5,Thursday,8,8:00am-8:59am,16,16,0,This section IS NOT on the NHS,2,Urban,4,Minor Arterial,4,City or Municipal Highway Agency,3,State Highway,SR-118,AIRPORT RD,0,None,37.31801944,37.31801944,-79.955716670,-79.95571667,0,No Special Jurisdiction,33,Curb,0,The First Harmful Event was Not a Collision with a Motor Vehicle in Transport,1,Yes,3,Intersection-Related,3,T-Intersection,0,None,,,4,On Roadside,1,Daylight,,,,,98,Not Reported,0,No,0000000,Not Applicable,99,Unknown,98,Unknown if Notified,99,Unknown EMS Scene Arrival Hour,98,Unknown if Arrived,88,"Not Applicable (Not Transported) ",88,Not Applicable (Not Transported),,,,,,,2,
2022,51,510746,Virginia,1,1,0,0,0,3,3,161,ROANOKE (161),0,NOT APPLICABLE,14,14,10,October,2022,6,Friday,22,10:00pm-10:59pm,46,46,1,This section IS ON the NHS,2,Urban,1,Interstate,1,State Highway Agency,1,Interstate,I-81,,1344,1344,37.27014722,37.27014722,-80.143763890,-80.14376389,0,No Special Jurisdiction,1,Rollover/Overturn,0,The First Harmful Event was Not a Collision with a Motor Vehicle in Transport,0,No,1,Non-Junction,1,Not an Intersection,0,None,,,1,On Roadway,2,Dark - Not Lighted,,,,,98,Not Reported,0,No,0000000,Not Applicable,99,Unknown,99,Unknown,99,Unknown EMS Scene Arrival Hour,99,Unknown EMS Scene Arrival Minutes,99,Unknown,99,Unknown EMS Hospital Arrival Time,,,,,,,1,
2022,51,510747,Virginia,2,2,0,0,0,2,2,760,RICHMOND (CITY) (760),2060,RICHMOND,16,16,10,October,2022,1,Sunday,16,4:00pm-4:59pm,20,20,0,This section IS NOT on the NHS,2,Urban,7,Local,4,City or Municipal Highway Agency,6,Local Street - Municipality,WELLINGTON ST,BANCROFT AVE,2,2,37.57583611,37.57583611,-77.424138890,-77.42413889,0,No Special Jurisdiction,12,Motor Vehicle In-Transport,6,Angle,0,No,2,Intersection,2,Four-Way Intersection,0,None,,,1,On Roadway,1,Daylight,,,,,98,Not Reported,0,No,0000000,Not Applicable,99,Unknown,99,Unknown,99,Unknown EMS Scene Arrival Hour,99,Unknown EMS Scene Arrival Minutes,99,Unknown,99,Unknown EMS Hospital Arrival Time,,,,,,,1,
2022,51,510748,Virginia,2,2,0,0,0,2,2,510,ALEXANDRIA (CITY) (510),40,ALEXANDRIA,17,17,10,October,2022,2,Monday,20,8:00pm-8:59pm,0,0,0,This section IS NOT on the NHS,2,Urban,4,Minor Arterial,4,City or Municipal Highway Agency,6,Local Street - Municipality,BRADDOCK RD,HIGH ST,27,27,38.82086111,38.82086111,-77.070358330,-77.07035833,0,No Special Jurisdiction,12,Motor Vehicle In-Transport,6,Angle,0,No,2,Intersection,3,T-Intersection,4,"Work Zone, Type Unknown",,,1,On Roadway,3,Dark - Lighted,,,,,98,Not Reported,0,No,0000000,Not Applicable,99,Unknown,99,Unknown,99,Unknown EMS Scene Arrival Hour,99,Unknown EMS Scene Arrival Minutes,99,Unknown,99,Unknown EMS Hospital Arrival Time,,,,,,,1,
2022,51,510749,Virginia,2,2,0,0,0,2,2,165,ROCKINGHAM (165),0,NOT APPLICABLE,11,11,10,October,2022,3,Tuesday,15,3:00pm-3:59pm,0,0,1,This section IS ON the NHS,1,Rural,3,Principal Arterial - Other,1,State Highway Agency,3,State Highway,SR-42/HARPINE HWY,RT-721,2334,2334,38.52565000,38.52565000,-78.861286110,-78.86128611,0,No Special Jurisdiction,12,Motor Vehicle In-Transport,6,Angle,0,No,2,Intersection,3,T-Intersection,0,None,,,1,On Roadway,1,Daylight,,,,,98,Not Reported,0,No,0000000,Not Applicable,99,Unknown,99,Unknown,99,Unknown EMS Scene Arrival Hour,99,Unknown EMS Scene Arrival Minutes,99,Unknown,99,Unknown EMS Hospital Arrival Time,,,,,,,1,
2022,51,510750,Virginia,1,1,0,0,0,1,1,680,LYNCHBURG (CITY) (680),1490,LYNCHBURG,15,15,10,October,2022,7,Saturday,10,10:00am-10:59am,56,56,0,This section IS NOT on the NHS,2,Urban,7,Local,4,City or Municipal Highway Agency,6,Local Street - Municipality,OLD GRAVES MILL RD,,6,6,37.36184444,37.36184444,-79.229402780,-79.22940278,0,No Special Jurisdiction,31,"Post, Pole or Other Supports",0,The First Harmful Event was Not a Collision with a Motor Vehicle in Transport,0,No,1,Non-Junction,1,Not an Intersection,0,None,,,4,On Roadside,1,Daylight,,,,,98,Not Reported,0,No,0000000,Not Applicable,99,Unknown,99,Unknown,99,Unknown EMS Scene Arrival Hour,99,Unknown EMS Scene Arrival Minutes,99,Unknown,99,Unknown EMS Hospital Arrival Time,,,,,,,1,
2022,51,510751,Virginia,3,3,0,0,0,4,4,59,FAIRFAX (59),0,NOT APPLICABLE,12,12,10,October,2022,4,Wednesday,21,9:00pm-9:59pm,40,40,1,This section IS ON the NHS,2,Urban,2,Principal Arterial - Other Freeways and Expressways,60,Other Federal Agency,3,State Highway,SR-267/TRAP RD,,232,232,38.93615556,38.93615556,-77.266594440,-77.26659444,0,No Special Jurisdiction,12,Motor Vehicle In-Transport,1,Front-to-Rear,0,No,1,Non-Junction,1,Not an Intersection,0,None,,,1,On Roadway,2,Dark - Not Lighted,,,,,98,Not Reported,0,No,0000000,Not Applicable,99,Unknown,99,Unknown,99,Unknown EMS Scene Arrival Hour,99,Unknown EMS Scene Arrival Minutes,99,Unknown,99,Unknown EMS Hospital Arrival Time,,,,,,,2,