caseyear,state,st_case,statename,ve_total,ve_forms,pvh_invl,peds,pernotmvit,permvit,persons,county,countyname,city,cityname,day,dayname,month,monthname,year,day_week,day_weekname,hour,hourname,minute,minutename,nhs,nhsname,rur_urb,rur_urbname,func_sys,func_sysname,rd_owner,rd_ownername,route,routename,tway_id,tway_id2,milept,mileptname,latitude,latitudename,longitud,longitudname,sp_jur,sp_jurname,harm_ev,harm_evname,man_coll,man_collname,reljct1,reljct1name,reljct2,reljct2name,typ_int,typ_intname,wrk_zone,wrk_zonename,road_fnc,road_fncname,rel_road,rel_roadname,lgt_cond,lgt_condname,weather1,weather1name,weather2,weather2name,weather,weathername,sch_bus,sch_busname,rail,railname,not_hour,not_hourname,not_min,not_minname,arr_hour,arr_hourname,arr_min,arr_minname,hosp_hr,hosp_hrname,hosp_mn,hosp_mnname,cf1,cf1name,cf2,cf2name,cf3,cf3name,fatals,drunk_dr
2022,51,510959,Virginia,2,1,1,0,1,2,3,710,NORFOLK (CITY) (710),1760,NORFOLK,10,10,12,December,2022,7,Saturday,2,2:00am-2:59am,14,14,1,This section IS ON the NHS,2,Urban,3,Principal Arterial - Other,4,City or Municipal Highway Agency,2,U.S. Highway,US-58,,0,None,36.85216667,36.85216667,-76.266938890,-76.26693889,0,No Special Jurisdiction,33,Curb,0,The First Harmful Event was Not a Collision with a Motor Vehicle in Transport,0,No,1,Non-Junction,1,Not an Intersection,0,None,,,3,On Median,3,Dark - Lighted,,,,,98,Not Reported,0,No,0000000,Not Applicable,99,Unknown,99,Unknown,99,Unknown EMS Scene Arrival Hour,99,Unknown EMS Scene Arrival Minutes,99,Unknown,99,Unknown EMS Hospital Arrival Time,,,,,,,1,
2022,51,510960,Virginia,1,1,0,0,0,3,3,660,HARRISONBURG (CITY) (660),1190,HARRISONBURG,30,30,5,May,2022,2,Monday,17,5:00pm-5:59pm,1,1,0,This section IS NOT on the NHS,2,Urban,7,Local,4,City or Municipal Highway Agency,6,Local Street - Municipality,NOLL RD,,0,None,38.45281111,38.45281111,-78.869683330,-78.86968333,0,No Special Jurisdiction,10,Railway Vehicle,0,The First Harmful Event was Not a Collision with a Motor Vehicle in Transport,0,No,6,"Railway Grade Crossing ",1,Not an Intersection,0,None,,,1,On Roadway,1,Daylight,,,,,98,Not Reported,0,No,859970G,859970G,99,Unknown,99,Unknown,99,Unknown EMS Scene Arrival Hour,99,Unknown EMS Scene Arrival Minutes,99,Unknown,99,Unknown EMS Hospital Arrival Time,,,,,,,1,
2022,51,510961,Virginia,1,1,0,0,0,1,1,800,SUFFOLK (CITY) (800),2390,SUFFOLK,20,20,11,November,2022,1,Sunday,0,0:00am-0:59am,48,48,1,This section IS ON the NHS,2,Urban,3,Principal Arterial - Other,4,City or Municipal Highway Agency,2,U.S. Highway,US-58,,43,43,36.74085556,36.74085556,-76.558119440,-76.55811944,0,No Special Jurisdiction,33,Curb,0,The First Harmful Event was Not a Collision with a Motor Vehicle in Transport,0,No,1,Non-Junction,1,Not an Intersection,0,None,,,4,On Roadside,3,Dark - Lighted,,,,,98,Not Reported,0,No,0000000,Not Applicable,99,Unknown,98,Unknown if Notified,99,Unknown EMS Scene Arrival Hour,98,Unknown if Arrived,88,"Not Applicable (Not Transported) ",88,Not Applicable (Not Transported),,,,,,,1,
2022,51,510962,Virginia,2,2,0,0,0,2,2,41,CHESTERFIELD (41),475,CHESTERFIELD,7,7,9,September,2022,4,Wednesday,15,3:00pm-3:59pm,0,0,0,This section IS NOT on the NHS,2,Urban,7,Local,1,State Highway Agency,6,Local Street - Municipality,POLO PKWY,POLO PL,0,None,37.52492500,37.52492500,-77.607438890,-77.60743889,0,No Special Jurisdiction,12,Motor Vehicle In-Transport,6,Angle,0,No,2,Intersection,2,Four-Way Intersection,0,None,,,1,On Roadway,1,Daylight,,,,,2,Rain,0,No,0000000,Not Applicable,99,Unknown,99,Unknown,99,Unknown EMS Scene Arrival Hour,99,Unknown EMS Scene Arrival Minutes,99,Unknown,99,Unknown EMS Hospital Arrival Time,,,,,,,1,
2022,51,510963,Virginia,2,2,0,0,0,2,2,810,VIRGINIA BEACH (CITY) (810),2540,VIRGINIA BEACH,23,23,9,September,2022,6,Friday,4,4:00am-4:59am,48,48,0,This section IS NOT on the NHS,2,Urban,4,Minor Arterial,4,City or Municipal Highway Agency,8,Other,RT-408,,5,5,36.85489722,36.85489722,-76.024480560,-76.02448056,0,No Special Jurisdiction,12,Motor Vehicle In-Transport,2,Front-to-Front,0,No,1,Non-Junction,1,Not an Intersection,0,None,,,1,On Roadway,3,Dark - Lighted,,,,,98,Not Reported,0,No,0000000,Not Applicable,99,Unknown,99,Unknown,99,Unknown EMS Scene Arrival Hour,99,Unknown EMS Scene Arrival Minutes,99,Unknown,99,Unknown EMS Hospital Arrival Time,,,,,,,1,
2022,51,510964,Virginia,1,1,0,1,1,1,1,41,CHESTERFIELD (41),0,NOT APPLICABLE,10,10,2,February,2022,5,Thursday,14,2:00pm-2:59pm,19,19,1,This section IS ON the NHS,2,Urban,3,Principal Arterial - Other,1,State Highway Agency,2,U.S. Highway,US-60,,1835,1835,37.49873056,37.49873056,-77.540283330,-77.54028333,0,No Special Jurisdiction,8,Pedestrian,0,The First Harmful Event was Not a Collision with a Motor Vehicle in Transport,0,No,1,Non-Junction,1,Not an Intersection,0,None,,,1,On Roadway,1,Daylight,,,,,98,Not Reported,0,No,0000000,Not Applicable,99,Unknown,99,Unknown,99,Unknown EMS Scene Arrival Hour,99,Unknown EMS Scene Arrival Minutes,99,Unknown,99,Unknown EMS Hospital Arrival Time,,,,,,,1,
2022,51,510965,Virginia,2,2,0,0,0,3,3,107,LOUDOUN (107),0,NOT APPLICABLE,21,21,4,April,2022,5,Thursday,17,5:00pm-5:59pm,24,24,0,This section IS NOT on the NHS,1,Rural,4,Minor Arterial,1,State Highway Agency,3,State Highway,SR-9/CHARLES TOWN PIKE,GRUBSTAKE FARM LN,64,64,39.19261944,39.19261944,-77.702630560,-77.70263056,0,No Special Jurisdiction,12,Motor Vehicle In-Transport,6,Angle,0,No,2,Intersection,3,T-Intersection,0,None,,,1,On Roadway,1,Daylight,,,,,98,Not Reported,0,No,0000000,Not Applicable,99,Unknown,99,Unknown,99,Unknown EMS Scene Arrival Hour,99,Unknown EMS Scene Arrival Minutes,99,Unknown,99,Unknown EMS Hospital Arrival Time,,,,,,,1,
2022,51,510966,Virginia,2,2,0,0,0,2,2,105,LEE (105),1900,PENNINGTON GAP,19,19,5,May,2022,5,Thursday,14,2:00pm-2:59pm,17,17,0,This section IS NOT on the NHS,1,Rural,4,Minor Arterial,1,State Highway Agency,2,U.S. Highway,US-58,,71,71,36.75214722,36.75214722,-83.041800000,-83.04180000,0,No Special Jurisdiction,12,Motor Vehicle In-Transport,1,Front-to-Rear,0,No,1,Non-Junction,1,Not an Intersection,4,"Work Zone, Type Unknown",,,1,On Roadway,1,Daylight,,,,,98,Not Reported,0,No,0000000,Not Applicable,99,Unknown,99,Unknown,99,Unknown EMS Scene Arrival Hour,99,Unknown EMS Scene Arrival Minutes,99,Unknown,99,Unknown EMS Hospital Arrival Time,,,,,,,1,
2022,51,510968,Virginia,1,1,0,0,0,1,1,45,CRAIG (45),0,NOT APPLICABLE,9,9,7,July,2022,7,Saturday,16,4:00pm-4:59pm,30,30,0,This section IS NOT on the NHS,1,Rural,4,Minor Arterial,1,State Highway Agency,3,State Highway,SR-311/CRAIG VALLEY DR,,139,139,37.40008889,37.40008889,-80.155894440,-80.15589444,0,No Special Jurisdiction,42,Tree (Standing Only),0,The First Harmful Event was Not a Collision with a Motor Vehicle in Transport,0,No,1,Non-Junction,1,Not an Intersection,0,None,,,4,On Roadside,1,Daylight,,,,,2,Rain,0,No,0000000,Not Applicable,99,Unknown,99,Unknown,99,Unknown EMS Scene Arrival Hour,99,Unknown EMS Scene Arrival Minutes,99,Unknown,99,Unknown EMS Hospital Arrival Time,,,,,,,1,
2022,51,510969,Virginia,1,1,0,0,0,1,1,59,FAIRFAX (59),0,NOT APPLICABLE,12,12,10,October,2022,4,Wednesday,11,11:00am-11:59am,24,24,0,This section IS NOT on the NHS,2,Urban,2,Principal Arterial - Other Freeways and Expressways,1,State Highway Agency,2,U.S. Highway,US-50/LEE JACKSON MEM HWY RAMP,,1,1,38.89914167,38.89914167,-77.436930560,-77.43693056,0,No Special Jurisdiction,30,Utility Pole/Light Support,0,The First Harmful Event was Not a Collision with a Motor Vehicle in Transport,1,Yes,5,Entrance/Exit Ramp Related,1,Not an Intersection,0,None,,,4,On Roadside,1,Daylight,,,,,98,Not Reported,0,No,0000000,Not Applicable,99,Unknown,99,Unknown,99,Unknown EMS Scene Arrival Hour,99,Unknown EMS Scene Arrival Minutes,99,Unknown,99,Unknown EMS Hospital Arrival Time,,,,,,,1,
2022,51,510970,Virginia,1,1,0,0,0,1,1,35,CARROLL (35),1250,HILLSVILLE,4,4,12,December,2022,1,Sunday,9,9:00am-9:59am,28,28,0,This section IS NOT on the NHS,1,Rural,7,Local,1,State Highway Agency,4,County Road,CR-1001,,2,2,36.76816111,36.76816111,-80.736761110,-80.73676111,0,No Special Jurisdiction,42,Tree (Standing Only),0,The First Harmful Event was Not a Collision with a Motor Vehicle in Transport,0,No,1,Non-Junction,1,Not an Intersection,0,None,,,4,On Roadside,1,Daylight,,,,,98,Not Reported,0,No,0000000,Not Applicable,99,Unknown,99,Unknown,99,Unknown EMS Scene Arrival Hour,99,Unknown EMS Scene Arrival Minutes,88,"Not Applicable (Not Transported) ",88,Not Applicable (Not Transported),,,,,,,1,
2022,51,510971,Virginia,1,1,0,1,1,2,2,47,CULPEPER (47),690,CULPEPER,11,11,11,November,2022,6,Friday,0,0:00am-0:59am,19,19,1,This section IS ON the NHS,2,Urban,3,Principal Arterial - Other,4,City or Municipal Highway Agency,2,U.S. Highway,US-29,,6,6,38.45860833,38.45860833,-78.014936110,-78.01493611,0,No Special Jurisdiction,8,Pedestrian,0,The First Harmful Event was Not a Collision with a Motor Vehicle in Transport,0,No,1,Non-Junction,1,Not an Intersection,0,None,,,1,On Roadway,2,Dark - Not Lighted,,,,,98,Not Reported,0,No,0000000,Not Applicable,99,Unknown,99,Unknown,99,Unknown EMS Scene Arrival Hour,99,Unknown EMS Scene Arrival Minutes,88,"Not Applicable (Not Transported) ",88,Not Applicable (Not Transported),,,,,,,1,
2022,51,510972,Virginia,2,2,0,0,0,2,2,171,SHENANDOAH (171),0,NOT APPLICABLE,14,14,9,September,2022,4,Wednesday,12,12:00pm-12:59pm,13,13,0,This section IS NOT on the NHS,1,Rural,5,Major Collector,1,State Highway Agency,3,State Highway,SR-42/SENEDO RD,ST LUKE RD,2697,2697,38.87480278,38.87480278,-78.551022220,-78.55102222,0,No Special Jurisdiction,12,Motor Vehicle In-Transport,6,Angle,0,No,2,Intersection,2,Four-Way Intersection,0,None,,,1,On Roadway,1,Daylight,,,,,98,Not Reported,0,No,0000000,Not Applicable,99,Unknown,99,Unknown,99,Unknown EMS Scene Arrival Hour,99,Unknown EMS Scene Arrival Minutes,99,Unknown,99,Unknown EMS Hospital Arrival Time,,,,,,,1,
2023,51,510001,Virginia,1,1,0,1,1,1,1,810,VIRGINIA BEACH (CITY) (810),2540,VIRGINIA BEACH,1,1,1,January,2023,1,Sunday,18,6:00pm-6:59pm,0,0,0,This Section IS NOT on the NHS,2,Urban,5,Major Collector,4,City or Municipal Highway Agency,6,Municipal,MU-8669 PRINCESS ANNE RD,,67,67,36.63200556,36.63200556,-76.039619440,-76.03961944,0,No Special Jurisdiction,8,Pedestrian,0,The First Harmful Event was Not a Collision with a Motor Vehicle in Transport,0,No,1,Non-Junction,1,Not an Intersection,0,None,,,1,On Roadway,3,Dark - Lighted,,,,,98,Not Reported,0,No,0000000,Not Applicable,99,Unknown,98,Unknown if Notified,99,Unknown EMS Scene Arrival Hour,98,Unknown if Arrived,88,"Not Applicable (Not Transported) ",88,Not Applicable (Not Transported),,,,,,,1,
2023,51,510002,Virginia,2,2,0,0,0,2,2,1,ACCOMACK (1),0,NOT APPLICABLE,1,1,1,January,2023,1,Sunday,16,4:00pm-4:59pm,54,54,1,This Section IS ON the NHS,1,Rural,3,Other Principal Arterial,1,State Highway Agency,2,U.S. Highway,US-13,CHESSER RD,1337,1337,37.87557500,37.87557500,-75.558372220,-75.55837222,0,No Special Jurisdiction,12,Motor Vehicle In-Transport,6,Angle,0,No,2,Intersection,3,T-Intersection,0,None,,,1,On Roadway,1,Daylight,,,,,98,Not Reported,0,No,0000000,Not Applicable,99,Unknown,99,Unknown,99,Unknown EMS Scene Arrival Hour,99,Unknown EMS Scene Arrival Minutes,99,Unknown,99,Unknown EMS Hospital Arrival Time,,,,,,,1,
2023,51,510003,Virginia,2,2,0,0,0,4,4,125,NELSON (125),0,NOT APPLICABLE,2,2,1,January,2023,2,Monday,21,9:00pm-9:59pm,32,32,1,This Section IS ON the NHS,1,Rural,3,Other Principal Arterial,1,State Highway Agency,2,U.S. Highway,US-29,RT-655,1016,1016,37.70848611,37.70848611,-78.932927780,-78.93292778,0,No Special Jurisdiction,12,Motor Vehicle In-Transport,6,Angle,0,No,2,Intersection,2,Four-Way Intersection,0,None,,,1,On Roadway,2,Dark - Not Lighted,,,,,98,Not Reported,0,No,0000000,Not Applicable,99,Unknown,99,Unknown,99,Unknown EMS Scene Arrival Hour,99,Unknown EMS Scene Arrival Minutes,99,Unknown,99,Unknown EMS Hospital Arrival Time,,,,,,,1,
2023,51,510004,Virginia,1,1,0,0,0,1,1,33,CAROLINE (33),0,NOT APPLICABLE,3,3,1,January,2023,3,Tuesday,0,0:00am-0:59am,1,1,1,This Section IS ON the NHS,1,Rural,3,Other Principal Arterial,1,State Highway Agency,2,U.S. Highway,US-301,,1170,1170,38.09081111,38.09081111,-77.297586110,-77.29758611,0,No Special Jurisdiction,24,Guardrail Face,0,The First Harmful Event was Not a Collision with a Motor Vehicle in Transport,0,No,1,Non-Junction,1,Not an Intersection,0,None,,,4,On Roadside,2,Dark - Not Lighted,,,,,98,Not Reported,0,No,0000000,Not Applicable,99,Unknown,98,Unknown if Notified,99,Unknown EMS Scene Arrival Hour,98,Unknown if Arrived,88,"Not Applicable (Not Transported) ",88,Not Applicable (Not Transported),,,,,,,1,
2023,51,510005,Virginia,1,1,0,0,0,1,1,710,NORFOLK (CITY) (710),1760,NORFOLK,3,3,1,January,2023,3,Tuesday,11,11:00am-11:59am,21,21,1,This Section IS ON the NHS,2,Urban,3,Other Principal Arterial,4,City or Municipal Highway Agency,2,U.S. Highway,US-460,,4036,4036,36.89891389,36.89891389,-76.279508330,-76.27950833,0,No Special Jurisdiction,33,Curb,0,The First Harmful Event was Not a Collision with a Motor Vehicle in Transport,0,No,1,Non-Junction,1,Not an Intersection,0,None,,,4,On Roadside,1,Daylight,,,,,98,Not Reported,0,No,0000000,Not Applicable,99,Unknown,99,Unknown,99,Unknown EMS Scene Arrival Hour,99,Unknown EMS Scene Arrival Minutes,99,Unknown,99,Unknown EMS Hospital Arrival Time,,,,,,,1,
2023,51,510006,Virginia,2,1,1,0,0,1,1,770,ROANOKE (CITY) (770),2100,ROANOKE,5,5,1,January,2023,5,Thursday,2,2:00am-2:59am,17,17,0,This Section IS NOT on the NHS,2,Urban,4,Minor Arterial,4,City or Municipal Highway Agency,2,U.S. Highway,US-220,,10,10,37.24420556,37.24420556,-79.962922220,-79.96292222,0,No Special Jurisdiction,30,Utility Pole/Light Support,0,The First Harmful Event was Not a Collision with a Motor Vehicle in Transport,0,No,1,Non-Junction,1,Not an Intersection,0,None,,,4,On Roadside,3,Dark - Lighted,,,,,98,Not Reported,0,No,0000000,Not Applicable,99,Unknown,98,Unknown if Notified,99,Unknown EMS Scene Arrival Hour,98,Unknown if Arrived,88,"Not Applicable (Not Transported) ",88,Not Applicable (Not Transported),,,,,,,1,
2023,51,510007,Virginia,3,3,0,0,0,3,3,199,YORK (199),0,NOT APPLICABLE,6,6,1,January,2023,6,Friday,7,7:00am-7:59am,22,22,1,This Section IS ON the NHS,2,Urban,3,Other Principal Arterial,1,State Highway Agency,2,U.S. Highway,US-17,,644,644,37.19061111,37.19061111,-76.488058330,-76.48805833,0,No Special Jurisdiction,12,Motor Vehicle In-Transport,6,Angle,0,No,8,Driveway Access Related,1,Not an Intersection,0,None,,,1,On Roadway,1,Daylight,,,,,98,Not Reported,0,No,0000000,Not Applicable,99,Unknown,99,Unknown,99,Unknown EMS Scene Arrival Hour,99,Unknown EMS Scene Arrival Minutes,99,Unknown,99,Unknown EMS Hospital Arrival Time,,,,,,,1,
2023,51,510008,Virginia,1,1,0,0,0,2,2,87,HENRICO (87),0,NOT APPLICABLE,5,5,1,January,2023,5,Thursday,2,2:00am-2:59am,33,33,0,This Section IS NOT on the NHS,2,Urban,5,Major Collector,2,County Highway Agency,4,County,CR-7716,,11,11,37.52468889,37.52468889,-77.332402780,-77.33240278,0,No Special Jurisdiction,42,Tree (Standing Only),0,The First Harmful Event was Not a Collision with a Motor Vehicle in Transport,0,No,1,Non-Junction,1,Not an Intersection,0,None,,,4,On Roadside,2,Dark - Not Lighted,,,,,2,Rain,0,No,0000000,Not Applicable,99,Unknown,99,Unknown,99,Unknown EMS Scene Arrival Hour,99,Unknown EMS Scene Arrival Minutes,99,Unknown,99,Unknown EMS Hospital Arrival Time,,,,,,,1,
2023,51,510009,Virginia,2,2,0,0,0,6,6,53,DINWIDDIE (53),0,NOT APPLICABLE,5,5,1,January,2023,5,Thursday,14,2:00pm-2:59pm,40,40,1,This Section IS ON the NHS,1,Rural,1,Interstate,1,State Highway Agency,1,Interstate,I-85,,432,432,36.98069722,36.98069722,-77.703213890,-77.70321389,0,No Special Jurisdiction,12,Motor Vehicle In-Transport,1,Front-to-Rear,0,No,1,Non-Junction,1,Not an Intersection,0,None,,,1,On Roadway,1,Daylight,,,,,98,Not Reported,0,No,0000000,Not Applicable,99,Unknown,99,Unknown,99,Unknown EMS Scene Arrival Hour,99,Unknown EMS Scene Arrival Minutes,99,Unknown,99,Unknown EMS Hospital Arrival Time,,,,,,,1,
2023,51,510010,Virginia,2,2,0,0,0,2,2,109,LOUISA (109),0,NOT APPLICABLE,6,6,1,January,2023,6,Friday,1,1:00am-1:59am,57,57,1,This Section IS ON the NHS,1,Rural,1,Interstate,1,State Highway Agency,1,Interstate,I-64,,1373,1373,37.97377500,37.97377500,-78.205619440,-78.20561944,0,No Special Jurisdiction,12,Motor Vehicle In-Transport,1,Front-to-Rear,0,No,1,Non-Junction,1,Not an Intersection,0,None,,,1,On Roadway,2,Dark - Not Lighted,,,,,98,Not Reported,0,No,0000000,Not Applicable,99,Unknown,98,Unknown if Notified,99,Unknown EMS Scene Arrival Hour,98,Unknown if Arrived,88,"Not Applicable (Not Transported) ",88,Not Applicable (Not Transported),,,,,,,1,
2023,51,510011,Virginia,2,2,0,0,0,2,2,85,HANOVER (85),0,NOT APPLICABLE,7,7,1,January,2023,7,Saturday,7,7:00am-7:59am,3,3,0,This Section IS NOT on the NHS,1,Rural,4,Minor Arterial,1,State Highway Agency,2,U.S. Highway,US-301,,885,885,37.70906944,37.70906944,-77.383191670,-77.38319167,0,No Special Jurisdiction,12,Motor Vehicle In-Transport,2,Front-to-Front,0,No,1,Non-Junction,1,Not an Intersection,0,None,,,1,On Roadway,4,Dawn,,,,,98,Not Reported,0,No,0000000,Not Applicable,99,Unknown,99,Unknown,99,Unknown EMS Scene Arrival Hour,99,Unknown EMS Scene Arrival Minutes,99,Unknown,99,Unknown EMS Hospital Arrival Time,,,,,,,1,
2023,51,510012,Virginia,1,1,0,0,0,1,1,87,HENRICO (87),0,NOT APPLICABLE,7,7,1,January,2023,7,Saturday,19,7:00pm-7:59pm,58,58,0,This Section IS NOT on the NHS,6,Trafficway Not in State Inventory,96,Trafficway Not in State Inventory,96,Trafficway Not in State Inventory,99,Unknown/Not Reported,RANCO RD,,1,1,37.62061667,37.62061667,-77.495633330,-77.49563333,0,No Special Jurisdiction,18,Other Object (not fixed),0,The First Harmful Event was Not a Collision with a Motor Vehicle in Transport,0,No,1,Non-Junction,1,Not an Intersection,0,None,,,7,In Parking Lane/Zone,2,Dark - Not Lighted,,,,,98,Not Reported,0,No,0000000,Not Applicable,99,Unknown,98,Unknown if Notified,99,Unknown EMS Scene Arrival Hour,98,Unknown if Arrived,88,"Not Applicable (Not Transported) ",88,Not Applicable (Not Transported),,,,,,,1,
2023,51,510013,Virginia,2,2,0,0,0,2,2,740,PORTSMOUTH (CITY) (740),1970,PORTSMOUTH,9,9,1,January,2023,2,Monday,6,6:00am-6:59am,34,34,1,This Section IS ON the NHS,2,Urban,1,Interstate,1,State Highway Agency,1,Interstate,I-264,,21,21,36.80380833,36.80380833,-76.369230560,-76.36923056,0,No Special Jurisdiction,12,Motor Vehicle In-Transport,2,Front-to-Front,0,No,1,Non-Junction,1,Not an Intersection,0,None,,,1,On Roadway,4,Dawn,,,,,5,"Fog, Smog, Smoke",0,No,0000000,Not Applicable,99,Unknown,99,Unknown,99,Unknown EMS Scene Arrival Hour,99,Unknown EMS Scene Arrival Minutes,99,Unknown,99,Unknown EMS Hospital Arrival Time,,,,,,,1,
2023,51,510014,Virginia,2,1,1,0,0,1,1,710,NORFOLK (CITY) (710),1760,NORFOLK,8,8,1,January,2023,1,Sunday,19,7:00pm-7:59pm,35,35,0,This Section IS NOT on the NHS,2,Urban,3,Other Principal Arterial,4,City or Municipal Highway Agency,3,State Highway,SR-165/LITTLE CREEK RD,,370,370,36.91757222,36.91757222,-76.260200000,-76.26020000,0,No Special Jurisdiction,33,Curb,0,The First Harmful Event was Not a Collision with a Motor Vehicle in Transport,0,No,1,Non-Junction,1,Not an Intersection,0,None,,,4,On Roadside,3,Dark - Lighted,,,,,2,Rain,0,No,0000000,Not Applicable,99,Unknown,99,Unknown,99,Unknown EMS Scene Arrival Hour,99,Unknown EMS Scene Arrival Minutes,99,Unknown,99,Unknown EMS Hospital Arrival Time,,,,,,,1,
2023,51,510015,Virginia,1,1,0,0,0,1,1,121,MONTGOMERY (121),0,NOT APPLICABLE,8,8,1,January,2023,1,Sunday,7,7:00am-7:59am,40,40,0,This Section IS NOT on the NHS,1,Rural,5,Major Collector,1,State Highway Agency,4,County,CR-605,,2,2,37.08145833,37.08145833,-80.576477780,-80.57647778,0,No Special Jurisdiction,35,Embankment,0,The First Harmful Event was Not a Collision with a Motor Vehicle in Transport,0,No,1,Non-Junction,1,Not an Intersection,0,None,,,4,On Roadside,1,Daylight,,,,,98,Not Reported,0,No,0000000,Not Applicable,99,Unknown,99,Unknown,99,Unknown EMS Scene Arrival Hour,99,Unknown EMS Scene Arrival Minutes,99,Unknown,99,Unknown EMS Hospital Arrival Time,,,,,,,1,
2023,51,510016,Virginia,1,1,0,0,0,1,1,153,PRINCE WILLIAM (153),0,NOT APPLICABLE,8,8,1,January,2023,1,Sunday,16,4:00pm-4:59pm,32,32,0,This Section IS NOT on the NHS,2,Urban,6,Minor Collector,1,State Highway Agency,4,County,CR-631,,17,17,38.68385000,38.68385000,-77.421005560,-77.42100556,0,No Special Jurisdiction,53,Mail Box,0,The First Harmful Event was Not a Collision with a Motor Vehicle in Transport,0,No,1,Non-Junction,1,Not an Intersection,0,None,,,4,On Roadside,2,Dark - Not Lighted,,,,,98,Not Reported,0,No,0000000,Not Applicable,99,Unknown,99,Unknown,99,Unknown EMS Scene Arrival Hour,99,Unknown EMS Scene Arrival Minutes,99,Unknown,99,Unknown EMS Hospital Arrival Time,,,,,,,1,
2023,51,510017,Virginia,1,1,0,0,0,1,1,840,WINCHESTER (CITY) (840),2640,WINCHESTER,8,8,1,January,2023,1,Sunday,18,6:00pm-6:59pm,38,38,0,This Section IS NOT on the NHS,2,Urban,5,Major Collector,4,City or Municipal Highway Agency,6,Municipal,MU-1 WOODSTOCK LN,,4,4,39.18021944,39.18021944,-78.145455560,-78.14545556,0,No Special Jurisdiction,30,Utility Pole/Light Support,0,The First Harmful Event was Not a Collision with a Motor Vehicle in Transport,0,No,1,Non-Junction,1,Not an Intersection,0,None,,,4,On Roadside,3,Dark - Lighted,,,,,98,Not Reported,0,No,0000000,Not Applicable,99,Unknown,99,Unknown,99,Unknown EMS Scene Arrival Hour,99,Unknown EMS Scene Arrival Minutes,99,Unknown,99,Unknown EMS Hospital Arrival Time,,,,,,,1,
2023,51,510018,Virginia,3,3,0,0,0,3,3,15,AUGUSTA (15),0,NOT APPLICABLE,9,9,1,January,2023,2,Monday,17,5:00pm-5:59pm,55,55,1,This Section IS ON the NHS,1,Rural,1,Interstate,1,State Highway Agency,1,Interstate,I-81,,2239,2239,38.13347778,38.13347778,-79.027972220,-79.02797222,0,No Special Jurisdiction,12,Motor Vehicle In-Transport,7,Sideswipe - Same Direction,0,No,1,Non-Junction,1,Not an Intersection,0,None,,,1,On Roadway,2,Dark - Not Lighted,,,,,98,Not Reported,0,No,0000000,Not Applicable,99,Unknown,98,Unknown if Notified,99,Unknown EMS Scene Arrival Hour,98,Unknown if Arrived,88,"Not Applicable (Not Transported) ",88,Not Applicable (Not Transported),,,,,,,1,
2023,51,510019,Virginia,2,2,0,0,0,2,2,155,PULASKI (155),0,NOT APPLICABLE,9,9,1,January,2023,2,Monday,15,3:00pm-3:59pm,30,30,1,This Section IS ON the NHS,1,Rural,3,Other Principal Arterial,1,State Highway Agency,2,U.S. Highway,US-11,,898,898,37.00979722,37.00979722,-80.795675000,-80.79567500,0,No Special Jurisdiction,12,Motor Vehicle In-Transport,2,Front-to-Front,0,No,1,Non-Junction,1,Not an Intersection,0,None,,,1,On Roadway,1,Daylight,,,,,98,Not Reported,0,No,0000000,Not Applicable,99,Unknown,99,Unknown,99,Unknown EMS Scene Arrival Hour,99,Unknown EMS Scene Arrival Minutes,99,Unknown,99,Unknown EMS Hospital Arrival Time,,,,,,,1,
2023,51,510020,Virginia,1,1,0,1,1,1,1,810,VIRGINIA BEACH (CITY) (810),2540,VIRGINIA BEACH,8,8,1,January,2023,1,Sunday,18,6:00pm-6:59pm,35,35,1,This Section IS ON the NHS,2,Urban,3,Other Principal Arterial,4,City or Municipal Highway Agency,2,U.S. Highway,US-58,,5085,5085,36.85165000,36.85165000,-76.009044440,-76.00904444,0,No Special Jurisdiction,8,Pedestrian,0,The First Harmful Event was Not a Collision with a Motor Vehicle in Transport,0,No,1,Non-Junction,1,Not an Intersection,4,"Work Zone, Type Unknown",,,1,On Roadway,3,Dark - Lighted,,,,,2,Rain,0,No,0000000,Not Applicable,99,Unknown,99,Unknown,99,Unknown EMS Scene Arrival Hour,99,Unknown EMS Scene Arrival Minutes,99,Unknown,99,Unknown EMS Hospital Arrival Time,,,,,,,1,
2023,51,510021,Virginia,1,1,0,0,0,3,3,59,FAIRFAX (59),0,NOT APPLICABLE,10,10,1,January,2023,3,Tuesday,21,9:00pm-9:59pm,26,26,0,This Section IS NOT on the NHS,2,Urban,4,Minor Arterial,1,State Highway Agency,4,County,CR-643,,69,69,38.75134722,38.75134722,-77.279380560,-77.27938056,0,No Special Jurisdiction,35,Embankment,0,The First Harmful Event was Not a Collision with a Motor Vehicle in Transport,0,No,1,Non-Junction,1,Not an Intersection,0,None,,,4,On Roadside,2,Dark - Not Lighted,,,,,98,Not Reported,0,No,0000000,Not Applicable,99,Unknown,99,Unknown,99,Unknown EMS Scene Arrival Hour,99,Unknown EMS Scene Arrival Minutes,99,Unknown,99,Unknown EMS Hospital Arrival Time,,,,,,,2,