caseyear,state,st_case,statename,ve_total,ve_forms,pvh_invl,peds,pernotmvit,permvit,persons,county,countyname,city,cityname,day,dayname,month,monthname,year,day_week,day_weekname,hour,hourname,minute,minutename,nhs,nhsname,rur_urb,rur_urbname,func_sys,func_sysname,rd_owner,rd_ownername,route,routename,tway_id,tway_id2,milept,mileptname,latitude,latitudename,longitud,longitudname,sp_jur,sp_jurname,harm_ev,harm_evname,man_coll,man_collname,reljct1,reljct1name,reljct2,reljct2name,typ_int,typ_intname,wrk_zone,wrk_zonename,road_fnc,road_fncname,rel_road,rel_roadname,lgt_cond,lgt_condname,weather1,weather1name,weather2,weather2name,weather,weathername,sch_bus,sch_busname,rail,railname,not_hour,not_hourname,not_min,not_minname,arr_hour,arr_hourname,arr_min,arr_minname,hosp_hr,hosp_hrname,hosp_mn,hosp_mnname,cf1,cf1name,cf2,cf2name,cf3,cf3name,fatals,drunk_dr
2023,51,510235,Virginia,3,3,0,0,0,4,4,113,MADISON (113),0,NOT APPLICABLE,23,23,4,April,2023,1,Sunday,12,12:00pm-12:59pm,20,20,0,This Section IS NOT on the NHS,1,Rural,4,Minor Arterial,1,State Highway Agency,3,State Highway,SR-231/BLUE RIDGE TURNPIKE,,333,333,38.44359444,38.44359444,-78.272208330,-78.27220833,0,No Special Jurisdiction,12,Motor Vehicle In-Transport,2,Front-to-Front,0,No,1,Non-Junction,1,Not an Intersection,0,None,,,1,On Roadway,1,Daylight,,,,,98,Not Reported,0,No,0000000,Not Applicable,99,Unknown,99,Unknown,99,Unknown EMS Scene Arrival Hour,99,Unknown EMS Scene Arrival Minutes,99,Unknown,99,Unknown EMS Hospital Arrival Time,,,,,,,2,
2023,51,510236,Virginia,1,1,0,0,0,3,3,149,PRINCE GEORGE (149),0,NOT APPLICABLE,23,23,4,April,2023,1,Sunday,4,4:00am-4:59am,40,40,0,This Section IS NOT on the NHS,1,Rural,4,Minor Arterial,1,State Highway Agency,3,State Highway,SR-156/PRINCE GEORGE DRIVE,,88,88,37.17764444,37.17764444,-77.272894440,-77.27289444,0,No Special Jurisdiction,42,Tree (Standing Only),0,The First Harmful Event was Not a Collision with a Motor Vehicle in Transport,0,No,1,Non-Junction,1,Not an Intersection,0,None,,,6,Off Roadway-Location Unknown,2,Dark - Not Lighted,,,,,98,Not Reported,0,No,0000000,Not Applicable,99,Unknown,99,Unknown,99,Unknown EMS Scene Arrival Hour,99,Unknown EMS Scene Arrival Minutes,99,Unknown,99,Unknown EMS Hospital Arrival Time,,,,,,,2,
2023,51,510237,Virginia,1,1,0,1,1,1,1,760,RICHMOND (CITY) (760),2060,RICHMOND,23,23,4,April,2023,1,Sunday,20,8:00pm-8:59pm,6,6,1,This Section IS ON the NHS,2,Urban,3,Other Principal Arterial,4,City or Municipal Highway Agency,2,U.S. Highway,US-1,,885,885,37.47846111,37.47846111,-77.444325000,-77.44432500,0,No Special Jurisdiction,8,Pedestrian,0,The First Harmful Event was Not a Collision with a Motor Vehicle in Transport,0,No,1,Non-Junction,1,Not an Intersection,0,None,,,1,On Roadway,3,Dark - Lighted,,,,,98,Not Reported,0,No,0000000,Not Applicable,99,Unknown,99,Unknown,99,Unknown EMS Scene Arrival Hour,99,Unknown EMS Scene Arrival Minutes,99,Unknown,99,Unknown EMS Hospital Arrival Time,,,,,,,1,
2023,51,510238,Virginia,4,4,0,0,0,6,6,650,HAMPTON (CITY) (650),1180,HAMPTON,24,24,4,April,2023,2,Monday,20,8:00pm-8:59pm,12,12,1,This Section IS ON the NHS,2,Urban,3,Other Principal Arterial,4,City or Municipal Highway Agency,2,U.S. Highway,US-258,SELDENDALE DR,647,647,37.04379722,37.04379722,-76.358413890,-76.35841389,0,No Special Jurisdiction,12,Motor Vehicle In-Transport,1,Front-to-Rear,0,No,2,Intersection,2,Four-Way Intersection,0,None,,,1,On Roadway,1,Daylight,,,,,98,Not Reported,0,No,0000000,Not Applicable,99,Unknown,99,Unknown,99,Unknown EMS Scene Arrival Hour,99,Unknown EMS Scene Arrival Minutes,99,Unknown,99,Unknown EMS Hospital Arrival Time,,,,,,,1,
2023,51,510239,Virginia,1,1,0,0,0,1,1,179,STAFFORD (179),0,NOT APPLICABLE,24,24,4,April,2023,2,Monday,20,8:00pm-8:59pm,13,13,9,Unknown if This Section Is on the NHS,2,Urban,7,Local,1,State Highway Agency,4,County,CR-668,,5,5,38.27896389,38.27896389,-77.414586110,-77.41458611,0,No Special Jurisdiction,42,Tree (Standing Only),0,The First Harmful Event was Not a Collision with a Motor Vehicle in Transport,0,No,1,Non-Junction,1,Not an Intersection,0,None,,,4,On Roadside,1,Daylight,,,,,98,Not Reported,0,No,0000000,Not Applicable,99,Unknown,99,Unknown,99,Unknown EMS Scene Arrival Hour,99,Unknown EMS Scene Arrival Minutes,88,"Not Applicable (Not Transported) ",88,Not Applicable (Not Transported),,,,,,,1,
2023,51,510240,Virginia,3,3,0,0,0,3,3,41,CHESTERFIELD (41),0,NOT APPLICABLE,19,19,4,April,2023,4,Wednesday,17,5:00pm-5:59pm,10,10,0,This Section IS NOT on the NHS,2,Urban,4,Minor Arterial,1,State Highway Agency,4,County,CR-645,CRANBECK RD,3,3,37.52023889,37.52023889,-77.605947220,-77.60594722,0,No Special Jurisdiction,12,Motor Vehicle In-Transport,6,Angle,0,No,2,Intersection,2,Four-Way Intersection,0,None,,,1,On Roadway,1,Daylight,,,,,98,Not Reported,0,No,0000000,Not Applicable,99,Unknown,99,Unknown,99,Unknown EMS Scene Arrival Hour,99,Unknown EMS Scene Arrival Minutes,99,Unknown,99,Unknown EMS Hospital Arrival Time,,,,,,,1,
2023,51,510241,Virginia,1,1,0,0,0,1,1,650,HAMPTON (CITY) (650),1180,HAMPTON,26,26,4,April,2023,4,Wednesday,14,2:00pm-2:59pm,5,5,1,This Section IS ON the NHS,2,Urban,3,Other Principal Arterial,4,City or Municipal Highway Agency,2,U.S. Highway,US-258,N ARMISTEAD AVE,636,636,37.04423889,37.04423889,-76.377263890,-76.37726389,0,No Special Jurisdiction,33,Curb,0,The First Harmful Event was Not a Collision with a Motor Vehicle in Transport,0,No,3,Intersection-Related,2,Four-Way Intersection,0,None,,,4,On Roadside,1,Daylight,,,,,98,Not Reported,0,No,0000000,Not Applicable,99,Unknown,98,Unknown if Notified,99,Unknown EMS Scene Arrival Hour,98,Unknown if Arrived,88,"Not Applicable (Not Transported) ",88,Not Applicable (Not Transported),,,,,,,1,
2023,51,510242,Virginia,1,1,0,0,0,1,1,65,FLUVANNA (65),0,NOT APPLICABLE,27,27,4,April,2023,5,Thursday,13,1:00pm-1:59pm,25,25,0,This Section IS NOT on the NHS,1,Rural,5,Major Collector,1,State Highway Agency,4,County,CR-613,,45,45,37.93428056,37.93428056,-78.200186110,-78.20018611,0,No Special Jurisdiction,43,Other Fixed Object,0,The First Harmful Event was Not a Collision with a Motor Vehicle in Transport,0,No,1,Non-Junction,1,Not an Intersection,0,None,,,4,On Roadside,1,Daylight,,,,,98,Not Reported,0,No,0000000,Not Applicable,99,Unknown,98,Unknown if Notified,99,Unknown EMS Scene Arrival Hour,98,Unknown if Arrived,88,"Not Applicable (Not Transported) ",88,Not Applicable (Not Transported),,,,,,,1,
2023,51,510243,Virginia,1,1,0,0,0,2,2,185,TAZEWELL (185),0,NOT APPLICABLE,24,24,4,April,2023,2,Monday,6,6:00am-6:59am,41,41,0,This Section IS NOT on the NHS,1,Rural,5,Major Collector,1,State Highway Agency,4,County,CR-631,,109,109,37.12985278,37.12985278,-81.618852780,-81.61885278,0,No Special Jurisdiction,34,Ditch,0,The First Harmful Event was Not a Collision with a Motor Vehicle in Transport,0,No,1,Non-Junction,1,Not an Intersection,0,None,,,4,On Roadside,4,Dawn,,,,,98,Not Reported,0,No,0000000,Not Applicable,99,Unknown,99,Unknown,99,Unknown EMS Scene Arrival Hour,99,Unknown EMS Scene Arrival Minutes,99,Unknown,99,Unknown EMS Hospital Arrival Time,,,,,,,1,
2023,51,510244,Virginia,1,1,0,1,1,1,1,153,PRINCE WILLIAM (153),0,NOT APPLICABLE,10,10,4,April,2023,2,Monday,18,6:00pm-6:59pm,0,0,0,This Section IS NOT on the NHS,6,Trafficway Not in State Inventory,96,Trafficway Not in State Inventory,96,Trafficway Not in State Inventory,6,Municipal,MU-76 NUTMEG CT,,0,None,38.68748889,38.68748889,-77.312300000,-77.31230000,0,No Special Jurisdiction,8,Pedestrian,0,The First Harmful Event was Not a Collision with a Motor Vehicle in Transport,0,No,1,Non-Junction,1,Not an Intersection,0,None,,,1,On Roadway,1,Daylight,,,,,98,Not Reported,0,No,0000000,Not Applicable,99,Unknown,99,Unknown,99,Unknown EMS Scene Arrival Hour,99,Unknown EMS Scene Arrival Minutes,99,Unknown,99,Unknown EMS Hospital Arrival Time,,,,,,,1,
2023,51,510245,Virginia,1,1,0,0,0,1,1,25,BRUNSWICK (25),0,NOT APPLICABLE,29,29,4,April,2023,7,Saturday,17,5:00pm-5:59pm,30,30,0,This Section IS NOT on the NHS,1,Rural,7,Local,1,State Highway Agency,4,County,CR-678,,19,19,36.75910556,36.75910556,-77.818133330,-77.81813333,0,No Special Jurisdiction,34,Ditch,0,The First Harmful Event was Not a Collision with a Motor Vehicle in Transport,0,No,1,Non-Junction,1,Not an Intersection,0,None,,,4,On Roadside,1,Daylight,,,,,98,Not Reported,0,No,0000000,Not Applicable,99,Unknown,98,Unknown if Notified,99,Unknown EMS Scene Arrival Hour,98,Unknown if Arrived,88,"Not Applicable (Not Transported) ",88,Not Applicable (Not Transported),,,,,,,1,
2023,51,510246,Virginia,1,1,0,0,0,2,2,59,FAIRFAX (59),0,NOT APPLICABLE,28,28,4,April,2023,6,Friday,3,3:00am-3:59am,50,50,1,This Section IS ON the NHS,2,Urban,1,Interstate,1,State Highway Agency,1,Interstate,I-495,,1733,1733,38.79684444,38.79684444,-77.132402780,-77.13240278,0,No Special Jurisdiction,25,Concrete Traffic Barrier,0,The First Harmful Event was Not a Collision with a Motor Vehicle in Transport,0,No,1,Non-Junction,1,Not an Intersection,0,None,,,3,On Median,3,Dark - Lighted,,,,,98,Not Reported,0,No,0000000,Not Applicable,99,Unknown,99,Unknown,99,Unknown EMS Scene Arrival Hour,99,Unknown EMS Scene Arrival Minutes,99,Unknown,99,Unknown EMS Hospital Arrival Time,,,,,,,2,
2023,51,510247,Virginia,1,1,0,1,1,1,1,177,SPOTSYLVANIA (177),0,NOT APPLICABLE,30,30,4,April,2023,1,Sunday,23,11:00pm-11:59pm,5,5,1,This Section IS ON the NHS,1,Rural,1,Interstate,1,State Highway Agency,1,Interstate,I-95,,1171,1171,38.10739722,38.10739722,-77.518322220,-77.51832222,0,No Special Jurisdiction,8,Pedestrian,0,The First Harmful Event was Not a Collision with a Motor Vehicle in Transport,0,No,1,Non-Junction,1,Not an Intersection,0,None,,,1,On Roadway,2,Dark - Not Lighted,,,,,98,Not Reported,0,No,0000000,Not Applicable,99,Unknown,98,Unknown if Notified,99,Unknown EMS Scene Arrival Hour,98,Unknown if Arrived,88,"Not Applicable (Not Transported) ",88,Not Applicable (Not Transported),,,,,,,1,
2023,51,510248,Virginia,1,1,0,1,1,1,1,770,ROANOKE (CITY) (770),2100,ROANOKE,28,28,4,April,2023,6,Friday,23,11:00pm-11:59pm,47,47,0,This Section IS NOT on the NHS,2,Urban,4,Minor Arterial,4,City or Municipal Highway Agency,6,Municipal,MU-8023 BENNINGTON ST,,2,2,37.25336111,37.25336111,-79.915833330,-79.91583333,0,No Special Jurisdiction,8,Pedestrian,0,The First Harmful Event was Not a Collision with a Motor Vehicle in Transport,0,No,1,Non-Junction,1,Not an Intersection,0,None,,,1,On Roadway,2,Dark - Not Lighted,,,,,2,Rain,0,No,0000000,Not Applicable,99,Unknown,99,Unknown,99,Unknown EMS Scene Arrival Hour,99,Unknown EMS Scene Arrival Minutes,99,Unknown,99,Unknown EMS Hospital Arrival Time,,,,,,,1,
2023,51,510249,Virginia,3,3,0,0,0,8,8,67,FRANKLIN (67),0,NOT APPLICABLE,9,9,4,April,2023,1,Sunday,9,9:00am-9:59am,15,15,0,This Section IS NOT on the NHS,1,Rural,5,Major Collector,1,State Highway Agency,4,County,CR-634,,88,88,37.21931111,37.21931111,-79.798105560,-79.79810556,0,No Special Jurisdiction,12,Motor Vehicle In-Transport,8,Sideswipe - Opposite Direction,0,No,1,Non-Junction,1,Not an Intersection,0,None,,,1,On Roadway,1,Daylight,,,,,98,Not Reported,0,No,0000000,Not Applicable,99,Unknown,99,Unknown,99,Unknown EMS Scene Arrival Hour,99,Unknown EMS Scene Arrival Minutes,99,Unknown,99,Unknown EMS Hospital Arrival Time,,,,,,,1,
2023,51,510250,Virginia,1,1,0,1,1,1,1,153,PRINCE WILLIAM (153),0,NOT APPLICABLE,20,20,4,April,2023,5,Thursday,21,9:00pm-9:59pm,2,2,0,This Section IS NOT on the NHS,2,Urban,3,Other Principal Arterial,1,State Highway Agency,3,State Highway,SR-28/CENTREVILLE RD,,269,269,38.79603056,38.79603056,-77.447030560,-77.44703056,0,No Special Jurisdiction,8,Pedestrian,0,The First Harmful Event was Not a Collision with a Motor Vehicle in Transport,0,No,1,Non-Junction,1,Not an Intersection,0,None,,,1,On Roadway,3,Dark - Lighted,,,,,98,Not Reported,0,No,0000000,Not Applicable,99,Unknown,99,Unknown,99,Unknown EMS Scene Arrival Hour,99,Unknown EMS Scene Arrival Minutes,99,Unknown,99,Unknown EMS Hospital Arrival Time,,,,,,,1,
2023,51,510251,Virginia,1,1,0,0,0,1,1,149,PRINCE GEORGE (149),0,NOT APPLICABLE,15,15,4,April,2023,7,Saturday,0,0:00am-0:59am,30,30,1,This Section IS ON the NHS,1,Rural,1,Interstate,1,State Highway Agency,1,Interstate,I-95,,386,386,37.05097500,37.05097500,-77.381722220,-77.38172222,0,No Special Jurisdiction,42,Tree (Standing Only),0,The First Harmful Event was Not a Collision with a Motor Vehicle in Transport,0,No,1,Non-Junction,1,Not an Intersection,0,None,,,4,On Roadside,2,Dark - Not Lighted,,,,,98,Not Reported,0,No,0000000,Not Applicable,99,Unknown,98,Unknown if Notified,99,Unknown EMS Scene Arrival Hour,98,Unknown if Arrived,88,"Not Applicable (Not Transported) ",88,Not Applicable (Not Transported),,,,,,,1,
2023,51,510252,Virginia,1,1,0,1,1,1,1,650,HAMPTON (CITY) (650),1180,HAMPTON,23,23,4,April,2023,1,Sunday,21,9:00pm-9:59pm,8,8,9,Unknown if This Section Is on the NHS,9,Unknown,99,Unknown,99,Unknown,99,Unknown/Not Reported,COLISEUM DR,,7,7,37.04014167,37.04014167,-76.387469440,-76.38746944,0,No Special Jurisdiction,8,Pedestrian,0,The First Harmful Event was Not a Collision with a Motor Vehicle in Transport,0,No,1,Non-Junction,1,Not an Intersection,0,None,,,1,On Roadway,3,Dark - Lighted,,,,,98,Not Reported,0,No,0000000,Not Applicable,99,Unknown,99,Unknown,99,Unknown EMS Scene Arrival Hour,99,Unknown EMS Scene Arrival Minutes,99,Unknown,99,Unknown EMS Hospital Arrival Time,,,,,,,1,
2023,51,510253,Virginia,3,3,0,0,0,4,4,810,VIRGINIA BEACH (CITY) (810),2540,VIRGINIA BEACH,22,22,4,April,2023,7,Saturday,17,5:00pm-5:59pm,1,1,1,This Section IS ON the NHS,2,Urban,3,Other Principal Arterial,4,City or Municipal Highway Agency,2,U.S. Highway,US-58,LASKIN ROAD,5068,5068,36.84683056,36.84683056,-76.035922220,-76.03592222,0,No Special Jurisdiction,12,Motor Vehicle In-Transport,6,Angle,0,No,2,Intersection,4,Y-Intersection,0,None,,,1,On Roadway,1,Daylight,,,,,2,Rain,0,No,0000000,Not Applicable,99,Unknown,99,Unknown,99,Unknown EMS Scene Arrival Hour,99,Unknown EMS Scene Arrival Minutes,99,Unknown,99,Unknown EMS Hospital Arrival Time,,,,,,,1,
2023,51,510254,Virginia,2,2,0,0,0,3,3,153,PRINCE WILLIAM (153),0,NOT APPLICABLE,29,29,4,April,2023,7,Saturday,23,11:00pm-11:59pm,15,15,0,This Section IS NOT on the NHS,2,Urban,7,Local,1,State Highway Agency,4,County,CR-641,OLD BRIDGE RD,32,32,38.67905278,38.67905278,-77.283125000,-77.28312500,0,No Special Jurisdiction,12,Motor Vehicle In-Transport,1,Front-to-Rear,0,No,3,Intersection-Related,4,Y-Intersection,0,None,,,1,On Roadway,2,Dark - Not Lighted,,,,,98,Not Reported,0,No,0000000,Not Applicable,99,Unknown,99,Unknown,99,Unknown EMS Scene Arrival Hour,99,Unknown EMS Scene Arrival Minutes,99,Unknown,99,Unknown EMS Hospital Arrival Time,,,,,,,1,
2023,51,510255,Virginia,4,4,0,0,0,4,4,27,BUCHANAN (27),0,NOT APPLICABLE,11,11,4,April,2023,3,Tuesday,11,11:00am-11:59am,35,35,1,This Section IS ON the NHS,1,Rural,3,Other Principal Arterial,1,State Highway Agency,2,U.S. Highway,US-460,,84,84,37.30707500,37.30707500,-82.155175000,-82.15517500,0,No Special Jurisdiction,12,Motor Vehicle In-Transport,6,Angle,0,No,1,Non-Junction,1,Not an Intersection,0,None,,,1,On Roadway,1,Daylight,,,,,98,Not Reported,0,No,0000000,Not Applicable,99,Unknown,99,Unknown,99,Unknown EMS Scene Arrival Hour,99,Unknown EMS Scene Arrival Minutes,99,Unknown,99,Unknown EMS Hospital Arrival Time,,,,,,,1,
2023,51,510256,Virginia,1,1,0,3,3,2,2,1,ACCOMACK (1),0,NOT APPLICABLE,12,12,4,April,2023,4,Wednesday,18,6:00pm-6:59pm,28,28,0,This Section IS NOT on the NHS,1,Rural,5,Major Collector,1,State Highway Agency,4,County,CR-702,,60,60,37.90549167,37.90549167,-75.507880560,-75.50788056,0,No Special Jurisdiction,8,Pedestrian,0,The First Harmful Event was Not a Collision with a Motor Vehicle in Transport,0,No,1,Non-Junction,1,Not an Intersection,0,None,,,1,On Roadway,1,Daylight,,,,,98,Not Reported,0,No,0000000,Not Applicable,99,Unknown,99,Unknown,99,Unknown EMS Scene Arrival Hour,99,Unknown EMS Scene Arrival Minutes,99,Unknown,99,Unknown EMS Hospital Arrival Time,,,,,,,1,
2023,51,510257,Virginia,1,1,0,0,0,2,2,37,CHARLOTTE (37),0,NOT APPLICABLE,14,14,4,April,2023,6,Friday,19,7:00pm-7:59pm,50,50,0,This Section IS NOT on the NHS,1,Rural,5,Major Collector,1,State Highway Agency,3,State Highway,SR-47/ CRAFTONS GATE HWY,,290,290,36.88045278,36.88045278,-78.514213890,-78.51421389,0,No Special Jurisdiction,42,Tree (Standing Only),0,The First Harmful Event was Not a Collision with a Motor Vehicle in Transport,0,No,1,Non-Junction,1,Not an Intersection,0,None,,,4,On Roadside,2,Dark - Not Lighted,,,,,98,Not Reported,0,No,0000000,Not Applicable,99,Unknown,98,Unknown if Notified,99,Unknown EMS Scene Arrival Hour,98,Unknown if Arrived,88,"Not Applicable (Not Transported) ",88,Not Applicable (Not Transported),,,,,,,2,
2023,51,510258,Virginia,2,1,1,0,1,1,2,191,WASHINGTON (191),0,NOT APPLICABLE,23,23,4,April,2023,1,Sunday,12,12:00pm-12:59pm,39,39,1,This Section IS ON the NHS,1,Rural,1,Interstate,1,State Highway Agency,1,Interstate,I-81,,252,252,36.75838056,36.75838056,-81.853836110,-81.85383611,0,No Special Jurisdiction,14,Parked Motor Vehicle,0,The First Harmful Event was Not a Collision with a Motor Vehicle in Transport,0,No,1,Non-Junction,1,Not an Intersection,0,None,,,2,On Shoulder,1,Daylight,,,,,98,Not Reported,0,No,0000000,Not Applicable,99,Unknown,99,Unknown,99,Unknown EMS Scene Arrival Hour,99,Unknown EMS Scene Arrival Minutes,99,Unknown,99,Unknown EMS Hospital Arrival Time,,,,,,,1,
2023,51,510259,Virginia,2,2,0,0,0,2,2,53,DINWIDDIE (53),0,NOT APPLICABLE,26,26,4,April,2023,4,Wednesday,15,3:00pm-3:59pm,42,42,1,This Section IS ON the NHS,2,Urban,3,Other Principal Arterial,1,State Highway Agency,2,U.S. Highway,US-1,,666,666,37.20381111,37.20381111,-77.460711110,-77.46071111,0,No Special Jurisdiction,12,Motor Vehicle In-Transport,6,Angle,0,No,8,Driveway Access Related,1,Not an Intersection,0,None,,,1,On Roadway,1,Daylight,,,,,98,Not Reported,0,No,0000000,Not Applicable,99,Unknown,99,Unknown,99,Unknown EMS Scene Arrival Hour,99,Unknown EMS Scene Arrival Minutes,99,Unknown,99,Unknown EMS Hospital Arrival Time,,,,,,,1,
2023,51,510260,Virginia,1,1,0,0,0,1,1,77,GRAYSON (77),0,NOT APPLICABLE,28,28,4,April,2023,6,Friday,6,6:00am-6:59am,50,50,1,This Section IS ON the NHS,1,Rural,3,Other Principal Arterial,1,State Highway Agency,2,U.S. Highway,US-58,,1738,1738,36.61363056,36.61363056,-81.178925000,-81.17892500,0,No Special Jurisdiction,38,Fence,0,The First Harmful Event was Not a Collision with a Motor Vehicle in Transport,0,No,1,Non-Junction,1,Not an Intersection,0,None,,,4,On Roadside,4,Dawn,,,,,2,Rain,0,No,0000000,Not Applicable,99,Unknown,99,Unknown,99,Unknown EMS Scene Arrival Hour,99,Unknown EMS Scene Arrival Minutes,99,Unknown,99,Unknown EMS Hospital Arrival Time,,,,,,,1,
2023,51,510261,Virginia,1,1,0,1,1,1,1,770,ROANOKE (CITY) (770),2100,ROANOKE,4,4,4,April,2023,3,Tuesday,9,9:00am-9:59am,15,15,1,This Section IS ON the NHS,2,Urban,3,Other Principal Arterial,4,City or Municipal Highway Agency,2,U.S. Highway,US-11,,1479,1479,37.26136944,37.26136944,-79.998472220,-79.99847222,0,No Special Jurisdiction,8,Pedestrian,0,The First Harmful Event was Not a Collision with a Motor Vehicle in Transport,0,No,1,Non-Junction,1,Not an Intersection,0,None,,,1,On Roadway,1,Daylight,,,,,98,Not Reported,0,No,0000000,Not Applicable,99,Unknown,99,Unknown,99,Unknown EMS Scene Arrival Hour,99,Unknown EMS Scene Arrival Minutes,99,Unknown,99,Unknown EMS Hospital Arrival Time,,,,,,,1,
2023,51,510262,Virginia,1,1,0,0,0,2,2,550,CHESAPEAKE(CITY) (550),468,CHESAPEAKE,19,19,4,April,2023,4,Wednesday,20,8:00pm-8:59pm,29,29,9,Unknown if This Section Is on the NHS,2,Urban,7,Local,99,Unknown,99,Unknown/Not Reported,MILL CREEK PKWY,,99998,Not Reported,36.73916667,36.73916667,-76.347794440,-76.34779444,0,No Special Jurisdiction,30,Utility Pole/Light Support,0,The First Harmful Event was Not a Collision with a Motor Vehicle in Transport,0,No,1,Non-Junction,1,Not an Intersection,0,None,,,4,On Roadside,3,Dark - Lighted,,,,,98,Not Reported,0,No,0000000,Not Applicable,99,Unknown,99,Unknown,99,Unknown EMS Scene Arrival Hour,99,Unknown EMS Scene Arrival Minutes,99,Unknown,99,Unknown EMS Hospital Arrival Time,,,,,,,1,
2023,51,510263,Virginia,1,1,0,0,0,2,2,149,PRINCE GEORGE (149),0,NOT APPLICABLE,30,30,4,April,2023,1,Sunday,16,4:00pm-4:59pm,3,3,1,This Section IS ON the NHS,1,Rural,1,Interstate,1,State Highway Agency,1,Interstate,I-95,,454,454,37.14408333,37.14408333,-77.355655560,-77.35565556,0,No Special Jurisdiction,42,Tree (Standing Only),0,The First Harmful Event was Not a Collision with a Motor Vehicle in Transport,0,No,1,Non-Junction,1,Not an Intersection,0,None,,,4,On Roadside,1,Daylight,,,,,2,Rain,0,No,0000000,Not Applicable,99,Unknown,99,Unknown,99,Unknown EMS Scene Arrival Hour,99,Unknown EMS Scene Arrival Minutes,99,Unknown,99,Unknown EMS Hospital Arrival Time,,,,,,,1,
2023,51,510264,Virginia,2,2,0,0,0,3,3,59,FAIRFAX (59),0,NOT APPLICABLE,21,21,4,April,2023,6,Friday,1,1:00am-1:59am,10,10,1,This Section IS ON the NHS,2,Urban,3,Other Principal Arterial,1,State Highway Agency,2,U.S. Highway,US-50,,806,806,38.86769444,38.86769444,-77.144550000,-77.14455000,0,No Special Jurisdiction,12,Motor Vehicle In-Transport,6,Angle,0,No,1,Non-Junction,1,Not an Intersection,0,None,,,1,On Roadway,3,Dark - Lighted,,,,,98,Not Reported,0,No,0000000,Not Applicable,99,Unknown,99,Unknown,99,Unknown EMS Scene Arrival Hour,99,Unknown EMS Scene Arrival Minutes,99,Unknown,99,Unknown EMS Hospital Arrival Time,,,,,,,1,
2023,51,510266,Virginia,1,1,0,0,0,1,1,119,MIDDLESEX (119),0,NOT APPLICABLE,1,1,5,May,2023,2,Monday,23,11:00pm-11:59pm,56,56,0,This Section IS NOT on the NHS,1,Rural,4,Minor Arterial,1,State Highway Agency,3,State Highway,SR-33,,564,564,37.60621667,37.60621667,-76.556241670,-76.55624167,0,No Special Jurisdiction,34,Ditch,0,The First Harmful Event was Not a Collision with a Motor Vehicle in Transport,0,No,1,Non-Junction,1,Not an Intersection,0,None,,,4,On Roadside,2,Dark - Not Lighted,,,,,98,Not Reported,0,No,0000000,Not Applicable,99,Unknown,99,Unknown,99,Unknown EMS Scene Arrival Hour,99,Unknown EMS Scene Arrival Minutes,99,Unknown,99,Unknown EMS Hospital Arrival Time,,,,,,,1,
2023,51,510267,Virginia,2,2,0,0,0,2,2,79,GREENE (79),0,NOT APPLICABLE,4,4,5,May,2023,5,Thursday,11,11:00am-11:59am,10,10,0,This Section IS NOT on the NHS,2,Urban,5,Major Collector,1,State Highway Agency,4,County,CR-607,,30,30,38.20711667,38.20711667,-78.357947220,-78.35794722,0,No Special Jurisdiction,12,Motor Vehicle In-Transport,6,Angle,0,No,1,Non-Junction,1,Not an Intersection,0,None,,,4,On Roadside,1,Daylight,,,,,98,Not Reported,0,No,0000000,Not Applicable,99,Unknown,99,Unknown,99,Unknown EMS Scene Arrival Hour,99,Unknown EMS Scene Arrival Minutes,99,Unknown,99,Unknown EMS Hospital Arrival Time,,,,,,,1,
2023,51,510268,Virginia,2,2,0,1,1,2,2,760,RICHMOND (CITY) (760),2060,RICHMOND,4,4,5,May,2023,5,Thursday,18,6:00pm-6:59pm,39,39,1,This Section IS ON the NHS,2,Urban,3,Other Principal Arterial,4,City or Municipal Highway Agency,3,State Highway,SR-147,W MAIN STREET,25,25,37.54471389,37.54471389,-77.447016670,-77.44701667,0,No Special Jurisdiction,12,Motor Vehicle In-Transport,7,Sideswipe - Same Direction,0,No,2,Intersection,2,Four-Way Intersection,0,None,,,1,On Roadway,5,Dusk,,,,,98,Not Reported,0,No,0000000,Not Applicable,99,Unknown,98,Unknown if Notified,99,Unknown EMS Scene Arrival Hour,98,Unknown if Arrived,88,"Not Applicable (Not Transported) ",88,Not Applicable (Not Transported),,,,,,,1,
2023,51,510269,Virginia,1,1,0,0,0,2,2,77,GRAYSON (77),0,NOT APPLICABLE,4,4,5,May,2023,5,Thursday,14,2:00pm-2:59pm,50,50,0,This Section IS NOT on the NHS,1,Rural,4,Minor Arterial,1,State Highway Agency,3,State Highway,SR-895,,4,4,36.61331389,36.61331389,-80.921394440,-80.92139444,0,No Special Jurisdiction,42,Tree (Standing Only),0,The First Harmful Event was Not a Collision with a Motor Vehicle in Transport,0,No,8,Driveway Access Related,1,Not an Intersection,0,None,,,4,On Roadside,1,Daylight,,,,,98,Not Reported,0,No,0000000,Not Applicable,99,Unknown,99,Unknown,99,Unknown EMS Scene Arrival Hour,99,Unknown EMS Scene Arrival Minutes,99,Unknown,99,Unknown EMS Hospital Arrival Time,,,,,,,2,