caseyear,state,st_case,statename,ve_total,ve_forms,pvh_invl,peds,pernotmvit,permvit,persons,county,countyname,city,cityname,day,dayname,month,monthname,year,day_week,day_weekname,hour,hourname,minute,minutename,nhs,nhsname,rur_urb,rur_urbname,func_sys,func_sysname,rd_owner,rd_ownername,route,routename,tway_id,tway_id2,milept,mileptname,latitude,latitudename,longitud,longitudname,sp_jur,sp_jurname,harm_ev,harm_evname,man_coll,man_collname,reljct1,reljct1name,reljct2,reljct2name,typ_int,typ_intname,wrk_zone,wrk_zonename,road_fnc,road_fncname,rel_road,rel_roadname,lgt_cond,lgt_condname,weather1,weather1name,weather2,weather2name,weather,weathername,sch_bus,sch_busname,rail,railname,not_hour,not_hourname,not_min,not_minname,arr_hour,arr_hourname,arr_min,arr_minname,hosp_hr,hosp_hrname,hosp_mn,hosp_mnname,cf1,cf1name,cf2,cf2name,cf3,cf3name,fatals,drunk_dr
2023,51,510665,Virginia,1,1,0,1,1,1,1,67,FRANKLIN (67),0,NOT APPLICABLE,23,23,9,September,2023,7,Saturday,14,2:00pm-2:59pm,30,30,0,This Section IS NOT on the NHS,1,Rural,5,Major Collector,1,State Highway Agency,4,County,CR-890,,28,28,36.82442500,36.82442500,-79.794744440,-79.79474444,0,No Special Jurisdiction,8,Pedestrian,0,The First Harmful Event was Not a Collision with a Motor Vehicle in Transport,0,No,1,Non-Junction,1,Not an Intersection,0,None,,,1,On Roadway,1,Daylight,,,,,2,Rain,0,No,0000000,Not Applicable,99,Unknown,99,Unknown,99,Unknown EMS Scene Arrival Hour,99,Unknown EMS Scene Arrival Minutes,99,Unknown,99,Unknown EMS Hospital Arrival Time,,,,,,,1,
2023,51,510666,Virginia,1,1,0,0,0,1,1,177,SPOTSYLVANIA (177),0,NOT APPLICABLE,25,25,9,September,2023,2,Monday,19,7:00pm-7:59pm,20,20,0,This Section IS NOT on the NHS,1,Rural,7,Local,1,State Highway Agency,4,County,CR-624,,13,13,38.24895278,38.24895278,-77.639977780,-77.63997778,0,No Special Jurisdiction,42,Tree (Standing Only),0,The First Harmful Event was Not a Collision with a Motor Vehicle in Transport,0,No,1,Non-Junction,1,Not an Intersection,0,None,,,4,On Roadside,2,Dark - Not Lighted,,,,,98,Not Reported,0,No,0000000,Not Applicable,99,Unknown,98,Unknown if Notified,99,Unknown EMS Scene Arrival Hour,98,Unknown if Arrived,88,"Not Applicable (Not Transported) ",88,Not Applicable (Not Transported),,,,,,,1,
2023,51,510667,Virginia,1,1,0,0,0,1,1,53,DINWIDDIE (53),9898,Not Reported,27,27,9,September,2023,4,Wednesday,18,6:00pm-6:59pm,12,12,1,This Section IS ON the NHS,1,Rural,3,Other Principal Arterial,1,State Highway Agency,2,U.S. Highway,US-460,,2982,2982,37.14524722,37.14524722,-77.740013890,-77.74001389,0,No Special Jurisdiction,42,Tree (Standing Only),0,The First Harmful Event was Not a Collision with a Motor Vehicle in Transport,0,No,1,Non-Junction,1,Not an Intersection,0,None,,,4,On Roadside,5,Dusk,,,,,98,Not Reported,0,No,0000000,Not Applicable,99,Unknown,98,Unknown if Notified,99,Unknown EMS Scene Arrival Hour,98,Unknown if Arrived,88,"Not Applicable (Not Transported) ",88,Not Applicable (Not Transported),,,,,,,1,
2023,51,510669,Virginia,2,2,0,0,0,2,2,99,KING GEORGE (99),0,NOT APPLICABLE,8,8,9,September,2023,6,Friday,8,8:00am-8:59am,30,30,0,This Section IS NOT on the NHS,1,Rural,7,Local,1,State Highway Agency,4,County,CR-603,,8,8,38.27346389,38.27346389,-77.329925000,-77.32992500,0,No Special Jurisdiction,12,Motor Vehicle In-Transport,2,Front-to-Front,0,No,1,Non-Junction,1,Not an Intersection,0,None,,,2,On Shoulder,1,Daylight,,,,,98,Not Reported,0,No,0000000,Not Applicable,99,Unknown,99,Unknown,99,Unknown EMS Scene Arrival Hour,99,Unknown EMS Scene Arrival Minutes,99,Unknown,99,Unknown EMS Hospital Arrival Time,,,,,,,1,
2023,51,510670,Virginia,1,1,0,0,0,1,1,137,ORANGE (137),0,NOT APPLICABLE,16,16,9,September,2023,7,Saturday,13,1:00pm-1:59pm,38,38,0,This Section IS NOT on the NHS,1,Rural,5,Major Collector,1,State Highway Agency,4,County,CR-0615,,22,22,38.27446667,38.27446667,-78.071063890,-78.07106389,0,No Special Jurisdiction,42,Tree (Standing Only),0,The First Harmful Event was Not a Collision with a Motor Vehicle in Transport,0,No,1,Non-Junction,1,Not an Intersection,0,None,,,4,On Roadside,1,Daylight,,,,,98,Not Reported,0,No,0000000,Not Applicable,99,Unknown,99,Unknown,99,Unknown EMS Scene Arrival Hour,99,Unknown EMS Scene Arrival Minutes,99,Unknown,99,Unknown EMS Hospital Arrival Time,,,,,,,1,
2023,51,510671,Virginia,1,1,0,0,0,2,2,127,NEW KENT (127),0,NOT APPLICABLE,1,1,10,October,2023,1,Sunday,0,0:00am-0:59am,10,10,0,This Section IS NOT on the NHS,1,Rural,4,Minor Arterial,1,State Highway Agency,3,State Highway,SR-249/NEW KENT HWY,,150,150,37.50162778,37.50162778,-76.940425000,-76.94042500,0,No Special Jurisdiction,1,Rollover/Overturn,0,The First Harmful Event was Not a Collision with a Motor Vehicle in Transport,0,No,1,Non-Junction,1,Not an Intersection,0,None,,,4,On Roadside,2,Dark - Not Lighted,,,,,98,Not Reported,0,No,0000000,Not Applicable,99,Unknown,98,Unknown if Notified,99,Unknown EMS Scene Arrival Hour,98,Unknown if Arrived,88,"Not Applicable (Not Transported) ",88,Not Applicable (Not Transported),,,,,,,2,
2023,51,510672,Virginia,2,2,0,0,0,2,2,199,YORK (199),0,NOT APPLICABLE,1,1,10,October,2023,1,Sunday,12,12:00pm-12:59pm,22,22,1,This Section IS ON the NHS,2,Urban,1,Interstate,1,State Highway Agency,1,Interstate,I-64,,2412,2412,37.27439444,37.27439444,-76.659519440,-76.65951944,0,No Special Jurisdiction,54,"Motor Vehicle In-Transport Strikes or is Struck by Cargo, Persons or Objects Set-in-Motion from/by Another Motor Vehicle In Transport",11,"Other ",0,No,1,Non-Junction,1,Not an Intersection,0,None,,,1,On Roadway,1,Daylight,,,,,98,Not Reported,0,No,0000000,Not Applicable,99,Unknown,98,Unknown if Notified,99,Unknown EMS Scene Arrival Hour,98,Unknown if Arrived,88,"Not Applicable (Not Transported) ",88,Not Applicable (Not Transported),,,,,,,1,
2023,51,510673,Virginia,2,2,0,0,0,2,2,87,HENRICO (87),0,NOT APPLICABLE,2,2,10,October,2023,2,Monday,16,4:00pm-4:59pm,38,38,1,This Section IS ON the NHS,2,Urban,1,Interstate,1,State Highway Agency,1,Interstate,I-295,,11,11,37.65649722,37.65649722,-77.447497220,-77.44749722,0,No Special Jurisdiction,12,Motor Vehicle In-Transport,7,Sideswipe - Same Direction,0,No,1,Non-Junction,1,Not an Intersection,0,None,,,1,On Roadway,1,Daylight,,,,,98,Not Reported,0,No,0000000,Not Applicable,99,Unknown,98,Unknown if Notified,99,Unknown EMS Scene Arrival Hour,98,Unknown if Arrived,88,"Not Applicable (Not Transported) ",88,Not Applicable (Not Transported),,,,,,,1,
2023,51,510674,Virginia,2,2,0,0,0,3,3,161,ROANOKE (161),0,NOT APPLICABLE,3,3,10,October,2023,3,Tuesday,6,6:00am-6:59am,58,58,0,This Section IS NOT on the NHS,2,Urban,4,Minor Arterial,1,State Highway Agency,2,U.S. Highway,US-11,WEST RIVER RD,1352,1352,37.24624167,37.24624167,-80.176141670,-80.17614167,0,No Special Jurisdiction,12,Motor Vehicle In-Transport,6,Angle,0,No,2,Intersection,3,T-Intersection,0,None,,,1,On Roadway,6,Dark - Unknown Lighting,,,,,98,Not Reported,0,No,0000000,Not Applicable,99,Unknown,99,Unknown,99,Unknown EMS Scene Arrival Hour,99,Unknown EMS Scene Arrival Minutes,99,Unknown,99,Unknown EMS Hospital Arrival Time,,,,,,,2,
2023,51,510675,Virginia,2,2,0,0,0,2,2,177,SPOTSYLVANIA (177),0,NOT APPLICABLE,4,4,10,October,2023,4,Wednesday,10,10:00am-10:59am,44,44,0,This Section IS NOT on the NHS,1,Rural,4,Minor Arterial,1,State Highway Agency,3,State Highway,SR-208/COURTHOUSE RD,,334,334,38.15225556,38.15225556,-77.687194440,-77.68719444,0,No Special Jurisdiction,12,Motor Vehicle In-Transport,6,Angle,0,No,1,Non-Junction,1,Not an Intersection,0,None,,,1,On Roadway,1,Daylight,,,,,98,Not Reported,0,No,0000000,Not Applicable,99,Unknown,99,Unknown,99,Unknown EMS Scene Arrival Hour,99,Unknown EMS Scene Arrival Minutes,99,Unknown,99,Unknown EMS Hospital Arrival Time,,,,,,,1,
2023,51,510676,Virginia,1,1,0,1,1,1,1,550,CHESAPEAKE(CITY) (550),468,CHESAPEAKE,3,3,10,October,2023,3,Tuesday,16,4:00pm-4:59pm,15,15,0,This Section IS NOT on the NHS,1,Rural,4,Minor Arterial,4,City or Municipal Highway Agency,3,State Highway,SR-168/BATTERFIELD BLVD,,64,64,36.66180278,36.66180278,-76.225047220,-76.22504722,0,No Special Jurisdiction,8,Pedestrian,0,The First Harmful Event was Not a Collision with a Motor Vehicle in Transport,0,No,1,Non-Junction,1,Not an Intersection,0,None,,,1,On Roadway,1,Daylight,,,,,98,Not Reported,0,No,0000000,Not Applicable,99,Unknown,99,Unknown,99,Unknown EMS Scene Arrival Hour,99,Unknown EMS Scene Arrival Minutes,99,Unknown,99,Unknown EMS Hospital Arrival Time,,,,,,,1,
2023,51,510677,Virginia,2,2,0,0,0,2,2,83,HALIFAX (83),0,NOT APPLICABLE,5,5,10,October,2023,5,Thursday,14,2:00pm-2:59pm,41,41,1,This Section IS ON the NHS,2,Urban,3,Other Principal Arterial,1,State Highway Agency,2,U.S. Highway,US-58,RT-501,3286,3286,36.68739444,36.68739444,-78.899980560,-78.89998056,0,No Special Jurisdiction,12,Motor Vehicle In-Transport,6,Angle,0,No,2,Intersection,2,Four-Way Intersection,0,None,,,1,On Roadway,1,Daylight,,,,,98,Not Reported,0,No,0000000,Not Applicable,99,Unknown,99,Unknown,99,Unknown EMS Scene Arrival Hour,99,Unknown EMS Scene Arrival Minutes,99,Unknown,99,Unknown EMS Hospital Arrival Time,,,,,,,1,
2023,51,510678,Virginia,1,1,0,0,0,1,1,810,VIRGINIA BEACH (CITY) (810),2540,VIRGINIA BEACH,4,4,10,October,2023,4,Wednesday,10,10:00am-10:59am,18,18,1,This Section IS ON the NHS,2,Urban,3,Other Principal Arterial,4,City or Municipal Highway Agency,2,U.S. Highway,US-58,,5026,5026,36.84194167,36.84194167,-76.113361110,-76.11336111,0,No Special Jurisdiction,19,Building,0,The First Harmful Event was Not a Collision with a Motor Vehicle in Transport,0,No,1,Non-Junction,1,Not an Intersection,0,None,,,4,On Roadside,1,Daylight,,,,,98,Not Reported,0,No,0000000,Not Applicable,99,Unknown,99,Unknown,99,Unknown EMS Scene Arrival Hour,99,Unknown EMS Scene Arrival Minutes,99,Unknown,99,Unknown EMS Hospital Arrival Time,,,,,,,1,
2023,51,510679,Virginia,5,5,0,0,0,7,7,47,CULPEPER (47),0,NOT APPLICABLE,4,4,10,October,2023,4,Wednesday,18,6:00pm-6:59pm,7,7,1,This Section IS ON the NHS,1,Rural,3,Other Principal Arterial,1,State Highway Agency,2,U.S. Highway,US-211,LEE HIGHWAY,510,510,38.67802500,38.67802500,-77.916911110,-77.91691111,0,No Special Jurisdiction,12,Motor Vehicle In-Transport,1,Front-to-Rear,0,No,3,Intersection-Related,2,Four-Way Intersection,0,None,,,1,On Roadway,1,Daylight,,,,,98,Not Reported,0,No,0000000,Not Applicable,99,Unknown,99,Unknown,99,Unknown EMS Scene Arrival Hour,99,Unknown EMS Scene Arrival Minutes,99,Unknown,99,Unknown EMS Hospital Arrival Time,,,,,,,1,
2023,51,510680,Virginia,1,1,0,0,0,1,1,143,PITTSYLVANIA (143),0,NOT APPLICABLE,6,6,10,October,2023,6,Friday,23,11:00pm-11:59pm,40,40,0,This Section IS NOT on the NHS,1,Rural,5,Major Collector,1,State Highway Agency,4,County,CR-0685,,75,75,36.88700000,36.88700000,-79.301780560,-79.30178056,0,No Special Jurisdiction,30,Utility Pole/Light Support,0,The First Harmful Event was Not a Collision with a Motor Vehicle in Transport,0,No,1,Non-Junction,1,Not an Intersection,0,None,,,4,On Roadside,2,Dark - Not Lighted,,,,,98,Not Reported,0,No,0000000,Not Applicable,99,Unknown,98,Unknown if Notified,99,Unknown EMS Scene Arrival Hour,98,Unknown if Arrived,88,"Not Applicable (Not Transported) ",88,Not Applicable (Not Transported),,,,,,,1,
2023,51,510681,Virginia,1,1,0,1,1,1,1,59,FAIRFAX (59),0,NOT APPLICABLE,6,6,10,October,2023,6,Friday,22,10:00pm-10:59pm,10,10,1,This Section IS ON the NHS,2,Urban,3,Other Principal Arterial,1,State Highway Agency,2,U.S. Highway,US-1,,1858,1858,38.72887778,38.72887778,-77.108347220,-77.10834722,0,No Special Jurisdiction,8,Pedestrian,0,The First Harmful Event was Not a Collision with a Motor Vehicle in Transport,0,No,1,Non-Junction,1,Not an Intersection,0,None,,,11,Continuous Left - Turn Lane,3,Dark - Lighted,,,,,98,Not Reported,0,No,0000000,Not Applicable,99,Unknown,99,Unknown,99,Unknown EMS Scene Arrival Hour,99,Unknown EMS Scene Arrival Minutes,99,Unknown,99,Unknown EMS Hospital Arrival Time,,,,,,,1,
2023,51,510682,Virginia,3,3,0,0,0,4,4,730,PETERSBURG (CITY) (730),1910,PETERSBURG,6,6,10,October,2023,6,Friday,19,7:00pm-7:59pm,14,14,1,This Section IS ON the NHS,2,Urban,3,Other Principal Arterial,4,City or Municipal Highway Agency,2,U.S. Highway,US-460,COUNTY DRIVE,3234,3234,37.20001944,37.20001944,-77.334102780,-77.33410278,0,No Special Jurisdiction,12,Motor Vehicle In-Transport,6,Angle,1,Yes,2,Intersection,2,Four-Way Intersection,0,None,,,1,On Roadway,2,Dark - Not Lighted,,,,,98,Not Reported,0,No,0000000,Not Applicable,99,Unknown,99,Unknown,99,Unknown EMS Scene Arrival Hour,99,Unknown EMS Scene Arrival Minutes,99,Unknown,99,Unknown EMS Hospital Arrival Time,,,,,,,1,
2023,51,510683,Virginia,1,1,0,0,0,2,2,113,MADISON (113),0,NOT APPLICABLE,6,6,10,October,2023,6,Friday,21,9:00pm-9:59pm,47,47,0,This Section IS NOT on the NHS,1,Rural,4,Minor Arterial,1,State Highway Agency,6,Municipal,MU-56 ORANGE RD,ORANGE RD,0,None,38.35330278,38.35330278,-78.279605560,-78.27960556,0,No Special Jurisdiction,59,"Traffic Sign Support ",0,The First Harmful Event was Not a Collision with a Motor Vehicle in Transport,0,No,3,Intersection-Related,3,T-Intersection,0,None,,,4,On Roadside,2,Dark - Not Lighted,,,,,98,Not Reported,0,No,0000000,Not Applicable,99,Unknown,98,Unknown if Notified,99,Unknown EMS Scene Arrival Hour,98,Unknown if Arrived,88,"Not Applicable (Not Transported) ",88,Not Applicable (Not Transported),,,,,,,1,
2023,51,510684,Virginia,2,2,0,0,0,3,3,31,CAMPBELL (31),0,NOT APPLICABLE,7,7,10,October,2023,7,Saturday,16,4:00pm-4:59pm,31,31,1,This Section IS ON the NHS,2,Urban,3,Other Principal Arterial,1,State Highway Agency,2,U.S. Highway,US-460,FAIRFIELDS DR,8,8,37.31802222,37.31802222,-79.260144440,-79.26014444,0,No Special Jurisdiction,12,Motor Vehicle In-Transport,6,Angle,0,No,2,Intersection,2,Four-Way Intersection,0,None,,,1,On Roadway,1,Daylight,,,,,98,Not Reported,0,No,0000000,Not Applicable,99,Unknown,99,Unknown,99,Unknown EMS Scene Arrival Hour,99,Unknown EMS Scene Arrival Minutes,99,Unknown,99,Unknown EMS Hospital Arrival Time,,,,,,,1,
2023,51,510685,Virginia,2,2,0,0,0,2,2,107,LOUDOUN (107),0,NOT APPLICABLE,7,7,10,October,2023,7,Saturday,15,3:00pm-3:59pm,26,26,0,This Section IS NOT on the NHS,1,Rural,5,Major Collector,1,State Highway Agency,4,County,CR-704,DUNLOP MILL RD,8,8,39.08486389,39.08486389,-77.617108330,-77.61710833,0,No Special Jurisdiction,12,Motor Vehicle In-Transport,6,Angle,0,No,2,Intersection,3,T-Intersection,0,None,,,1,On Roadway,1,Daylight,,,,,98,Not Reported,0,No,0000000,Not Applicable,99,Unknown,99,Unknown,99,Unknown EMS Scene Arrival Hour,99,Unknown EMS Scene Arrival Minutes,99,Unknown,99,Unknown EMS Hospital Arrival Time,,,,,,,1,
2023,51,510686,Virginia,2,1,1,1,1,1,1,650,HAMPTON (CITY) (650),1180,HAMPTON,8,8,10,October,2023,1,Sunday,1,1:00am-1:59am,14,14,1,This Section IS ON the NHS,2,Urban,1,Interstate,1,State Highway Agency,1,Interstate,I-64,,2610,2610,37.06660833,37.06660833,-76.429111110,-76.42911111,0,No Special Jurisdiction,14,Parked Motor Vehicle,0,The First Harmful Event was Not a Collision with a Motor Vehicle in Transport,0,No,1,Non-Junction,1,Not an Intersection,0,None,,,2,On Shoulder,3,Dark - Lighted,,,,,98,Not Reported,0,No,0000000,Not Applicable,99,Unknown,98,Unknown if Notified,99,Unknown EMS Scene Arrival Hour,98,Unknown if Arrived,88,"Not Applicable (Not Transported) ",88,Not Applicable (Not Transported),,,,,,,1,
2023,51,510687,Virginia,1,1,0,2,2,2,2,67,FRANKLIN (67),0,NOT APPLICABLE,9,9,10,October,2023,2,Monday,19,7:00pm-7:59pm,37,37,1,This Section IS ON the NHS,1,Rural,3,Other Principal Arterial,1,State Highway Agency,2,U.S. Highway,US-220,,357,357,36.94859167,36.94859167,-79.881627780,-79.88162778,0,No Special Jurisdiction,35,Embankment,0,The First Harmful Event was Not a Collision with a Motor Vehicle in Transport,0,No,1,Non-Junction,1,Not an Intersection,0,None,,,3,On Median,2,Dark - Not Lighted,,,,,2,Rain,0,No,0000000,Not Applicable,99,Unknown,99,Unknown,99,Unknown EMS Scene Arrival Hour,99,Unknown EMS Scene Arrival Minutes,99,Unknown,99,Unknown EMS Hospital Arrival Time,,,,,,,2,
2023,51,510688,Virginia,2,1,1,0,0,2,2,660,HARRISONBURG (CITY) (660),1190,HARRISONBURG,8,8,10,October,2023,1,Sunday,8,8:00am-8:59am,35,35,0,This Section IS NOT on the NHS,2,Urban,5,Major Collector,4,City or Municipal Highway Agency,6,Municipal,MU-4107 CHICAGO AVE,,41,41,38.46395278,38.46395278,-78.876502780,-78.87650278,0,No Special Jurisdiction,34,Ditch,0,The First Harmful Event was Not a Collision with a Motor Vehicle in Transport,0,No,1,Non-Junction,1,Not an Intersection,0,None,,,4,On Roadside,1,Daylight,,,,,98,Not Reported,0,No,0000000,Not Applicable,99,Unknown,99,Unknown,99,Unknown EMS Scene Arrival Hour,99,Unknown EMS Scene Arrival Minutes,99,Unknown,99,Unknown EMS Hospital Arrival Time,,,,,,,1,
2023,51,510689,Virginia,2,2,0,0,0,2,2,15,AUGUSTA (15),0,NOT APPLICABLE,10,10,10,October,2023,3,Tuesday,8,8:00am-8:59am,33,33,0,This Section IS NOT on the NHS,1,Rural,4,Minor Arterial,1,State Highway Agency,4,County,CR-608,RAMSEY RD,195,195,38.07637778,38.07637778,-79.000113890,-79.00011389,0,No Special Jurisdiction,12,Motor Vehicle In-Transport,6,Angle,0,No,2,Intersection,2,Four-Way Intersection,0,None,,,1,On Roadway,1,Daylight,,,,,98,Not Reported,0,No,0000000,Not Applicable,99,Unknown,99,Unknown,99,Unknown EMS Scene Arrival Hour,99,Unknown EMS Scene Arrival Minutes,99,Unknown,99,Unknown EMS Hospital Arrival Time,,,,,,,1,
2023,51,510690,Virginia,1,1,0,0,0,1,1,179,STAFFORD (179),0,NOT APPLICABLE,11,11,10,October,2023,4,Wednesday,4,4:00am-4:59am,50,50,1,This Section IS ON the NHS,2,Urban,1,Interstate,1,State Highway Agency,1,Interstate,I-95,,1468,1468,38.50150833,38.50150833,-77.379569440,-77.37956944,0,No Special Jurisdiction,34,Ditch,0,The First Harmful Event was Not a Collision with a Motor Vehicle in Transport,0,No,1,Non-Junction,1,Not an Intersection,0,None,,,4,On Roadside,2,Dark - Not Lighted,,,,,98,Not Reported,0,No,0000000,Not Applicable,99,Unknown,99,Unknown,99,Unknown EMS Scene Arrival Hour,99,Unknown EMS Scene Arrival Minutes,99,Unknown,99,Unknown EMS Hospital Arrival Time,,,,,,,1,
2023,51,510691,Virginia,2,2,0,0,0,3,3,650,HAMPTON (CITY) (650),1180,HAMPTON,11,11,10,October,2023,4,Wednesday,15,3:00pm-3:59pm,41,41,0,This Section IS NOT on the NHS,2,Urban,5,Major Collector,4,City or Municipal Highway Agency,3,State Highway,SR-351/W PEMBROKE AVE,ABERDEEN RD,18,18,37.00139167,37.00139167,-76.402636110,-76.40263611,0,No Special Jurisdiction,12,Motor Vehicle In-Transport,6,Angle,0,No,2,Intersection,2,Four-Way Intersection,0,None,,,1,On Roadway,1,Daylight,,,,,98,Not Reported,0,No,0000000,Not Applicable,99,Unknown,98,Unknown if Notified,99,Unknown EMS Scene Arrival Hour,98,Unknown if Arrived,88,"Not Applicable (Not Transported) ",88,Not Applicable (Not Transported),,,,,,,2,
2023,51,510692,Virginia,1,1,0,1,1,1,1,191,WASHINGTON (191),1070,GLADE SPRING,12,12,10,October,2023,5,Thursday,19,7:00pm-7:59pm,45,45,0,This Section IS NOT on the NHS,1,Rural,5,Major Collector,1,State Highway Agency,3,State Highway,SR-91/MONTE VISTA DR,,166,166,36.79073889,36.79073889,-81.764991670,-81.76499167,0,No Special Jurisdiction,8,Pedestrian,0,The First Harmful Event was Not a Collision with a Motor Vehicle in Transport,0,No,1,Non-Junction,1,Not an Intersection,0,None,,,1,On Roadway,2,Dark - Not Lighted,,,,,98,Not Reported,0,No,0000000,Not Applicable,99,Unknown,98,Unknown if Notified,99,Unknown EMS Scene Arrival Hour,98,Unknown if Arrived,88,"Not Applicable (Not Transported) ",88,Not Applicable (Not Transported),,,,,,,1,
2023,51,510693,Virginia,1,1,0,1,1,1,1,810,VIRGINIA BEACH (CITY) (810),2540,VIRGINIA BEACH,9,9,10,October,2023,2,Monday,20,8:00pm-8:59pm,22,22,0,This Section IS NOT on the NHS,2,Urban,4,Minor Arterial,4,City or Municipal Highway Agency,6,Municipal,MU-8717 LYNNHAVEN PKWY,WOODBRIDGE TRAIL,50,50,36.79504444,36.79504444,-76.117122220,-76.11712222,0,No Special Jurisdiction,8,Pedestrian,0,The First Harmful Event was Not a Collision with a Motor Vehicle in Transport,0,No,3,Intersection-Related,2,Four-Way Intersection,0,None,,,1,On Roadway,3,Dark - Lighted,,,,,98,Not Reported,0,No,0000000,Not Applicable,99,Unknown,99,Unknown,99,Unknown EMS Scene Arrival Hour,99,Unknown EMS Scene Arrival Minutes,99,Unknown,99,Unknown EMS Hospital Arrival Time,,,,,,,1,
2023,51,510694,Virginia,2,1,1,1,2,1,2,163,ROCKBRIDGE (163),0,NOT APPLICABLE,14,14,10,October,2023,7,Saturday,17,5:00pm-5:59pm,0,0,1,This Section IS ON the NHS,1,Rural,1,Interstate,1,State Highway Agency,1,Interstate,I-81,,2033,2033,37.91011389,37.91011389,-79.258227780,-79.25822778,0,No Special Jurisdiction,14,Parked Motor Vehicle,0,The First Harmful Event was Not a Collision with a Motor Vehicle in Transport,0,No,1,Non-Junction,1,Not an Intersection,0,None,,,2,On Shoulder,1,Daylight,,,,,98,Not Reported,0,No,0000000,Not Applicable,99,Unknown,99,Unknown,99,Unknown EMS Scene Arrival Hour,99,Unknown EMS Scene Arrival Minutes,99,Unknown,99,Unknown EMS Hospital Arrival Time,,,,,,,1,
2023,51,510695,Virginia,1,1,0,1,1,1,1,199,YORK (199),0,NOT APPLICABLE,13,13,10,October,2023,6,Friday,19,7:00pm-7:59pm,45,45,1,This Section IS ON the NHS,2,Urban,3,Other Principal Arterial,1,State Highway Agency,2,U.S. Highway,US-60,,2430,2430,37.24905833,37.24905833,-76.660236110,-76.66023611,0,No Special Jurisdiction,8,Pedestrian,0,The First Harmful Event was Not a Collision with a Motor Vehicle in Transport,0,No,1,Non-Junction,1,Not an Intersection,0,None,,,1,On Roadway,2,Dark - Not Lighted,,,,,98,Not Reported,0,No,0000000,Not Applicable,99,Unknown,98,Unknown if Notified,99,Unknown EMS Scene Arrival Hour,98,Unknown if Arrived,88,"Not Applicable (Not Transported) ",88,Not Applicable (Not Transported),,,,,,,1,
2023,51,510696,Virginia,1,1,0,0,0,1,1,87,HENRICO (87),0,NOT APPLICABLE,11,11,10,October,2023,4,Wednesday,23,11:00pm-11:59pm,27,27,1,This Section IS ON the NHS,2,Urban,1,Interstate,1,State Highway Agency,1,Interstate,I-295/RAMP,,497,497,37.67788333,37.67788333,-77.559447220,-77.55944722,0,No Special Jurisdiction,42,Tree (Standing Only),0,The First Harmful Event was Not a Collision with a Motor Vehicle in Transport,1,Yes,5,Entrance/Exit Ramp Related,1,Not an Intersection,0,None,,,4,On Roadside,2,Dark - Not Lighted,,,,,98,Not Reported,0,No,0000000,Not Applicable,99,Unknown,98,Unknown if Notified,99,Unknown EMS Scene Arrival Hour,98,Unknown if Arrived,88,"Not Applicable (Not Transported) ",88,Not Applicable (Not Transported),,,,,,,1,
2023,51,510697,Virginia,2,2,0,0,0,2,2,89,HENRY (89),0,NOT APPLICABLE,2,2,10,October,2023,2,Monday,23,11:00pm-11:59pm,30,30,1,This Section IS ON the NHS,2,Urban,3,Other Principal Arterial,1,State Highway Agency,2,U.S. Highway,US-220,,13,13,36.63906944,36.63906944,-79.860241670,-79.86024167,0,No Special Jurisdiction,12,Motor Vehicle In-Transport,2,Front-to-Front,0,No,1,Non-Junction,1,Not an Intersection,0,None,,,1,On Roadway,6,Dark - Unknown Lighting,,,,,98,Not Reported,0,No,0000000,Not Applicable,99,Unknown,99,Unknown,99,Unknown EMS Scene Arrival Hour,99,Unknown EMS Scene Arrival Minutes,99,Unknown,99,Unknown EMS Hospital Arrival Time,,,,,,,1,
2023,51,510698,Virginia,1,1,0,0,0,1,1,153,PRINCE WILLIAM (153),0,NOT APPLICABLE,15,15,10,October,2023,1,Sunday,16,4:00pm-4:59pm,58,58,0,This Section IS NOT on the NHS,2,Urban,5,Major Collector,1,State Highway Agency,4,County,CR-0668,,4,4,38.71252500,38.71252500,-77.444050000,-77.44405000,0,No Special Jurisdiction,42,Tree (Standing Only),0,The First Harmful Event was Not a Collision with a Motor Vehicle in Transport,0,No,1,Non-Junction,1,Not an Intersection,0,None,,,4,On Roadside,5,Dusk,,,,,98,Not Reported,0,No,0000000,Not Applicable,99,Unknown,98,Unknown if Notified,99,Unknown EMS Scene Arrival Hour,98,Unknown if Arrived,88,"Not Applicable (Not Transported) ",88,Not Applicable (Not Transported),,,,,,,1,
2023,51,510699,Virginia,2,2,0,0,0,3,3,3,ALBEMARLE (3),0,NOT APPLICABLE,14,14,10,October,2023,7,Saturday,21,9:00pm-9:59pm,16,16,0,This Section IS NOT on the NHS,1,Rural,4,Minor Arterial,1,State Highway Agency,2,U.S. Highway,US-250,,793,793,38.03592500,38.03592500,-78.758238890,-78.75823889,0,No Special Jurisdiction,12,Motor Vehicle In-Transport,2,Front-to-Front,0,No,1,Non-Junction,1,Not an Intersection,0,None,,,1,On Roadway,2,Dark - Not Lighted,,,,,98,Not Reported,0,No,0000000,Not Applicable,99,Unknown,99,Unknown,99,Unknown EMS Scene Arrival Hour,99,Unknown EMS Scene Arrival Minutes,99,Unknown,99,Unknown EMS Hospital Arrival Time,,,,,,,1,