caseyear,state,st_case,statename,ve_total,ve_forms,pvh_invl,peds,pernotmvit,permvit,persons,county,countyname,city,cityname,day,dayname,month,monthname,year,day_week,day_weekname,hour,hourname,minute,minutename,nhs,nhsname,rur_urb,rur_urbname,func_sys,func_sysname,rd_owner,rd_ownername,route,routename,tway_id,tway_id2,milept,mileptname,latitude,latitudename,longitud,longitudname,sp_jur,sp_jurname,harm_ev,harm_evname,man_coll,man_collname,reljct1,reljct1name,reljct2,reljct2name,typ_int,typ_intname,wrk_zone,wrk_zonename,road_fnc,road_fncname,rel_road,rel_roadname,lgt_cond,lgt_condname,weather1,weather1name,weather2,weather2name,weather,weathername,sch_bus,sch_busname,rail,railname,not_hour,not_hourname,not_min,not_minname,arr_hour,arr_hourname,arr_min,arr_minname,hosp_hr,hosp_hrname,hosp_mn,hosp_mnname,cf1,cf1name,cf2,cf2name,cf3,cf3name,fatals,drunk_dr
2023,51,510700,Virginia,1,1,0,0,0,1,1,550,CHESAPEAKE(CITY) (550),468,CHESAPEAKE,2,2,10,October,2023,2,Monday,23,11:00pm-11:59pm,41,41,0,This Section IS NOT on the NHS,2,Urban,4,Minor Arterial,4,City or Municipal Highway Agency,3,State Highway,SR-190/KEMPSVILLE RD,,38,38,36.73372500,36.73372500,-76.238788890,-76.23878889,0,No Special Jurisdiction,24,Guardrail Face,0,The First Harmful Event was Not a Collision with a Motor Vehicle in Transport,0,No,1,Non-Junction,1,Not an Intersection,0,None,,,4,On Roadside,3,Dark - Lighted,,,,,98,Not Reported,0,No,0000000,Not Applicable,99,Unknown,99,Unknown,99,Unknown EMS Scene Arrival Hour,99,Unknown EMS Scene Arrival Minutes,99,Unknown,99,Unknown EMS Hospital Arrival Time,,,,,,,1,
2023,51,510701,Virginia,1,1,0,0,0,1,1,197,WYTHE (197),0,NOT APPLICABLE,18,18,10,October,2023,4,Wednesday,13,1:00pm-1:59pm,27,27,0,This Section IS NOT on the NHS,1,Rural,4,Minor Arterial,1,State Highway Agency,2,U.S. Highway,US-52,,334,334,36.90498333,36.90498333,-80.922902780,-80.92290278,0,No Special Jurisdiction,34,Ditch,0,The First Harmful Event was Not a Collision with a Motor Vehicle in Transport,0,No,1,Non-Junction,1,Not an Intersection,0,None,,,4,On Roadside,1,Daylight,,,,,98,Not Reported,0,No,0000000,Not Applicable,99,Unknown,98,Unknown if Notified,99,Unknown EMS Scene Arrival Hour,98,Unknown if Arrived,88,"Not Applicable (Not Transported) ",88,Not Applicable (Not Transported),,,,,,,1,
2023,51,510702,Virginia,1,1,0,0,0,1,1,700,NEWPORT NEWS (CITY) (700),1720,NEWPORT NEWS,18,18,10,October,2023,4,Wednesday,23,11:00pm-11:59pm,45,45,0,This Section IS NOT on the NHS,2,Urban,5,Major Collector,4,City or Municipal Highway Agency,6,Municipal,MU-19 RICHNECK RD,,30,30,37.17523333,37.17523333,-76.514869440,-76.51486944,0,No Special Jurisdiction,42,Tree (Standing Only),0,The First Harmful Event was Not a Collision with a Motor Vehicle in Transport,0,No,1,Non-Junction,1,Not an Intersection,0,None,,,5,Outside Trafficway,2,Dark - Not Lighted,,,,,98,Not Reported,0,No,0000000,Not Applicable,99,Unknown,98,Unknown if Notified,99,Unknown EMS Scene Arrival Hour,98,Unknown if Arrived,88,"Not Applicable (Not Transported) ",88,Not Applicable (Not Transported),,,,,,,1,
2023,51,510703,Virginia,1,1,0,0,0,2,2,85,HANOVER (85),0,NOT APPLICABLE,13,13,10,October,2023,6,Friday,19,7:00pm-7:59pm,33,33,1,This Section IS ON the NHS,1,Rural,1,Interstate,1,State Highway Agency,1,Interstate,I-95,,880,880,37.70255278,37.70255278,-77.448877780,-77.44887778,0,No Special Jurisdiction,42,Tree (Standing Only),0,The First Harmful Event was Not a Collision with a Motor Vehicle in Transport,0,No,1,Non-Junction,1,Not an Intersection,0,None,,,4,On Roadside,2,Dark - Not Lighted,,,,,98,Not Reported,0,No,0000000,Not Applicable,99,Unknown,98,Unknown if Notified,99,Unknown EMS Scene Arrival Hour,98,Unknown if Arrived,88,"Not Applicable (Not Transported) ",88,Not Applicable (Not Transported),,,,,,,2,
2023,51,510704,Virginia,1,1,0,0,0,2,2,191,WASHINGTON (191),0,NOT APPLICABLE,19,19,10,October,2023,5,Thursday,17,5:00pm-5:59pm,24,24,0,This Section IS NOT on the NHS,1,Rural,6,Minor Collector,1,State Highway Agency,4,County,CR-0670,,59,59,36.63459722,36.63459722,-81.995322220,-81.99532222,0,No Special Jurisdiction,30,Utility Pole/Light Support,0,The First Harmful Event was Not a Collision with a Motor Vehicle in Transport,0,No,1,Non-Junction,1,Not an Intersection,0,None,,,4,On Roadside,5,Dusk,,,,,98,Not Reported,0,No,0000000,Not Applicable,99,Unknown,98,Unknown if Notified,99,Unknown EMS Scene Arrival Hour,98,Unknown if Arrived,88,"Not Applicable (Not Transported) ",88,Not Applicable (Not Transported),,,,,,,1,
2023,51,510705,Virginia,1,1,0,0,0,1,1,31,CAMPBELL (31),0,NOT APPLICABLE,19,19,10,October,2023,5,Thursday,0,0:00am-0:59am,1,1,0,This Section IS NOT on the NHS,2,Urban,4,Minor Arterial,1,State Highway Agency,2,U.S. Highway,US-501,,672,672,37.36858056,37.36858056,-79.113311110,-79.11331111,0,No Special Jurisdiction,5,Fell/Jumped from Vehicle,0,The First Harmful Event was Not a Collision with a Motor Vehicle in Transport,0,No,1,Non-Junction,1,Not an Intersection,0,None,,,2,On Shoulder,2,Dark - Not Lighted,,,,,98,Not Reported,0,No,0000000,Not Applicable,99,Unknown,98,Unknown if Notified,99,Unknown EMS Scene Arrival Hour,98,Unknown if Arrived,88,"Not Applicable (Not Transported) ",88,Not Applicable (Not Transported),,,,,,,1,
2023,51,510706,Virginia,1,1,0,0,0,1,1,9,AMHERST (9),0,NOT APPLICABLE,20,20,10,October,2023,6,Friday,0,0:00am-0:59am,20,20,0,This Section IS NOT on the NHS,1,Rural,6,Minor Collector,1,State Highway Agency,4,County,CR-684,,14,14,37.45195833,37.45195833,-79.141847220,-79.14184722,0,No Special Jurisdiction,42,Tree (Standing Only),0,The First Harmful Event was Not a Collision with a Motor Vehicle in Transport,0,No,1,Non-Junction,1,Not an Intersection,0,None,,,4,On Roadside,2,Dark - Not Lighted,,,,,98,Not Reported,0,No,0000000,Not Applicable,99,Unknown,99,Unknown,99,Unknown EMS Scene Arrival Hour,99,Unknown EMS Scene Arrival Minutes,88,"Not Applicable (Not Transported) ",88,Not Applicable (Not Transported),,,,,,,1,
2023,51,510707,Virginia,2,2,0,0,0,2,2,59,FAIRFAX (59),0,NOT APPLICABLE,21,21,10,October,2023,7,Saturday,2,2:00am-2:59am,7,7,1,This Section IS ON the NHS,2,Urban,1,Interstate,1,State Highway Agency,1,Interstate,I-495,,62,62,38.84653611,38.84653611,-77.219952780,-77.21995278,0,No Special Jurisdiction,12,Motor Vehicle In-Transport,2,Front-to-Front,0,No,1,Non-Junction,1,Not an Intersection,0,None,,,1,On Roadway,3,Dark - Lighted,,,,,98,Not Reported,0,No,0000000,Not Applicable,99,Unknown,99,Unknown,99,Unknown EMS Scene Arrival Hour,99,Unknown EMS Scene Arrival Minutes,99,Unknown,99,Unknown EMS Hospital Arrival Time,,,,,,,1,
2023,51,510708,Virginia,2,2,0,0,0,2,2,197,WYTHE (197),0,NOT APPLICABLE,11,11,10,October,2023,4,Wednesday,13,1:00pm-1:59pm,50,50,0,This Section IS NOT on the NHS,1,Rural,5,Major Collector,1,State Highway Agency,4,County,CR-44,CEDAR RUN DR,31,31,36.94932222,36.94932222,-80.893961110,-80.89396111,0,No Special Jurisdiction,12,Motor Vehicle In-Transport,2,Front-to-Front,0,No,2,Intersection,3,T-Intersection,0,None,,,1,On Roadway,1,Daylight,,,,,98,Not Reported,0,No,0000000,Not Applicable,99,Unknown,99,Unknown,99,Unknown EMS Scene Arrival Hour,99,Unknown EMS Scene Arrival Minutes,99,Unknown,99,Unknown EMS Hospital Arrival Time,,,,,,,1,
2023,51,510709,Virginia,1,1,0,0,0,1,1,199,YORK (199),0,NOT APPLICABLE,20,20,10,October,2023,6,Friday,18,6:00pm-6:59pm,36,36,1,This Section IS ON the NHS,2,Urban,1,Interstate,1,State Highway Agency,1,Interstate,I-64/RAMP,,1,1,37.25794722,37.25794722,-76.647916670,-76.64791667,0,No Special Jurisdiction,42,Tree (Standing Only),0,The First Harmful Event was Not a Collision with a Motor Vehicle in Transport,1,Yes,5,Entrance/Exit Ramp Related,1,Not an Intersection,0,None,,,4,On Roadside,2,Dark - Not Lighted,,,,,2,Rain,0,No,0000000,Not Applicable,99,Unknown,98,Unknown if Notified,99,Unknown EMS Scene Arrival Hour,98,Unknown if Arrived,88,"Not Applicable (Not Transported) ",88,Not Applicable (Not Transported),,,,,,,1,
2023,51,510710,Virginia,1,1,0,0,0,1,1,31,CAMPBELL (31),0,NOT APPLICABLE,21,21,10,October,2023,7,Saturday,0,0:00am-0:59am,35,35,0,This Section IS NOT on the NHS,1,Rural,7,Local,1,State Highway Agency,4,County,CR-651,,52,52,37.21578056,37.21578056,-79.008230560,-79.00823056,0,No Special Jurisdiction,42,Tree (Standing Only),0,The First Harmful Event was Not a Collision with a Motor Vehicle in Transport,0,No,1,Non-Junction,1,Not an Intersection,0,None,,,4,On Roadside,2,Dark - Not Lighted,,,,,98,Not Reported,0,No,0000000,Not Applicable,99,Unknown,99,Unknown,99,Unknown EMS Scene Arrival Hour,99,Unknown EMS Scene Arrival Minutes,99,Unknown,99,Unknown EMS Hospital Arrival Time,,,,,,,1,
2023,51,510711,Virginia,1,1,0,0,0,2,2,117,MECKLENBURG (117),2290,SOUTH HILL,22,22,10,October,2023,1,Sunday,1,1:00am-1:59am,7,7,0,This Section IS NOT on the NHS,2,Urban,6,Minor Collector,3,Town or Township Highway Agency,6,Municipal,MU-8 MAIN ST,,3,3,36.72603611,36.72603611,-78.130813890,-78.13081389,0,No Special Jurisdiction,19,Building,0,The First Harmful Event was Not a Collision with a Motor Vehicle in Transport,0,No,1,Non-Junction,1,Not an Intersection,0,None,,,4,On Roadside,3,Dark - Lighted,,,,,98,Not Reported,0,No,0000000,Not Applicable,99,Unknown,98,Unknown if Notified,99,Unknown EMS Scene Arrival Hour,98,Unknown if Arrived,88,"Not Applicable (Not Transported) ",88,Not Applicable (Not Transported),,,,,,,2,
2023,51,510712,Virginia,2,1,1,0,1,1,2,41,CHESTERFIELD (41),0,NOT APPLICABLE,21,21,10,October,2023,7,Saturday,18,6:00pm-6:59pm,8,8,0,This Section IS NOT on the NHS,2,Urban,7,Local,99,Unknown,99,Unknown/Not Reported,BRISON FORD DRIVE,,99999,Unknown,37.43608056,37.43608056,-77.505983330,-77.50598333,9,Unknown,1,Rollover/Overturn,0,The First Harmful Event was Not a Collision with a Motor Vehicle in Transport,0,No,1,Non-Junction,1,Not an Intersection,0,None,,,1,On Roadway,1,Daylight,,,,,98,Not Reported,0,No,0000000,Not Applicable,99,Unknown,99,Unknown,99,Unknown EMS Scene Arrival Hour,99,Unknown EMS Scene Arrival Minutes,99,Unknown,99,Unknown EMS Hospital Arrival Time,,,,,,,1,
2023,51,510713,Virginia,1,1,0,1,1,1,1,107,LOUDOUN (107),0,NOT APPLICABLE,23,23,10,October,2023,2,Monday,17,5:00pm-5:59pm,46,46,0,This Section IS NOT on the NHS,2,Urban,7,Local,1,State Highway Agency,4,County,CR-0893,OLD RYAN ROAD,2,2,38.99248889,38.99248889,-77.508691670,-77.50869167,0,No Special Jurisdiction,8,Pedestrian,0,The First Harmful Event was Not a Collision with a Motor Vehicle in Transport,0,No,3,Intersection-Related,2,Four-Way Intersection,0,None,,,1,On Roadway,1,Daylight,,,,,98,Not Reported,0,No,0000000,Not Applicable,99,Unknown,99,Unknown,99,Unknown EMS Scene Arrival Hour,99,Unknown EMS Scene Arrival Minutes,99,Unknown,99,Unknown EMS Hospital Arrival Time,,,,,,,1,
2023,51,510714,Virginia,1,1,0,0,0,1,1,83,HALIFAX (83),0,NOT APPLICABLE,25,25,10,October,2023,4,Wednesday,15,3:00pm-3:59pm,1,1,0,This Section IS NOT on the NHS,1,Rural,5,Major Collector,1,State Highway Agency,3,State Highway,SR-57/CHATHAMRD,,838,838,36.81636389,36.81636389,-79.024633330,-79.02463333,0,No Special Jurisdiction,42,Tree (Standing Only),0,The First Harmful Event was Not a Collision with a Motor Vehicle in Transport,0,No,1,Non-Junction,1,Not an Intersection,0,None,,,4,On Roadside,1,Daylight,,,,,98,Not Reported,0,No,0000000,Not Applicable,99,Unknown,98,Unknown if Notified,99,Unknown EMS Scene Arrival Hour,98,Unknown if Arrived,88,"Not Applicable (Not Transported) ",88,Not Applicable (Not Transported),,,,,,,1,
2023,51,510715,Virginia,1,1,0,0,0,2,2,89,HENRY (89),0,NOT APPLICABLE,25,25,10,October,2023,4,Wednesday,14,2:00pm-2:59pm,10,10,0,This Section IS NOT on the NHS,1,Rural,5,Major Collector,1,State Highway Agency,4,County,CR-0687,,22,22,36.72618056,36.72618056,-80.065511110,-80.06551111,0,No Special Jurisdiction,42,Tree (Standing Only),0,The First Harmful Event was Not a Collision with a Motor Vehicle in Transport,0,No,1,Non-Junction,1,Not an Intersection,0,None,,,4,On Roadside,1,Daylight,,,,,98,Not Reported,0,No,0000000,Not Applicable,99,Unknown,99,Unknown,99,Unknown EMS Scene Arrival Hour,99,Unknown EMS Scene Arrival Minutes,99,Unknown,99,Unknown EMS Hospital Arrival Time,,,,,,,1,
2023,51,510716,Virginia,1,1,0,1,1,1,1,59,FAIRFAX (59),0,NOT APPLICABLE,23,23,10,October,2023,2,Monday,20,8:00pm-8:59pm,21,21,0,This Section IS NOT on the NHS,2,Urban,4,Minor Arterial,1,State Highway Agency,4,County,CR-0606,,4,4,38.96647778,38.96647778,-77.356897220,-77.35689722,0,No Special Jurisdiction,8,Pedestrian,0,The First Harmful Event was Not a Collision with a Motor Vehicle in Transport,0,No,1,Non-Junction,1,Not an Intersection,0,None,,,1,On Roadway,3,Dark - Lighted,,,,,98,Not Reported,0,No,0000000,Not Applicable,99,Unknown,99,Unknown,99,Unknown EMS Scene Arrival Hour,99,Unknown EMS Scene Arrival Minutes,99,Unknown,99,Unknown EMS Hospital Arrival Time,,,,,,,1,
2023,51,510717,Virginia,1,1,0,0,0,1,1,167,RUSSELL (167),0,NOT APPLICABLE,26,26,10,October,2023,5,Thursday,9,9:00am-9:59am,3,3,0,This Section IS NOT on the NHS,1,Rural,6,Minor Collector,1,State Highway Agency,4,County,CR-0632,,28,28,37.10084722,37.10084722,-81.932652780,-81.93265278,0,No Special Jurisdiction,1,Rollover/Overturn,0,The First Harmful Event was Not a Collision with a Motor Vehicle in Transport,0,No,1,Non-Junction,1,Not an Intersection,0,None,,,4,On Roadside,1,Daylight,,,,,98,Not Reported,0,No,0000000,Not Applicable,99,Unknown,99,Unknown,99,Unknown EMS Scene Arrival Hour,99,Unknown EMS Scene Arrival Minutes,99,Unknown,99,Unknown EMS Hospital Arrival Time,,,,,,,1,
2023,51,510718,Virginia,1,1,0,0,0,3,3,660,HARRISONBURG (CITY) (660),1190,HARRISONBURG,28,28,10,October,2023,7,Saturday,3,3:00am-3:59am,24,24,0,This Section IS NOT on the NHS,2,Urban,4,Minor Arterial,4,City or Municipal Highway Agency,6,Municipal,MU-1 VINE ST,,11,11,38.46040556,38.46040556,-78.847538890,-78.84753889,0,No Special Jurisdiction,33,Curb,0,The First Harmful Event was Not a Collision with a Motor Vehicle in Transport,0,No,1,Non-Junction,1,Not an Intersection,0,None,,,4,On Roadside,3,Dark - Lighted,,,,,98,Not Reported,0,No,0000000,Not Applicable,99,Unknown,99,Unknown,99,Unknown EMS Scene Arrival Hour,99,Unknown EMS Scene Arrival Minutes,99,Unknown,99,Unknown EMS Hospital Arrival Time,,,,,,,1,
2023,51,510719,Virginia,2,2,0,0,0,2,2,730,PETERSBURG (CITY) (730),1910,PETERSBURG,26,26,10,October,2023,5,Thursday,11,11:00am-11:59am,55,55,0,This Section IS NOT on the NHS,1,Rural,5,Major Collector,4,City or Municipal Highway Agency,6,Municipal,MU-9013 HALIFAX RD,FLANK RD,5,5,37.16759722,37.16759722,-77.415825000,-77.41582500,0,No Special Jurisdiction,12,Motor Vehicle In-Transport,6,Angle,0,No,2,Intersection,3,T-Intersection,0,None,,,1,On Roadway,1,Daylight,,,,,98,Not Reported,0,No,0000000,Not Applicable,99,Unknown,99,Unknown,99,Unknown EMS Scene Arrival Hour,99,Unknown EMS Scene Arrival Minutes,99,Unknown,99,Unknown EMS Hospital Arrival Time,,,,,,,1,
2023,51,510720,Virginia,1,1,0,0,0,1,1,810,VIRGINIA BEACH (CITY) (810),2540,VIRGINIA BEACH,28,28,10,October,2023,7,Saturday,15,3:00pm-3:59pm,9,9,0,This Section IS NOT on the NHS,2,Urban,5,Major Collector,4,City or Municipal Highway Agency,6,Municipal,MU-8667 SALEM RD,,102,102,36.75074722,36.75074722,-76.108772220,-76.10877222,0,No Special Jurisdiction,53,Mail Box,0,The First Harmful Event was Not a Collision with a Motor Vehicle in Transport,0,No,1,Non-Junction,1,Not an Intersection,0,None,,,4,On Roadside,1,Daylight,,,,,98,Not Reported,0,No,0000000,Not Applicable,99,Unknown,98,Unknown if Notified,99,Unknown EMS Scene Arrival Hour,98,Unknown if Arrived,88,"Not Applicable (Not Transported) ",88,Not Applicable (Not Transported),,,,,,,1,
2023,51,510721,Virginia,3,3,0,0,0,4,4,73,GLOUCESTER (73),0,NOT APPLICABLE,29,29,10,October,2023,1,Sunday,12,12:00pm-12:59pm,14,14,1,This Section IS ON the NHS,1,Rural,3,Other Principal Arterial,1,State Highway Agency,2,U.S. Highway,US-17,WOODS CROSS RD,881,881,37.47796389,37.47796389,-76.616186110,-76.61618611,0,No Special Jurisdiction,12,Motor Vehicle In-Transport,6,Angle,0,No,2,Intersection,2,Four-Way Intersection,0,None,,,1,On Roadway,1,Daylight,,,,,98,Not Reported,0,No,0000000,Not Applicable,99,Unknown,99,Unknown,99,Unknown EMS Scene Arrival Hour,99,Unknown EMS Scene Arrival Minutes,99,Unknown,99,Unknown EMS Hospital Arrival Time,,,,,,,1,
2023,51,510722,Virginia,2,2,0,0,0,3,3,810,VIRGINIA BEACH (CITY) (810),2540,VIRGINIA BEACH,29,29,10,October,2023,1,Sunday,18,6:00pm-6:59pm,22,22,0,This Section IS NOT on the NHS,2,Urban,4,Minor Arterial,4,City or Municipal Highway Agency,6,Municipal,MU-13 ROSEMONT RD,ROSEMONT RD,1,1,36.82992222,36.82992222,-76.095425000,-76.09542500,0,No Special Jurisdiction,12,Motor Vehicle In-Transport,6,Angle,0,No,2,Intersection,2,Four-Way Intersection,0,None,,,1,On Roadway,5,Dusk,,,,,98,Not Reported,0,No,0000000,Not Applicable,99,Unknown,99,Unknown,99,Unknown EMS Scene Arrival Hour,99,Unknown EMS Scene Arrival Minutes,99,Unknown,99,Unknown EMS Hospital Arrival Time,,,,,,,1,
2023,51,510723,Virginia,2,2,0,0,0,2,2,710,NORFOLK (CITY) (710),1760,NORFOLK,25,25,10,October,2023,4,Wednesday,18,6:00pm-6:59pm,45,45,0,This Section IS NOT on the NHS,2,Urban,7,Local,4,City or Municipal Highway Agency,6,Municipal,MU-122 BLUESTONE AVE,49TH ST,44,44,36.88780556,36.88780556,-76.305980560,-76.30598056,0,No Special Jurisdiction,12,Motor Vehicle In-Transport,1,Front-to-Rear,0,No,2,Intersection,3,T-Intersection,0,None,,,1,On Roadway,3,Dark - Lighted,,,,,98,Not Reported,0,No,0000000,Not Applicable,99,Unknown,99,Unknown,99,Unknown EMS Scene Arrival Hour,99,Unknown EMS Scene Arrival Minutes,99,Unknown,99,Unknown EMS Hospital Arrival Time,,,,,,,1,
2023,51,510724,Virginia,2,2,0,0,0,2,2,191,WASHINGTON (191),0,NOT APPLICABLE,24,24,10,October,2023,3,Tuesday,14,2:00pm-2:59pm,21,21,1,This Section IS ON the NHS,1,Rural,3,Other Principal Arterial,1,State Highway Agency,2,U.S. Highway,US-58,,1218,1218,36.65000556,36.65000556,-81.836166670,-81.83616667,0,No Special Jurisdiction,12,Motor Vehicle In-Transport,6,Angle,0,No,1,Non-Junction,1,Not an Intersection,4,"Work Zone, Type Unknown",,,1,On Roadway,1,Daylight,,,,,98,Not Reported,0,No,0000000,Not Applicable,99,Unknown,99,Unknown,99,Unknown EMS Scene Arrival Hour,99,Unknown EMS Scene Arrival Minutes,99,Unknown,99,Unknown EMS Hospital Arrival Time,,,,,,,1,
2023,51,510725,Virginia,2,2,0,0,0,3,3,107,LOUDOUN (107),0,NOT APPLICABLE,25,25,10,October,2023,4,Wednesday,22,10:00pm-10:59pm,50,50,0,This Section IS NOT on the NHS,2,Urban,4,Minor Arterial,1,State Highway Agency,4,County,CR-195,,0,None,39.00186111,39.00186111,-77.475486110,-77.47548611,0,No Special Jurisdiction,59,"Traffic Sign Support ",0,The First Harmful Event was Not a Collision with a Motor Vehicle in Transport,0,No,1,Non-Junction,1,Not an Intersection,0,None,,,3,On Median,2,Dark - Not Lighted,,,,,98,Not Reported,0,No,0000000,Not Applicable,99,Unknown,98,Unknown if Notified,99,Unknown EMS Scene Arrival Hour,98,Unknown if Arrived,88,"Not Applicable (Not Transported) ",88,Not Applicable (Not Transported),,,,,,,3,
2023,51,510726,Virginia,1,1,0,0,0,1,1,85,HANOVER (85),0,NOT APPLICABLE,28,28,10,October,2023,7,Saturday,17,5:00pm-5:59pm,10,10,0,This Section IS NOT on the NHS,1,Rural,4,Minor Arterial,1,State Highway Agency,2,U.S. Highway,US-1,,1175,1175,37.88458333,37.88458333,-77.465194440,-77.46519444,0,No Special Jurisdiction,1,Rollover/Overturn,0,The First Harmful Event was Not a Collision with a Motor Vehicle in Transport,0,No,1,Non-Junction,1,Not an Intersection,0,None,,,1,On Roadway,1,Daylight,,,,,98,Not Reported,0,No,0000000,Not Applicable,99,Unknown,98,Unknown if Notified,99,Unknown EMS Scene Arrival Hour,98,Unknown if Arrived,88,"Not Applicable (Not Transported) ",88,Not Applicable (Not Transported),,,,,,,1,
2023,51,510727,Virginia,1,1,0,0,0,1,1,550,CHESAPEAKE(CITY) (550),468,CHESAPEAKE,28,28,10,October,2023,7,Saturday,23,11:00pm-11:59pm,21,21,0,This Section IS NOT on the NHS,1,Rural,7,Local,99,Unknown,6,Municipal,MU-131    FENTRESS AIRFIELD RD,,10,10,36.69466667,36.69466667,-76.113038890,-76.11303889,0,No Special Jurisdiction,34,Ditch,0,The First Harmful Event was Not a Collision with a Motor Vehicle in Transport,0,No,1,Non-Junction,1,Not an Intersection,0,None,,,4,On Roadside,2,Dark - Not Lighted,,,,,98,Not Reported,0,No,0000000,Not Applicable,99,Unknown,98,Unknown if Notified,99,Unknown EMS Scene Arrival Hour,98,Unknown if Arrived,88,"Not Applicable (Not Transported) ",88,Not Applicable (Not Transported),,,,,,,1,
2023,51,510728,Virginia,2,2,0,0,0,2,2,700,NEWPORT NEWS (CITY) (700),1720,NEWPORT NEWS,20,20,10,October,2023,6,Friday,18,6:00pm-6:59pm,34,34,0,This Section IS NOT on the NHS,2,Urban,4,Minor Arterial,4,City or Municipal Highway Agency,3,State Highway,SR-173/DENBIGH BLVD,DENBIGH BLVD,41,41,37.15224167,37.15224167,-76.507558330,-76.50755833,0,No Special Jurisdiction,12,Motor Vehicle In-Transport,6,Angle,1,Yes,2,Intersection,2,Four-Way Intersection,0,None,,,1,On Roadway,5,Dusk,,,,,2,Rain,0,No,0000000,Not Applicable,99,Unknown,99,Unknown,99,Unknown EMS Scene Arrival Hour,99,Unknown EMS Scene Arrival Minutes,99,Unknown,99,Unknown EMS Hospital Arrival Time,,,,,,,1,
2023,51,510729,Virginia,1,1,0,0,0,2,2,119,MIDDLESEX (119),0,NOT APPLICABLE,31,31,10,October,2023,3,Tuesday,19,7:00pm-7:59pm,15,15,0,This Section IS NOT on the NHS,1,Rural,5,Major Collector,1,State Highway Agency,4,County,CR-602,,77,77,37.64803889,37.64803889,-76.604480560,-76.60448056,0,No Special Jurisdiction,11,Live Animal,0,The First Harmful Event was Not a Collision with a Motor Vehicle in Transport,0,No,1,Non-Junction,1,Not an Intersection,0,None,,,1,On Roadway,2,Dark - Not Lighted,,,,,2,Rain,0,No,0000000,Not Applicable,99,Unknown,99,Unknown,99,Unknown EMS Scene Arrival Hour,99,Unknown EMS Scene Arrival Minutes,99,Unknown,99,Unknown EMS Hospital Arrival Time,,,,,,,1,
2023,51,510730,Virginia,1,1,0,1,1,1,1,700,NEWPORT NEWS (CITY) (700),1720,NEWPORT NEWS,15,15,10,October,2023,1,Sunday,18,6:00pm-6:59pm,10,10,1,This Section IS ON the NHS,2,Urban,1,Interstate,1,State Highway Agency,1,Interstate,I-64,,2571,2571,37.10717222,37.10717222,-76.474311110,-76.47431111,0,No Special Jurisdiction,8,Pedestrian,0,The First Harmful Event was Not a Collision with a Motor Vehicle in Transport,0,No,1,Non-Junction,1,Not an Intersection,0,None,,,1,On Roadway,1,Daylight,,,,,98,Not Reported,0,No,0000000,Not Applicable,99,Unknown,99,Unknown,99,Unknown EMS Scene Arrival Hour,99,Unknown EMS Scene Arrival Minutes,99,Unknown,99,Unknown EMS Hospital Arrival Time,,,,,,,1,
2023,51,510731,Virginia,2,2,0,0,0,2,2,59,FAIRFAX (59),0,NOT APPLICABLE,31,31,10,October,2023,3,Tuesday,18,6:00pm-6:59pm,41,41,0,This Section IS NOT on the NHS,2,Urban,4,Minor Arterial,1,State Highway Agency,4,County,CR-611,TELEGRAPH RD,86,86,38.72940556,38.72940556,-77.176097220,-77.17609722,0,No Special Jurisdiction,12,Motor Vehicle In-Transport,6,Angle,0,No,2,Intersection,2,Four-Way Intersection,0,None,,,1,On Roadway,5,Dusk,,,,,98,Not Reported,0,No,0000000,Not Applicable,99,Unknown,99,Unknown,99,Unknown EMS Scene Arrival Hour,99,Unknown EMS Scene Arrival Minutes,99,Unknown,99,Unknown EMS Hospital Arrival Time,,,,,,,1,
2023,51,510732,Virginia,1,1,0,0,0,1,1,93,ISLE OF WIGHT (93),0,NOT APPLICABLE,19,19,10,October,2023,5,Thursday,20,8:00pm-8:59pm,3,3,0,This Section IS NOT on the NHS,1,Rural,7,Local,1,State Highway Agency,4,County,CR-604,,0,None,36.89486111,36.89486111,-76.564113890,-76.56411389,0,No Special Jurisdiction,53,Mail Box,0,The First Harmful Event was Not a Collision with a Motor Vehicle in Transport,0,No,1,Non-Junction,1,Not an Intersection,0,None,,,4,On Roadside,2,Dark - Not Lighted,,,,,2,Rain,0,No,0000000,Not Applicable,99,Unknown,99,Unknown,99,Unknown EMS Scene Arrival Hour,99,Unknown EMS Scene Arrival Minutes,99,Unknown,99,Unknown EMS Hospital Arrival Time,,,,,,,1,
2023,51,510733,Virginia,1,1,0,0,0,1,1,61,FAUQUIER (61),125,BEALETON,4,4,10,October,2023,4,Wednesday,14,2:00pm-2:59pm,28,28,1,This Section IS ON the NHS,1,Rural,3,Other Principal Arterial,1,State Highway Agency,2,U.S. Highway,US-17,,1974,1974,38.48472778,38.48472778,-77.681141670,-77.68114167,0,No Special Jurisdiction,42,Tree (Standing Only),0,The First Harmful Event was Not a Collision with a Motor Vehicle in Transport,0,No,1,Non-Junction,1,Not an Intersection,0,None,,,4,On Roadside,1,Daylight,,,,,98,Not Reported,0,No,0000000,Not Applicable,99,Unknown,98,Unknown if Notified,99,Unknown EMS Scene Arrival Hour,98,Unknown if Arrived,88,"Not Applicable (Not Transported) ",88,Not Applicable (Not Transported),,,,,,,1,
2023,51,510734,Virginia,1,1,0,1,1,1,1,61,FAUQUIER (61),0,NOT APPLICABLE,7,7,10,October,2023,7,Saturday,3,3:00am-3:59am,25,25,1,This Section IS ON the NHS,1,Rural,3,Other Principal Arterial,1,State Highway Agency,2,U.S. Highway,US-15,,1791,1791,38.64143889,38.64143889,-77.804402780,-77.80440278,0,No Special Jurisdiction,8,Pedestrian,0,The First Harmful Event was Not a Collision with a Motor Vehicle in Transport,0,No,1,Non-Junction,1,Not an Intersection,0,None,,,1,On Roadway,2,Dark - Not Lighted,,,,,98,Not Reported,0,No,0000000,Not Applicable,99,Unknown,99,Unknown,99,Unknown EMS Scene Arrival Hour,99,Unknown EMS Scene Arrival Minutes,99,Unknown,99,Unknown EMS Hospital Arrival Time,,,,,,,1,